Alpha,Capacitance,Load_Capacitance,Voltage,Frequency,Temperature,Leakage_Current,Gates,Power,Switching_Power_Component,Leakage_Power_Component
0.43708610696262623,4.542719682496979,2.1813836831001434,1.1497691706103375,378.4992399454867,27.38966714207173,0.006743301115349566,6111,1470.5866899903,1470.5768131640145,0.009876826285501555
0.9556428757689246,5.260920934375193,1.9981044330413147,1.322722740758816,133.0303980194202,24.860298367041604,0.0051336320818077385,7119,1614.5992706472289,1614.5907921686178,0.008478478611195677
0.7587945476302645,8.690926538819623,1.2926926062628703,1.1938667464594332,205.98786246644877,68.33535605949312,0.009680486723775469,3394,2224.177012508856,2224.15755763625,0.019454872605647617
0.6387926357773329,4.060039474539029,3.232700015456696,0.8583118081782575,348.4762865860182,97.28930579942039,0.002970806058858144,2416,1195.9577364679915,1195.952705831544,0.005030636447348211
0.24041677639819287,8.826847163309541,2.64480872228883,0.9299061657484888,266.940205036016,60.21770471637792,0.006290707743990467,8843,636.6335453727888,636.6241730088993,0.009372363889548378
0.2403950683025824,1.7932098787902233,4.3956544654580165,0.9535297288216434,382.3569673857022,24.121218075144412,0.007301890134912004,9431,517.2270836115706,517.218441585721,0.00864202584959339
0.15227525095137953,7.991185934877676,0.6444931121692621,0.9805049775513914,482.54355555028684,37.697492486196495,0.008430080404108435,7053,610.0564804680215,610.045098757093,0.011381710928535495
0.8795585311974417,8.627928697492628,3.3974056739980685,1.195782374365353,102.44600947183888,39.583432513261656,0.004662739273852064,2777,1549.3995641946813,1549.3917815508914,0.00778264378980439
0.6410035105688879,2.6363588755360485,3.933269953302025,1.1527760458777754,369.3054723791274,47.028570330956,0.007182297168917334,7314,2066.709470576827,2066.697297228531,0.012173348295579497
0.737265320016441,4.873118791349804,3.9176895613473817,0.9422120268549463,153.65487003445153,23.48827068689701,0.003728813242458545,6764,884.09384230206,884.0895037482863,0.0043385537736406994
0.1185260448662222,2.4894979719729005,4.487332851929863,0.847288390418981,236.51452733340616,92.3914160398333,0.004919284831256383,5158,140.41616910704423,140.40815013099729,0.008018976046944237
0.9729188669457949,7.35943716094796,3.7806518427327234,0.9200025431323027,64.78822660781292,61.245115577719616,0.009060644180830593,5146,594.3595643147427,594.346123219101,0.013441095641720678
0.8491983767203796,5.818129912554911,4.675145277414633,1.4890669188330223,111.15832203171452,73.67446343632872,0.00954916848397859,3631,2196.3194840127026,2196.294788631337,0.02469538136555869
0.29110519961044856,6.717910120374889,1.9969546991940117,1.1279828648540307,193.89978007200486,25.37382695160072,0.007469356122345384,6440,625.8932507878935,625.8826876596831,0.010563128210399439
0.26364247048639056,2.7683827026059005,2.764442375381944,1.4071418532914788,203.89361237959324,24.329237424291954,0.004369167016985666,4389,588.9078336230948,588.9001898146144,0.00764380848050067
0.2650640588680904,2.9057127584717755,0.563358484773008,1.3941267266681903,454.81334740794307,66.91742176324378,0.008380520109771977,1669,812.8533316312228,812.8338298224527,0.01950180877012191
0.37381801866358394,1.3734759295891572,0.5313091428648105,1.1580636902240116,383.8158091699318,90.98368084033665,0.0012328037355287817,4561,366.5195883719277,366.516861764296,0.0027266076317103475
0.5722807884690141,3.8986078167615674,1.5805697920318396,1.2946813959223804,487.4823356841685,62.27856007676376,0.0019247131948547896,7233,2562.1817225082073,2562.1776787044028,0.004043803804417037
0.4887505167779042,6.037701952003075,0.9536323871258836,0.9349264072888986,319.5821796508582,90.22553380560572,0.0069523636273782505,6541,954.5316532989789,954.5192887375363,0.012364561442662802
0.36210622617823773,8.721414225975959,1.6709511557108914,1.2818776934488358,158.7711794410931,84.87930184441915,0.003621237177430517,8658,981.7910021369073,981.7824200708486,0.008582066058749218
0.6506676052501416,7.002347027128127,1.2966948253777884,0.9906692054843027,197.44476346473928,26.068302863593658,0.0095624759656043,9807,1046.3935244059403,1046.38158163985,0.011942766090152592
0.22554447458683766,4.918566910597763,0.6283401117739171,1.3824434677279056,193.9261654813852,36.15659795085519,0.004924545508830743,5658,463.6848774010822,463.67560798819375,0.009269412888420429
0.36293018368169633,9.57808102954724,4.591868658827222,0.858606893176237,196.92244744846323,72.6168535324274,0.004864283383502594,8421,746.5855103101682,746.578300954777,0.007209355391176518
0.4297256589643225,7.473206805182487,0.5370040912500118,1.3411970710196943,352.8338779003171,55.48011060400333,0.0071027155917183825,8461,2184.7092709986196,2184.6944597435154,0.014811255104006452
0.5104629857953323,9.37148682576295,3.812369649516884,0.8699558345980337,288.8635676406873,43.255985091753644,0.007908117060755707,6630,1471.2850199465831,1471.2751643465585,0.009855600024649195
0.8066583652537123,5.748291759449491,1.1846654911378245,1.4168324658260163,223.44088013898994,53.490708483838326,0.005280028643126229,6355,2508.4750475409105,2508.463565029938,0.01148251097266196
0.2797064039425238,3.3301384731382564,4.6050332989982,1.0129431626945027,117.09039592792247,55.61597170165075,0.0029260081154055175,9012,266.6598822999671,266.6552700294381,0.004612270529001562
0.5628109945722505,1.4754401772824979,4.517581728154486,1.2580753553814024,59.96262332396566,92.84418006572773,0.007959777784530594,5451,320.1316193627,320.11230794599714,0.01931141670287752
0.6331731119758383,7.534763663354655,3.442555158661658,1.141251595034196,148.47560491446166,28.276662696396244,0.0038831614738626488,3664,1344.1213427522837,1344.115657961313,0.005684790970793375
0.14180537144799796,2.0917269820498072,3.525053674102723,1.0564122016836373,98.36213178590657,42.3784597446092,0.0025759969236447185,5862,87.43677712445856,87.43290255867241,0.003874565786141346
0.6467903667112945,3.7249761544477047,0.5240261388635985,1.2518092832284475,403.4502638835077,63.00518532661712,0.00668476170932512,9495,1737.4817738449944,1737.4681334948586,0.013640350135718479
0.2534717113185624,5.792238170955077,4.931922047511209,1.4632660863858666,100.62408101624843,75.86295413044733,0.0018140830029131536,2515,585.6589626763592,585.6542944186234,0.00466825773584395
0.15854643368675156,6.0797492900177295,4.450246716091165,0.8288888231622353,375.9027067880763,70.4509831167395,0.009742174075774495,1583,431.18790258904454,431.1741383667017,0.013764222342867314
0.953996983528,6.4052487728842245,4.527978015785414,1.443196999118173,223.54641039923717,95.33141901899155,0.006691575379709234,9558,4856.417105137892,4856.398241471951,0.018863665940719535
0.9690688297671034,2.4962979731473056,3.466600416728924,1.2263571585147095,83.02027538469919,83.64871398555786,0.009873059688295804,9650,721.511950382198,721.489714384286,0.02223599791204193
0.827557613304815,4.417636643394839,2.0515411789454143,1.3651200105383365,415.7285222442136,64.56614735795442,0.0040500408113077245,1119,4147.627709627232,4147.618611107646,0.009098519586669282
0.37415239225603364,6.5547480440527,4.521418920907164,1.0687124674039943,310.833756606476,37.1746153338806,0.009740846450713582,4284,1471.2692704750805,1471.2549903725962,0.014280102484280006
0.1879049026057455,9.728369781704062,1.8118261766803656,1.1302900823863296,156.09268078860788,56.069938512179185,0.0023100602295576126,8908,432.43193668657983,432.4278616409178,0.004075045662053689
0.7158097238609412,7.548680239297198,3.0322019450399127,1.4081955262608148,452.6065284497006,75.47057953555819,0.0013662529511232562,4254,6797.769315339986,6797.765939371501,0.0033759684847080853
0.49613724436564116,9.30343381384562,0.9487893755474708,1.0903935788668762,70.36624124174816,87.03697398688679,0.001296856544091423,5459,425.55285168441816,425.5502068244044,0.0026448600137376297
0.20983441136030095,7.859908524827594,4.648800335597376,1.1742616967243595,140.81882368899332,96.77889795379099,0.005183833335393045,6565,509.67097767985996,509.65899940018465,0.011978279675327146
0.5456592191001431,6.325452720031604,1.13346705997046,0.814136446159033,388.42111751263747,68.4362212910334,0.0017470377773073531,2968,1047.8416430262212,1047.8392473121535,0.002395714067659467
0.13094966900369656,2.728210322227101,1.5120356257868326,0.9110186040866296,369.2200686394501,62.1535493843546,0.005609510957508416,3531,170.15957555954606,170.15128891508192,0.008286644464126434
0.9183883618709039,7.000170867032617,3.0116037115769676,1.2491805555823599,180.17226217601512,21.415353849691865,0.003947504531580105,7389,2585.096754654176,2585.090767485928,0.005987168248092841
0.33290198344001526,6.610416093639164,3.938418500958417,1.301883830744714,77.9111939087524,25.767925532014395,0.004020660932267041,2929,463.736581771672,463.7299985333002,0.006583238371751516
0.6962700559185838,6.422222534115398,3.287080876713345,1.2078206557491495,436.1351325012247,32.48839981099202,0.006720480968906529,2943,4301.23186030091,4301.221106037669,0.010754263240242224
0.3805399684804699,5.408072811894167,1.5446026076007027,0.9003170253929275,191.16393713145615,24.380794495170246,0.0024678820553645816,9955,409.9699764008223,409.96721281351336,0.0027635873089495154
0.5680612190600297,5.75790943590348,0.5042436913737065,1.1117838000044844,138.07103671771935,52.069059104394114,0.00789898033305758,4296,607.1159556611489,607.1026010196833,0.013354641465487285
0.5920392514089517,4.0099827440629365,3.907177611383476,1.0485663364542328,282.22782006243966,46.950283611109775,0.006238278278007713,6276,1454.5024436949927,1454.4928313116236,0.009612383369044145
0.26636900997297436,5.673814233780728,4.933432966599922,1.1469629408245618,459.6022396771013,70.98833262947143,0.0092345016596276,6725,1708.3305156403746,1708.3124051868208,0.018110453553929706
0.9726261649881027,2.7780031511063044,4.144609041377407,1.409230324187866,69.5959600295189,62.853208634672214,0.0042835658839077105,1901,930.6117442275341,930.6019135432093,0.00983068432480856
0.7976195410250031,8.246569576243392,2.570929781704769,1.3431030070610563,394.61183961389946,67.67766075102878,0.00984443492860413,6965,6142.044876217207,6142.0227057257325,0.022170491475008876
0.9455490474077702,2.6719925922883703,4.56695267629598,0.8587926509724113,307.61295257241903,57.75817623501233,0.00618244882042621,4256,1552.8980834677984,1552.889707389543,0.008376078255346281
0.905344615384884,1.7646966090051976,2.344314529032575,1.423216438442195,241.45210244831762,42.21897188434057,0.009760617605687805,6506,1819.4027686999766,1819.3830123921352,0.019756307841327342
0.6381099809299766,4.926214237214416,2.862203379095604,1.1302370058048765,384.836199847277,96.22602519571817,0.001243545886424038,9933,2443.206759057752,2443.204001097869,0.002757959883030965
0.9296868115208051,6.924766955554556,2.6470839532805748,1.3207035014201989,484.62099099873456,26.91273278081112,0.007551786901711492,4553,7522.223035008746,7522.21037714981,0.01265785893621385
0.17964325184672755,4.939451424401872,2.514307426994862,0.8980274618850466,153.14279502321097,95.11127995722458,0.008349593718634628,8432,165.3866571091006,165.37202734445933,0.014629764641285788
0.27638457617723067,3.4907871875617773,3.9883584618225756,1.2695036679949336,114.64131428245382,44.89904374917877,0.0014785595800883883,2693,381.9248908522947,381.9221710439058,0.0027198083889031395
0.14070456001948425,6.023540655013966,2.870460082712714,0.9654282123266206,460.79678535021367,61.01291562938379,0.006210726976146212,7495,537.4802952046472,537.4706408524472,0.009654352199909559
0.39279729768693794,4.1230210187097995,1.9252270491134724,1.106866627998652,351.02888485578666,28.70738582620369,0.008217480642305037,3129,1021.730845133552,1021.7191383536629,0.01170677988906756
0.4498095607205338,9.395809211139698,1.6617117544631523,0.8118040090574731,247.0937097028847,25.67448546968074,0.006049348527007655,5011,809.9418432103599,809.9356714804186,0.0061717299413774325
0.34421412859650635,9.303806256432148,0.6698629263534502,0.9061274465513333,307.96680661892736,54.36363589748823,0.0015743223136491999,4252,868.0949574046531,868.0927553508002,0.0022020538528779725
0.8458637582367364,5.521346379748859,3.1243782284737067,0.8644563451865339,385.52625732930983,79.33579011037425,0.007241025168084804,2365,2106.901461859197,2106.890236245474,0.011225613722814297
0.42107799402423035,3.950955946164327,1.534826369304654,0.967820921056781,397.8643544175727,41.549182203883916,0.0015453722320597778,9387,860.8494903577656,860.8473732865136,0.00211707125193927
0.3528410587186427,7.634191725609751,1.1666026490737238,0.8700126630170256,463.9523813685341,64.98783111482561,0.008357220055147947,7203,1090.5116860388764,1090.4996899596576,0.011996079218813896
0.5884264748424236,1.3304164913475998,3.4422348372245493,1.2843370186336933,242.0792550030302,42.292027241825465,0.0013873076497602497,1150,1121.420443759426,1121.41790844196,0.0025353174660191547
0.2268318024772864,5.272921054392861,3.56544166019697,0.8203279315464536,182.03490950872776,51.089044871443264,0.0022365764290933374,6180,245.58981220273458,245.58704013257017,0.0027720701644049443
0.8219772826786357,4.026910548433002,3.884697015159497,1.2324183504374986,337.84892005542883,92.51570547790598,0.003475968314709417,5523,3337.063514823866,3337.0552677453297,0.008247078536595906
0.16709557931179375,9.284822965922992,2.7660960335236617,0.898495481577902,237.07755467578866,88.46717003959357,0.0067002831303472005,8094,385.4074869713975,385.396140919606,0.01134605179148029
0.9881982429404655,1.1080272454541429,4.52324572341749,1.4616130200245279,317.5693042770401,61.281403473410386,0.009787231896681755,1330,3775.3449145912155,3775.321843051671,0.023071539544515872
0.7950202923669917,5.975333881465142,4.713542390292025,1.453165851176898,238.99360930517759,39.0484501977663,0.00206040567357941,4324,4288.716518666645,4288.712355401474,0.0041632651713197615
0.27884411338075515,7.6659722295996335,4.133169229066202,0.9578521717646739,118.84810400517851,35.454713018641826,0.002284369022925266,1954,358.76057441998535,358.757610551895,0.0029638680903442895
0.10496990541124217,5.365161887716371,3.3601706690368425,1.2300949087561206,261.2420382465313,96.32698824285714,0.004319833570308823,8400,362.05922213021074,362.04878969634046,0.010432433870279752
0.8339152856093508,1.7686272714644948,1.866744291160349,0.819603723630721,360.91301987346475,36.217327720855,0.008525972239797883,5449,734.9990194572539,734.98950070128,0.009518755973840675
0.7361716094628554,9.75215251025112,4.923252147290995,1.4522519801358218,409.6777134504424,84.65346487300313,0.005205078574757328,7360,9334.608176151043,9334.594218037446,0.01395811359674888
0.7561064512368886,5.662093882384881,1.7336127523637226,1.1660911157341969,271.99682455844606,49.517616762842984,0.0038944954023023954,3044,2068.2015154966925,2068.194725398605,0.006790098087373438
0.7941433120173512,6.527676198871102,1.4119561489569397,0.8302562059924453,124.35705059468042,98.85278780465907,0.006050834489879752,6645,540.5078134998741,540.4978236470919,0.009989852782253304
0.16664018656068133,3.129488044367566,2.489693512039622,1.039749995105696,236.6094693422442,49.45245922902303,0.0033447087770117506,7554,239.5257490170273,239.520551567237,0.0051974497902990404
0.42261915568984537,5.351482765961235,0.7557825682057481,0.8537946233028639,403.8322679787642,48.12132999285809,0.004610439165227689,4599,759.8137499031602,759.8079193022729,0.005830600887317729
0.20428215357261675,4.862345427624897,4.903225091023058,1.0750611075613519,235.78667177768278,70.99709031020984,0.0039934463430883775,7874,543.6500925514127,543.6427513063004,0.007341245112315922
0.8767930832880342,1.6740625780178537,3.147951003873912,1.2689484395129262,363.43885712190007,96.92134453014555,0.008237269201731814,8041,2474.277851084365,2474.2572675462598,0.020583538105167686
0.6609683141448022,1.9554431819272051,3.006284412488789,1.1289229356290078,278.2461567551404,98.09676846371462,0.009318301537942008,6010,1162.9983724415176,1162.9775333660514,0.020839075466237547
0.3978082223673843,8.53725267656897,3.4510832595487395,1.0686055223036182,158.5504062992285,76.57649171735882,0.007836149729412208,4990,863.4601206751515,863.4453345961008,0.014786079050781572
0.15720251525742127,3.1583795698593122,2.73660641499743,0.8834099318783254,408.2677286103834,80.36850925090829,0.004951752184269852,8848,295.2728257706865,295.26493568181047,0.007890088876001063
0.37988408954409597,2.7546244434876748,0.6442858269254371,0.9714573319855595,87.89605433180917,65.07217407784222,0.005539014797469975,6645,107.11336436863232,107.10448197271941,0.008882395912904906
0.39266498982407233,5.544203061251253,3.2554007997817855,0.8701003014168458,286.2006272398178,80.46205913058655,0.0021256632453649214,2575,748.6803906721735,748.6770529537891,0.003337718384413821
0.7566455605042577,7.918724182262617,3.722782446303938,1.3652491121596626,144.00096540953223,88.78237239763973,0.007721782400210841,6019,2364.2562353779317,2364.2363336446642,0.019901733267504305
0.6738017242196919,1.5575186672108914,2.375370772808239,0.8946678795893058,80.17953284361904,58.887624255601864,0.006368281114555397,7723,170.08036714717053,170.0713145302421,0.009052616928433841
0.8984914683186939,6.1912712767443026,3.907830074320368,1.2167613565842255,276.32027168746197,69.58898102640825,0.00912195996523693,6754,3712.123824642372,3712.1050015401393,0.018823102232638625
0.5249934326457544,2.0728939855651602,1.5215058470228928,1.0399182895121921,274.80297017071564,62.985335618643816,0.002805500292176379,3213,560.7945621382974,560.7898070556934,0.004755082604041791
0.20763482134447153,1.3281494574305661,1.4957446597978281,0.9581848692586284,368.10540575407435,64.99764908229417,0.00783753509739351,2226,198.1739497170982,198.1615587112023,0.012391005895904562
0.7419203085006956,1.4746955694599566,1.2263764445940828,1.2476279076444727,385.1378118733572,91.20383278991527,0.007162044955472708,9555,1201.395272483455,1201.3781873365592,0.017085146895743017
0.7847065437552078,8.507476973875972,2.1739764190512285,1.1199016165638584,377.50616991180357,48.44934641644562,0.00339260980428777,2947,3968.4602860379973,3968.454645869556,0.005640168441440418
0.6051494778125466,2.061752352652554,4.311554159250876,1.0801018270991913,234.30142981253977,36.65472204804993,0.007006407755867427,6544,1054.231695098627,1054.2213535696667,0.010341528960305017
0.7938704619591049,1.4063622797106277,4.225604279670789,1.214996403424555,334.26040425195316,56.50240882189033,0.009319360425189847,5753,2206.2164465436185,2206.198725792459,0.017720751159804954
0.5444160367279517,4.94109898428621,2.222708935835767,1.1438873399430005,309.62535918978216,36.64681523850121,0.00926592388900407,4632,1580.0901055310674,1580.075622098681,0.014483432386439715
0.5704595464437947,8.595941247478223,3.1510343119110646,1.0124389459860925,239.70279025261382,59.87203405296153,0.007476639170645272,6588,1646.511942210559,1646.499840472031,0.01210173852792887
0.4847869165226947,3.361675388403717,3.7436734241371203,1.1913429014356762,318.74571238369697,92.28064842856469,0.001432658012806541,7658,1558.3145387739817,1558.3112569529596,0.003281821021949293
0.12287721406968567,4.795413557733247,1.5854304858261035,1.2686490035854863,476.26154451781815,69.39468163859823,0.008850379035881454,5827,601.0238572735216,601.0048375970889,0.01901967643268736
0.197102284293974,1.359302793073761,1.256634886526362,0.818685211010798,136.8021846566198,88.43462826424621,0.006920007463040861,7138,47.28724693748936,47.27657153585279,0.010675401636567987
0.12828626711806082,5.041706627213883,4.874431969455399,1.1261102102353728,457.59744310348685,33.29527356924095,0.0037939082786446103,6979,738.1956611418932,738.1899662894772,0.005694852416005055
0.6727693701374023,6.198517725734203,3.2790079094432834,0.8403782992084807,74.05498129243927,92.06988740297415,0.002685253255351294,6386,333.4807412453478,333.4764069414065,0.004334303941356147
0.382920382968694,6.138163483769303,4.916370748251487,0.9304837898476778,188.7751458057473,68.14297315256925,0.002045834766975854,6287,691.8522860325452,691.8490852358584,0.0032007966867277
0.5577136220482325,3.9918402295692865,2.019901942095031,1.192356113854581,179.6653618751877,22.540783099238382,0.0014521320933198489,9887,856.4243307092237,856.4222089663213,0.0021217429024738945
0.9168098265334838,3.8397986259682195,3.6636426498835917,1.4063322406859065,331.86429854640755,70.64951642280295,0.007786929231556809,5617,4515.209913651163,4515.191225806179,0.018687844984309747
0.32436300623398745,1.959612570429381,1.5017163644355698,1.4179639754319393,109.05122829978065,96.11175650087344,0.0031225869904894783,3384,246.17869484971547,246.17001157836432,0.008683271351143105
0.4693446307320668,4.301184885816415,1.6754007707326082,0.8489608070970419,447.0564253278892,26.333360038028964,0.0012182764243892957,7796,903.8227183900908,903.8214117633914,0.0013066266993313064
0.7799960246887438,1.8954520198566818,2.803559545713308,1.0933735604006947,422.8481338092686,66.59649043756576,0.004575435866577904,4605,1852.7738413968118,1852.7655071398174,0.00833425699447572
0.3059183489424602,7.899363502408464,1.9382815647863205,1.2081045381031859,343.429618858375,93.23828822957718,0.005343463725331051,8033,1508.5060174681166,1508.4935430423513,0.01247442576518042
0.1692819188459137,9.696468679733673,1.25429703728263,0.9029489331852404,256.286224306489,20.775613466749967,0.002523072078101142,7747,387.3555538802449,387.3528023638887,0.0027515163561765733
0.3607763076223912,9.730670110000363,1.6829631589519671,1.33580255172134,469.8302189639353,70.47303411726585,0.001396435025462948,9844,3452.1352925867222,3452.1321126484263,0.003179938295719959
0.24509915852860398,8.785639894378544,0.6608677750963909,1.3209646809060671,423.8359496242502,57.99218334647701,0.00270212934788262,8936,1712.3586598569093,1712.353020456376,0.005639400533239009
0.9367278871083158,6.407129344056572,3.6699062966486897,1.4323387095947562,274.6918166365602,47.759145491888845,0.00711192485652917,1758,5319.669518042056,5319.654466282944,0.015051759111465005
0.8273083416079753,7.307791275194919,2.714524956886377,0.8059402084584102,365.84300950444003,70.20291919563009,0.0017401930952608577,2279,1970.3185171269054,1970.3161300452846,0.0023870816207641112
0.6700633808593811,3.5668522241237266,0.9240937988203652,0.9516789707923019,305.1184784808581,24.216167566993356,0.005995333275012945,1441,831.5854396555496,831.5783523373975,0.007087318152068797
0.884314531168946,6.676933781553585,1.2726229690782105,1.3790306999717252,314.57400727471907,80.245043702992,0.0023177078911735005,7228,4205.532313509015,4205.5265525343475,0.00576097466704374
0.8233048692092031,5.100845944958897,0.9614054215068981,1.2694060355788548,198.93923124686208,20.35835815357661,0.0027612025622237744,8716,1599.990198904225,1599.9859802388219,0.004218665403294987
0.2679130529974323,5.338156057992393,3.2566676372414443,1.4260728975889436,257.93807208120353,44.55485950338818,0.004537700949400289,5193,1207.905923550927,1207.8965692724846,0.009354278442305599
0.90330309864098,7.819989043376421,0.9239466362562221,0.8400257581711866,85.15464385538489,60.31669101477427,0.0019074280244835821,4970,474.6094140114352,474.60684527525507,0.002568736180134376
0.5854080177240857,3.537265200375265,3.8942704986584724,1.21787477600151,210.80691124906662,50.161780045324136,0.0025588315250399158,2526,1360.2816670643194,1360.2769875181534,0.004679546165967844
0.8266961396476563,3.8623565052506788,0.5922991369417603,1.1983326024255718,363.12283191296837,44.5980748164466,0.0041405717030621875,1190,1920.3039561325736,1920.2967814912317,0.007174641341797178
0.9064821699311439,9.321776120157729,1.6221910459815145,0.8249720914523727,478.94721372778383,86.46681163744769,0.003967021049485302,2873,3233.7097176291913,3233.7036151640596,0.006102465131583115
0.3862031274746775,1.5060186536587503,4.508000041513582,1.1594654538387386,483.3788507433591,94.78660594175271,0.007743443371081587,8958,1509.3461938257885,1509.3287053874406,0.017488438348044692
0.19904673207490908,5.370708685720063,3.7333909315501073,1.226664217916947,300.07529110620123,89.8970147924711,0.0016730407461378195,8368,818.2306647920166,818.226767613025,0.003897178991553129
0.30514164628774754,9.215207203670756,0.8283574981655948,0.9339052219414751,322.9800133143119,61.794505043999976,0.008744056620997092,8489,863.3308671822234,863.3176548485627,0.013212333660680642
0.4843970097636307,6.493267070363413,4.195067470183309,0.9913307081872641,133.57453347543537,90.73313401547864,0.008346089536655095,8868,679.6453674174753,679.6295866636939,0.015780753781379504
0.8362132893302439,5.9176636679091885,2.7186580469309214,1.248243142408416,362.8886486420888,93.6689252145235,0.007893924757227446,9449,4083.3787833414785,4083.359700101413,0.019083240065142986
0.8746575249307091,3.247697613064197,4.310523622259732,1.127810663319971,81.79645670347381,52.73907176379696,0.0037843512621681926,9346,687.8102396737106,687.8037207216984,0.006518952012194927
0.10625691747807164,4.089479401580034,3.2033289850267703,1.4006095602978288,178.10855860975005,42.675668760435634,0.008405936069867089,6606,270.7683640983519,270.75156627205325,0.01679782629867026
0.5596725723198092,8.668435742242236,3.5682486441478645,1.0396672362064319,350.763506278449,27.861216465065624,0.0026452187226035273,4902,2596.5786958186386,2596.5751794469247,0.0035163717137146407
0.4756699028339011,6.032963185916123,4.9707570217806865,0.9866617608717408,189.63955919457018,58.32735368393833,0.002119682852695254,7660,966.3005604971622,966.2972492230293,0.003311274132902698
0.29989702942365726,5.6326797438110185,1.5455099566580817,1.48940615824139,72.43109335150444,95.70375363507532,0.0014046070014053862,9085,345.89442895414487,345.89033477228577,0.004094181859122612
0.20787883060031453,1.8962174218602603,3.3077550864262477,1.4377950390910583,424.3416842079337,64.87260224562968,0.009453793267050184,3412,948.9977264948578,948.9753159933978,0.022410501460034843
0.4038536542632652,1.144253408096108,2.5714462552582926,0.820294921499286,189.64850321055337,73.40496814289372,0.0037720980793474633,1023,191.49888676159694,191.4935212080261,0.005365553570846042
0.9486187335212672,9.673166698183442,0.6775337881521115,1.3395100307145962,78.39735118640529,29.03070547934781,0.009258560921601154,7624,1381.2102734596065,1381.1942711550932,0.016002304513221405
0.39088263881867974,4.392875505581575,0.5651178867628927,0.8772343416776421,83.65467402628933,31.4815731313805,0.0034535220536739677,8958,124.76352947983781,124.7595461822777,0.003983297560112946
0.5669115595690295,6.428917558895539,1.036528600180364,0.8192396363805597,163.29145945493914,57.1578609567738,0.009168093634027147,2741,463.8392708780053,463.8274669621397,0.01180391586566621
0.7327170630056601,1.7174356586855648,3.4209128324234666,0.9915868611764442,130.1071762496868,96.10118391869806,0.009135361475614796,4160,481.6578653458915,481.6401015114956,0.017763834395920292
0.4272666421413646,7.148028571507419,3.052233895610265,0.988542115342773,398.4350530010679,48.862771327322314,0.009313084405096417,4371,1696.921429851959,1696.907724985271,0.01370486668788432
0.9746038744488646,9.393100378353648,2.9904330252367735,1.3735231336428753,194.7578210001655,90.19872330540268,0.005465380953557745,4351,4434.462387607553,4434.448109718108,0.014277889445467972
0.9662025654479002,6.180987276976777,0.6433554313771703,1.2974670721599846,412.11310326792466,29.623087474056923,0.008793516581190028,1460,4574.456812204933,4574.442023120331,0.014789084602277534
0.32660406624282773,2.135037901378695,2.6118634836200316,1.48712659913241,128.23069902041877,69.3613765546968,0.009556893065505882,3117,439.68683825841396,439.66276809475625,0.024070163657691827
0.547523655303147,6.23549374726129,4.660802680291378,1.2980590302182728,271.7956307948377,68.04903815284146,0.003921552477074616,7356,2732.212746193109,2732.2041918137706,0.008554379338345169
0.3707904788350927,7.897124917941872,2.28916341189791,1.0927788872792337,359.61671009890796,88.78998000562147,0.004769869651142996,2606,1622.0029090689986,1621.9930685558215,0.0098405131770291
0.35635644493972085,4.657748829166168,3.3121511140480537,1.289249362661652,343.3958842396347,20.26533635239212,0.007473161686021697,1071,1621.0989613217232,1621.0873740344498,0.01158728727339399
0.13319825261907953,8.91853973147321,4.009184040304146,1.4996213470304816,320.5082344686209,35.194533375805776,0.0037032383955097085,7351,1241.1539058334,1241.146397865352,0.007507968048084775
0.6486079005819072,6.83814658021628,4.0276637561384945,1.2970993177937697,466.16972086902643,37.57501003435854,0.007784283780213931,1706,5527.591866736483,5527.577975802605,0.01389093387869304
0.5524111209059753,9.093240264602823,2.836760370778721,1.3331769491862229,152.83631646803497,95.997287047259,0.0016650293069218054,2928,1790.2187008293956,1790.2143501233813,0.00435070601420016
0.14633087612499043,6.611547801226035,4.360783754310513,1.4568555106331815,272.1736420079474,32.295492501591596,0.005711485458596881,3798,927.5110160788813,927.5000080235496,0.011008055331677395
0.3507818178129503,2.181591748043418,2.261201420136861,0.8795558829181784,447.7966475325839,22.956988017644832,0.002100821356753707,9345,539.8868017474292,539.8845297607668,0.0022719866624346823
0.9174392973699883,3.787225399946702,4.499119466531592,1.293349005413409,85.05219451782067,62.75691957934464,0.003639911287930088,1029,1081.5843883252126,1081.5767262573506,0.007662067862022378
0.3156057016002752,2.8161545342721124,1.581022248779954,1.3955641705772144,75.14972071388387,62.284676994694536,0.0033276285323782483,6071,203.12429595156541,203.11675958236845,0.007536369196979758
0.2304053848821008,9.179438479451761,1.7609738314575698,1.468065020154625,154.98602940123112,87.52375722942914,0.008550388662063996,4311,842.0184142163249,841.9948752469983,0.02353896932658845
0.5405074842498068,7.843600605587344,0.739042808895505,0.9476785027981895,334.85954879210834,95.90877201422417,0.0027416552986557776,7787,1395.1121198890608,1395.1070297720878,0.005090116973061079
0.9870854086995406,7.087585320190055,4.080118264440273,1.152750305406971,166.9458319024131,63.08363537121048,0.008276031281432072,2874,2445.4987544560677,2445.4831959550206,0.015558501046848692
0.3178497443603504,3.708696876684595,2.376748563047175,1.2763883933511373,135.60794771395953,94.39953459357244,0.008145643113171298,9428,427.3518773772267,427.3316656492052,0.020211728021480715
0.7049219926652908,2.656402948451922,1.5310247626012956,0.9732274106509362,256.46104191123146,78.01273210398637,0.0054899475000150695,9809,717.0413653823177,717.0318542200913,0.009511162226451719
0.7854576537958459,7.808059791900206,1.5430562492746085,1.2203310042751918,326.11913094623515,41.1647302396468,0.003104589300365167,2571,3567.1259209557784,3567.120572751289,0.005348204489717602
0.3138737895931597,5.267421512911717,4.5562997355315495,0.9803051477485996,161.85096815753317,94.2736568755141,0.003042067059606005,8213,479.5945022422408,479.5887087026146,0.005793539626211577
0.7553947137506737,3.032105969355662,4.252624702074666,1.0334199143721532,185.31103402568394,73.39545409454998,0.0051843218240426306,3437,1089.04563277032,1089.036342967696,0.009289802623856452
0.43100481944732794,6.549597803487476,2.990888984107325,1.1090630875576055,326.10168716518126,53.127674619410705,0.0010792810665416468,8531,1649.372280239973,1649.3704473158077,0.0018329241651998194
0.6690752475342215,1.3630046692460678,3.272498601870745,1.1704330691225968,475.5822898952537,74.41936676135445,0.005782156791502296,1581,2020.6599487790759,2020.6481447260114,0.011804053064499002
0.6701767396848053,3.9355322871542815,2.6344650674763095,1.1145561101376054,353.6337773471397,52.10502621950007,0.009575015731903499,3254,1934.2642446172833,1934.2480121327196,0.01623248456377814
0.5821972156672827,5.2170129513202115,2.26249944295464,1.1452368638515504,402.30686461305197,29.13470143903674,0.0023923619367633687,6852,2297.693841024822,2297.6903029650484,0.0035380597737611685
0.18126079304896747,2.3316250069846527,4.6196459654824915,1.0090121294018048,215.06454263996096,77.51829977415198,0.006160110593280432,1600,275.8970468241216,275.88601294998097,0.01103387414063712
0.8517722460303142,9.861890298317556,1.0652571658413592,0.9112755658158415,172.51446172300973,85.9270089736595,0.009656008197800112,9706,1333.4003854224716,1333.3840251762983,0.016360246173243238
0.38870205847456224,2.8818762813065284,2.3830105537230257,0.8331449841287877,254.42048444118015,78.30449592155102,0.008744699255424402,1809,361.42212472630996,361.4091341698142,0.012990556495753468
0.2678666593598688,2.1731781703893898,2.050528585945439,0.9371851057441675,413.20977292025316,38.329173420534126,0.008653421047432063,3485,410.6252255118919,410.6140072132964,0.011218298595491926
0.13669762739928754,2.8318138649820677,2.7416782411301677,1.2073605490540482,255.3348388057501,96.53080107820904,0.008396649373565702,8398,283.5978386565036,283.57791478997325,0.019923866530370784
0.6318036488694176,7.921550198437518,2.559343435453288,1.3502808134621926,431.0264339554375,22.020364935292474,0.003781212454505671,2446,5203.949362279797,5203.943132287698,0.006229992099532828
0.7098079256580542,4.829550933446585,2.8350028924298663,0.9184733182100262,494.94739131280716,46.61482379005125,0.009015551481401311,1468,2271.549329789412,2271.537189285173,0.012140504238828287
0.11492904603507054,6.088743457772842,1.1296353975214735,0.875988750440854,82.41199957865135,40.80739476279164,0.00947206316109854,1629,52.475149949846745,52.463466567824355,0.011683382022387237
0.5608837524693528,1.1890824128772466,2.809136756809747,1.324503252384475,70.43457023766666,23.850098209188076,0.005462131809691355,4382,277.1056793596426,277.0967192863844,0.008960073258174966
0.3038461976781442,1.309881777159831,1.5908846624924489,1.0136108313761027,117.31536631101282,52.45837543909347,0.004191139425335129,7538,106.2405795780652,106.23410286526934,0.006476712795855243
0.6806555113685049,5.012429948443145,1.3294910704468608,1.4660496074591467,222.9663540804558,69.84918721302196,0.0047280611404527054,1113,2068.6514911087097,2068.6397178897028,0.011773219007121461
0.2569297861044923,8.349897188814612,0.7917539845378605,1.300022579427261,108.96899411544459,90.6042290788081,0.004007857976481391,2225,432.5674182011969,432.55748713787114,0.009931063325799112
0.7218439642922194,8.967149908368087,3.931936514402634,1.0287292330701217,441.7990149284402,99.17517729531761,0.002911765978220861,6483,4353.412127671056,4353.406161540386,0.005966130669098227
0.4480618116704837,1.780359108360762,2.42348864385452,1.0026799234555934,60.41581296217871,84.64716691235185,0.006566036232276006,2616,114.42115180096295,114.40899530968996,0.012156491272993779
0.9430569898630611,5.845267918909205,3.319896574902913,1.1665888703899163,192.10672235112014,57.49444149702598,0.006063371976207907,4317,2259.740468891586,2259.7293285816977,0.011140309887942916
0.22376884973139394,9.219067176513434,3.774170044871345,0.8554012677947467,133.1125832723924,77.89635407736245,0.005163265639353481,8351,283.19653625813487,283.1886791739535,0.007857084181352446
0.40695971594523267,4.491754789580977,3.556924993910991,0.8823735588517093,469.19269857088955,87.48990308717126,0.0018626084801634862,8580,1196.557037950191,1196.5539565227477,0.00308142744317916
0.20212616911653017,8.466092482855318,2.6172532359035703,0.9231005169213348,351.26645220051256,57.22457571349451,0.008172036682353999,7416,670.5571064526973,670.5452460418597,0.0118604108375446
0.9322242564507065,2.203260889594926,2.2455433802827844,1.3423065153131921,460.4136154031185,82.80435472203999,0.002574402064757103,5640,3440.4563317041648,3440.4500146498585,0.006317054306185658
0.889605418042883,9.418550407010189,2.191819593382987,1.1597001514883858,487.547919639677,58.61219346503014,0.0020310583905644333,6733,6772.553654880212,6772.54991889891,0.0037359813021841876
0.33214746494364006,7.762809857781724,3.3802195861852535,0.8073969859421101,273.6942096548161,50.91967927013782,0.006607642559346528,6618,660.3578921227586,660.3498405719253,0.00805155083330723
0.6939856414307611,9.472009535082115,2.7265745972384305,1.2714615692304763,155.4435986216118,62.0872670227009,0.004587799251139509,5813,2127.3608305939288,2127.351375702555,0.009454891374047205
0.8354999801810943,7.089555101972558,4.321095115948298,1.096583125062348,137.17795378846517,74.06837901017158,0.0015382762781709653,3537,1572.6246718101772,1572.6217355415408,0.002936268636321665
0.5996807304395161,4.270635387994843,4.436158929470205,1.1575966554746586,150.31348775862824,78.1505645054878,0.004200115194649524,4174,1051.7062007572504,1051.6975390067876,0.008661750462875139
0.5766855205204059,9.443630552722501,1.2675217010293331,0.949881370389055,368.8669884299013,48.53890151136863,0.007946023170564667,8974,2055.8249788022113,2055.813767413634,0.011211388577175704
0.31766706181040655,3.480100986782606,1.1130514319557654,1.1862475598758726,68.20057765535033,65.70562012448279,0.006537242846953879,3222,140.0430667509303,140.0302166307633,0.012850120166988502
0.18379249102530928,3.9895526985555927,3.336804167161998,1.485407267826042,73.11248286472168,92.78966992643576,0.0042650742068829715,9021,217.23153646883867,217.219322525638,0.012213943200651394
0.9074941821579942,7.307275762015663,1.8555158662802573,0.8514112837040331,323.6643240724175,98.10503200885118,0.002726243124711293,1051,1950.9508053944733,1950.9462070712846,0.004598323188670684
0.9103762514469974,7.887846695728476,0.5835682344429449,0.9987421797651015,338.92571603183296,38.17984729471636,0.00668616058724296,3344,2607.292268135016,2607.2830408294353,0.00922730558064481
0.6697913115459412,9.364631354642384,4.498892012133298,0.9700983150025809,349.36831594510704,35.42649325706732,0.008987997708517199,6064,3053.021235336925,3053.009427174015,0.011808162910353543
0.4051268119438306,2.8432216815058853,1.521053452597137,0.9739845175258257,217.34622706486604,74.13485067429188,0.006816454462143225,7486,364.563422818553,364.5518617949211,0.011561023631936984
0.4142886171513948,8.181982316973016,4.681762932586141,1.0650944502957642,412.6751999213689,53.17471086587551,0.008316134691852018,6830,2494.924497778214,2494.910930375824,0.013567402390175776
0.7533601109832154,7.646914480572671,3.7284550289521414,1.3726768493209172,290.13106447697794,21.937787073450963,0.00569375054698934,5695,4684.895063125666,4684.885532858963,0.009530266702240898
0.9073992339573194,1.574151006282381,3.931940704601679,1.4390010829750712,97.45953350423875,47.74894965178273,0.0074617399606692605,5266,1008.3127343143669,1008.2968698419885,0.015864472378391368
0.8983777818386056,4.485008270891862,1.4065767310692219,0.9415505612212813,408.6946881803054,84.53957947778017,0.009066040964005172,2658,1917.7014842419142,1917.685731692514,0.01575254940001736
0.8018879912718615,3.5448891135408873,1.5538749152756581,1.180064956563679,478.8805038217062,83.7941544306546,0.007958610804327897,8368,2726.5932555860986,2726.575994231459,0.017261354639674573
0.677828481538859,3.7404138191862737,2.845704892208296,1.2458292805158362,77.0163408510614,59.57481190532655,0.009188685580583313,6183,533.6594233727441,533.6411559926206,0.0182673801234207
0.17572596849554395,9.846521915992307,1.2744493369243797,1.1652792320546914,226.10810241526096,57.80623479100282,0.004880256419044539,6621,600.0138806116558,600.0049063897203,0.008974221935520171
0.2454658426851524,6.784996721319351,1.8744426170736452,1.1038534759378438,269.38222017563646,66.36059539475019,0.00913798229614351,5010,697.7230550887704,697.706274306292,0.016780782478394016
0.9086987696743714,7.459085420141497,1.94658115076512,0.9343828541014665,115.91184203524263,37.55173684508608,0.006594105110335369,1635,864.9505977480543,864.9421226095449,0.00847513850938078
0.6457861536936309,9.789558735835083,1.2183346996374385,1.141753551439467,440.4690265022947,62.08348999127644,0.008830438894735244,7421,4081.828946911788,4081.8126053545234,0.01634155726486068
0.10827734645496669,4.394816042118748,1.4233227502782233,1.0808503793979303,177.8673402005198,20.88370880453187,0.0013543887739405186,1174,130.90460409853796,130.90283449205464,0.0017696064833352993
0.1913243885794289,8.216561516075254,4.048483289037154,1.3568943537515887,402.35384297217206,58.0447643826507,0.006920671437221826,9759,1738.3747504285175,1738.3599090452685,0.01484138324886006
0.6971515921972502,4.910778669740458,1.2523813454627077,1.3345230514140967,351.94751691274223,46.884083700047405,0.008631775709901089,7156,2693.1680940016254,2693.1511739779967,0.016920023628881547
0.10455542546159682,8.825803046334817,0.6280582632976512,0.8937990768439695,319.12062011016053,73.98956847229277,0.002567818302788798,8707,251.99815042131314,251.9941571630149,0.003993258298238004
0.2447272462757488,2.625917871801729,3.332097241830223,0.8619633367941474,136.46428191344947,71.0682867322102,0.006956082401184309,8009,147.84635998073705,147.83610291786528,0.010257062871773684
0.5938604104299275,9.529175593578517,4.891924037266024,1.435707760259252,149.31658424790757,50.46687041462472,0.008424592427949684,3143,2635.8815612163826,2635.8633618681374,0.018199348245294025
0.722705677923424,2.968945375697917,1.9904621658040462,1.1748558722751483,71.3067821359562,20.581838518287327,0.003591544326693734,7999,352.77479733051365,352.7697093232329,0.005088007280713303
0.6867651335523405,3.935984562828384,1.0339506643831353,1.4004606560978134,158.32059340201985,40.181890351596834,0.004647216951157529,2474,1059.8439849982242,1059.8348616180547,0.009123380169430378
0.3018423785145038,7.8057301069610245,3.0667429641538884,0.8407057843964808,205.44962425723136,70.66782801513298,0.006125659466492975,6244,476.5516608281303,476.5428716443172,0.008789183813096705
0.7409612992127823,4.543796274088661,4.578593949930408,1.1685609315651413,424.9153867380914,25.78986744140036,0.00567250919996106,8248,3922.0242721494783,3922.015933950958,0.008338198520713939
0.3135241787471201,6.4739023908980196,4.0282780092281545,1.1775985602033654,214.87670002166237,28.61139374667711,0.0013527045373342209,5102,981.1497047591714,981.1476560530862,0.002048706085271813
0.392859728343341,5.001161509624857,3.301321407857222,1.402491422779505,389.5798022445229,71.76280196536698,0.001888048882768721,1329,2499.4425197471887,2499.437971515661,0.004548231527454351
0.7718422646062217,7.6813294338080365,1.9177542347341971,0.8683269987607953,247.7490265829694,80.46139207594338,0.0019041992137392519,3673,1384.005562628964,1384.0025787583368,0.002983870627386717
0.6846696091424932,3.0549812713174975,2.93846077974299,0.9683118945731366,403.1907403972498,45.72397664101697,0.003360411149492575,5622,1551.3142151054606,1551.3094733549701,0.004741750490513015
0.8643010694447602,1.526121885131893,0.9106017858691491,1.0845768197209091,489.32222019666796,59.17384524132495,0.0032127770152220437,6232,1212.240790811513,1212.23524439334,0.0055464181729303974
0.691851603070309,3.699364577257596,3.5552544092630147,1.4060890327939595,157.92870112591106,95.65690919869269,0.007680001454081198,7583,1567.1844727058954,1567.1633441744673,0.021128531428022585
0.6114777430019245,5.268777983815872,3.762932085039429,1.457218320549397,438.0537253837443,95.64348497407755,0.006154699474145302,1889,5137.22690478715,5137.209358030029,0.017546757120453265
0.18430729104528323,2.512180469734107,4.842642303094634,1.4949072337155396,329.8208388375986,44.60022195707441,0.007875784761807171,9021,999.1454311507217,999.128406545823,0.017024604898657404
0.4309442227534902,4.193175606907499,1.6717881143528224,1.471435440520965,417.7824177148947,84.79903000136721,0.0016290645166978312,9953,2286.2294643046966,2286.2250345550347,0.0044297496618036164
0.3386821309135529,4.599847164642116,0.5830538856936018,0.8041592290910481,343.21365602051236,67.5155242245487,0.005366928137244406,2680,389.60266684847636,389.5954371049428,0.00722974353354289
0.3195906790411752,1.5165265931944618,2.9552380899221777,0.8333958390177104,240.77727827336756,98.0387594680304,0.003913980213387426,6951,239.00277365108548,238.9963138350412,0.0064598160442741965
0.9757094992772011,6.249765233657841,3.680557269785665,0.9033247734103121,152.63372274880567,58.209085576887716,0.008649453796801718,7866,1206.7760247083388,1206.7636634118187,0.01236129652003004
0.4537879522000844,8.959090851741587,4.056833641473446,1.0442034677391911,81.51585139902426,81.97654944124493,0.007370102412189131,1133,524.9910487758333,524.9770440671382,0.014004708695065019
0.902841899659402,2.3656862165774717,1.3718251986116476,1.3809426216908711,290.98326400732265,81.45097036918968,0.008823326237441167,7064,1872.4862641935276,1872.4641552868582,0.02210890666952527
0.6680247633975366,6.380272120613626,1.6778879106666065,1.4248593367348363,495.6467425370895,59.794629410646095,0.0014178441016545406,2125,5416.826807989503,5416.8235797730085,0.0032282164950587556
0.8153301731874836,6.982652844197617,2.8066591637028333,0.9307840844062082,382.1188122563928,83.65040914378463,0.007487411406099405,3039,2642.312050696437,2642.2992517993935,0.01279889704326893
0.5523733837946729,4.774012123773595,1.9877036448650083,1.233764906133796,197.30549362955747,40.88322666455972,0.005860075169436202,5188,1121.7539348377563,1121.7437490437371,0.010185794019101578
0.6192134961637232,7.30987828627843,4.3723016896435025,1.4421533895456935,422.24216003903086,29.78024290321831,0.008425000261140092,3849,6352.576283486604,6352.5605150019155,0.015768484687768345
0.5432659244369775,4.696583891419109,2.631920691824241,1.1246122151519247,396.04280007938297,54.013099572425304,0.005564445318332389,4366,1994.2410110925848,1994.2313731943439,0.00963789824103302
0.27571868901824004,5.541735591796914,4.098103898459013,0.8724805003669488,176.73610700905556,95.49045253068678,0.005861881701117181,3911,357.5896117979476,357.57961367826846,0.009998119679159007
0.7502069037353548,1.0661774009898428,3.112788922170592,1.1204695550592374,56.43837040740561,60.0595686562023,0.0014659064284785863,3591,222.14147650003827,222.13884751598312,0.002628984055158533
0.35269512619677024,7.225481027212199,3.9789056372770037,1.06305643160164,103.17318734027732,70.82073109175415,0.007016705785323701,5283,460.764533171665,460.7517913899038,0.012741781761180246
0.12188436978830847,6.95208411050252,1.9970284393864572,1.2043605972462048,444.7877856404259,69.93299647263002,0.0034582588804454506,5261,703.7173902911532,703.7103125976017,0.007077693551460776
0.680925066316451,1.3456078959371012,4.2413747986864,1.1070610790849726,426.45336588719226,30.605829381562437,0.0011772452996093843,8134,1988.3449535399905,1988.3432513771352,0.0017021628552706075
0.25939961146634405,4.314250966556198,1.7355754199795972,0.8121421487976026,182.8440503952631,51.22375059017682,0.0015979344625542706,1244,189.26123518034092,189.25927267422642,0.001962506114488463
0.9464127259176229,9.811286567125006,2.9574446360148086,1.4957984133895699,178.33794182798917,76.55511783374999,0.009615570480694231,6128,4821.925430201634,4821.900036358365,0.025393843269797583
0.9585357193023286,4.786629063117552,1.463032009282434,1.1804781664113997,406.789244196112,97.7592078864581,0.004114695606218623,5925,3395.872488951161,3395.8628831766937,0.009605774467272626
0.9233779511984037,5.517508646186576,2.63986934731787,1.1315415288392268,471.98186145293994,33.44141906376209,0.008812680657590432,7831,4551.951862625203,4551.938555961461,0.013306663742189783
0.43314283022989997,9.189371423437468,1.931788442789164,1.4682321600528379,400.61176555891996,52.8353512271293,0.009637095106623304,2778,4160.031666035713,4160.010040608443,0.021625427269964862
0.11391095487598069,7.455356882791808,1.7001654378674642,0.9091022573109541,322.5104046638427,27.607503984218347,0.009489404699535907,7310,277.99374162566056,277.9827331314427,0.01100849421781618
0.9354867063289529,6.238631180118012,4.8514325811261685,0.9324663217816738,159.20210764931204,39.390116771940484,0.008935527166294782,9628,1436.118573601227,1436.1069595077643,0.0116140934627239
0.48536573348558293,8.180242132069653,1.2203334746902879,1.3656103243439484,286.5865613428673,50.14074746609202,0.009053595212151709,7334,2438.575854538575,2438.5572916123633,0.01856292621188863
0.9699893371393027,8.77929639810376,4.042966268558279,0.9825817560175062,155.08033636696908,63.25145983618803,0.003601072399068564,6906,1862.2033484537649,1862.1975720489331,0.005776404831708155
0.9672579793803275,5.111992645635402,4.928742317674467,1.3594589744040688,413.60513904354815,38.445350579126476,0.0023632290123432246,9985,7423.799313286302,7423.794865434679,0.004447851622833467
0.8677085099206241,5.275975284386519,0.5895566768303502,0.9900734380359518,224.13248578298177,38.20501289429486,0.006753363058791314,9641,1118.212847542884,1118.2036067060278,0.009240836856240513
0.36500400286262713,4.474458420866522,3.6456233631894275,0.8232313411575011,425.1637476473118,82.2263983312163,0.005392950326819415,8668,854.0084413497923,854.0003511432792,0.008090206513070275
0.44658795574173277,9.700355260166145,1.638103125003292,1.1619103067207013,221.7241480922264,97.0113330357505,0.0018887204682565394,2954,1515.7251562715878,1515.7208328110378,0.004323460549970176
0.8660230043651712,7.274496288613154,0.68219520947737,0.937680503888803,420.8672323399511,45.889037420116495,0.0070978718442016985,9806,2549.8726367833738,2549.862927085899,0.009709697474714145
0.38522980464064993,1.7490075958726505,2.3130031053048388,1.3304924050527298,199.99301682435888,75.03936149085442,0.006065740067362961,8393,554.0024036152096,553.9882772016629,0.014126413546697802
0.25254347201748323,8.766636609817166,4.708480145768938,1.2488397432625038,248.05971707795143,40.64643690863366,0.008767606607293952,9930,1316.5684102460098,1316.553010395645,0.015399850364739691
0.6011211362125152,5.3250394675264126,0.5529429246514896,1.4465218675845424,326.9697887041959,94.23618039725056,0.006482654161195588,2631,2417.41484709428,2417.396632982985,0.018214111294828254
0.9425392967447029,1.618785157802387,3.1454856136840177,1.348091850086015,81.6294263134634,73.83218881323187,0.0061655156174957836,6036,666.1791438653214,666.164695487694,0.014448377627488861
0.7264268170074757,5.9474552964697995,2.7562841536789593,0.9265431683885088,476.693177816959,84.21414837100559,0.004966765509993652,4665,2587.4348666594633,2587.426389266841,0.008477392622575785
0.6130550530804285,4.754478510781318,4.4302287396697135,1.3601107656653575,308.12260375571145,23.948323455933185,0.005165083628999833,9260,3209.505236347139,3209.4965288710073,0.008707476131627383
0.18745884439369168,8.899744643763624,0.8780077153428154,1.2492159313698163,278.519006610861,67.88047745924997,0.009589431042812046,7874,796.6834551240432,796.6633442683183,0.020110855724936278
0.6535065040292528,2.835951432484486,3.5668671344899265,1.2682661492324374,427.72728700396044,62.20898650867058,0.002246014084602154,1869,2878.7872207035803,2878.782600109821,0.0046205937592933835
0.9910484650938369,8.438181485429647,3.560493642949748,1.3825840201791042,439.5932284535724,43.43975255292256,0.005015969367239685,4191,9992.235940723973,9992.225993178434,0.009947545538336459
0.22607561371287163,6.019198220669074,3.5108600758802746,1.2016768484322582,285.01718203805723,40.994398804585444,0.006902445105341586,4119,886.7504826915111,886.738787899145,0.011694792366106918
0.5664966871273631,1.4914927289212214,4.740505227207667,1.126202460047109,467.2680466071368,66.40198418535758,0.004897095810313597,3115,2092.307965418652,2092.2987881472977,0.009177271354403094
0.8896357647351599,9.74660771192936,4.203893880530962,1.2456487247511097,79.13199473441628,76.51885080057801,0.0035489406433668203,8252,1523.8687735000663,1523.8609700722952,0.007803427771031917
0.766691755978784,5.6135371969287995,0.6888772680957771,1.0085702002708514,100.95160651304789,22.653820562815117,0.003586216336865694,1376,496.20042893999397,496.19599261149153,0.004436328502407727
0.7273141668957412,3.617891688084242,2.619872828170309,0.9278179917609696,318.5547035064981,65.39212655389635,0.003102904416319442,2941,1244.1200419415263,1244.1152804170772,0.00476152444902193
0.7322356755883983,5.224661577903323,2.2907887529060007,1.2316114866498724,209.32963780711265,33.636762315730294,0.004095128805247808,1204,1747.373528075241,1747.366787961239,0.006740114001918897
0.4235420360977797,8.7207200516574,1.8956624949086094,0.9636938583598345,258.9013247851395,31.229018510888046,0.008845072980252104,9936,1081.1601450779217,1081.1489591918303,0.011185886091435993
0.36423265983804404,3.7441281194655716,2.5310152631934377,0.8559405765426248,197.63564805372494,69.84955904757476,0.005547020952906957,8054,330.95247518117725,330.9444108594625,0.008064321714754288
0.8284250399306623,2.734087568380303,2.2288738321668986,0.8003879292096778,232.12639015022103,44.86960937739784,0.003162148552700366,6948,611.3955841636842,611.3919175927786,0.003666570905689547
0.8291020552112627,2.1616412223779333,2.445502549453994,1.225823580980047,420.19085621583474,55.270418650789125,0.004460740453238792,8246,2411.814080535122,2411.8055902231154,0.008490312006549532
0.8803650867220933,3.6807345855119014,4.906678395238891,1.0535041484361658,317.0642899344371,48.799904755181835,0.0019524737087071125,5420,2660.3911322876106,2660.3880715641117,0.0030607234988032526
0.9219164973008241,8.020432783360391,0.8988483863731134,1.3266176794714193,498.80504717757424,71.8669056122019,0.009136321657648643,3425,7218.468993087938,7218.448162121479,0.020830966458617255
0.560208158974844,5.244637286757355,4.650038914274284,1.0626234788191717,404.09563901943335,57.60958128531751,0.004673780488822888,4973,2529.27085105384,2529.26302342303,0.007827630810011567
0.5513646652184797,3.04733443324186,2.66106521061962,1.1402024137667588,173.149814345822,97.0766929630358,0.009823520841337682,1670,708.5210766977003,708.4990025271885,0.022074170511784903
0.8184656610700977,2.4956649964877426,3.306840104747935,1.0849594809707694,168.9553029770133,48.190620728517224,0.0041278489593626734,4417,944.534687421773,944.5280506324111,0.006636789361896732
0.6849675376999886,3.994565288593412,4.235823349779622,1.2554023537765424,201.1542215526532,79.22274722102682,0.00852720442504409,4065,1787.269414568076,1787.250228643038,0.019185925037854802
0.7317701895319331,9.45931935597138,2.12208363117165,1.0492974134104778,429.4667662914842,40.583405406643564,0.003307467819623079,2727,4007.404509727523,4007.3996307559373,0.004878971585610306
0.816213402492491,4.087240413310219,2.4368985863958508,1.4746373549596163,62.279442792754516,60.70024741009175,0.0016853760403984202,6976,721.1813923729607,721.1773984600363,0.0039939129243136764
0.9010048076358097,9.893116683591717,2.342833161254213,1.4553028906189711,153.58157549206598,64.20558015215656,0.0012856002550642063,5026,3586.0064872738258,3586.0034150896104,0.0030721842152046236
0.40419564116638224,5.367074101888205,2.186289601410919,1.393619531860097,457.2132891549201,46.32874248501857,0.006455515839803053,8862,2711.074333395487,2711.0611688819354,0.013164513551396091
0.43802465737594964,2.612475264611358,4.664881947411027,1.4442101894009236,337.9533962374634,57.74244231301033,0.003804163045062305,7064,2246.940391900702,2246.9317255135193,0.008666387182541336
0.1845837458567821,9.020260826141584,4.230184510368554,1.1143977819215738,152.08119297547537,42.34229103187937,0.0049916789242824555,4814,461.9419069098608,461.93398881257485,0.007918097285952237
0.6204521268965566,5.143198358213442,0.9904999543833924,1.1755012777526446,148.61523570466116,20.48006253391856,0.008367823320407159,2703,781.5320992789633,781.5202483937484,0.011850885214879337
0.13234804641706788,7.38704209154072,0.9865550861469321,1.319464814790771,438.17814579174376,37.2518641310303,0.0032329727712532195,8621,845.4325179935875,845.4266631120511,0.005854881536351351
0.5190382163192142,9.853404248882367,2.4254128168384606,1.2873021474569788,452.19087872467094,76.00513379945605,0.0037778722906142196,8430,4775.726293647175,4775.717734054427,0.008559592748220803
0.588380171236819,1.451578152879766,0.9439581952976408,1.4234750169238295,165.2589909329519,81.67704195883016,0.008608025665528006,5541,472.0044270063219,471.98216555611674,0.02226145020517637
0.357887126915456,1.8702510380881043,3.2859189287200383,1.3014317190796867,239.2296611344395,42.416229371113594,0.0054348604600915375,1053,747.7164799996648,747.7064067576421,0.010073242022760453
0.6317499345121097,7.484110673164806,1.1466122326778025,1.4985192957599225,425.5680823827427,52.64343990544575,0.008448986503472389,1691,5210.599787405289,5210.580461266217,0.01932613907262922
0.1274502249451445,3.536425029659248,2.850679687850605,1.0439540598821138,396.9533473744484,22.98925281108889,0.0043702840311968475,7066,352.17117500034584,352.1655637684916,0.005611231854221819
0.13361336987429298,2.6587125725508916,0.5324897615167299,1.3830984195675926,416.26224795473803,38.96503208781445,0.004585329827443977,9448,339.5382661367921,339.5294530266558,0.008813110136316134
0.8403405045936925,1.3542569183775655,1.9246835678569103,1.288344375982865,283.27918585458593,82.33754266978393,0.0025042452560043063,4432,1295.5954102131143,1295.589527401742,0.00588281137221445
0.4241715772701366,1.1966204078758162,3.5473582565269495,1.2839705116505131,460.1970717373279,68.47890162120459,0.009247112682354699,1833,1526.66564232388,1526.6456387901915,0.020003533688724668
0.2143544613866963,7.970370428078118,2.678175231025318,1.0280849163914993,196.67819477949587,36.461641756349714,0.009071053246113486,6794,474.51359573777086,474.5008695802192,0.012726157551644964
0.5700189340493239,2.20990084632595,4.902212686995447,1.3499212546961157,120.50246045638312,40.59535960979457,0.009857953131082963,4522,890.2456807294376,890.2269710575497,0.01870967188789075
0.7929941977887498,5.209485543740358,4.433467082297948,1.4302632156433195,368.92954965418915,85.34416183916481,0.0046220241445274046,9664,5771.070042282315,5771.057789715205,0.012252567109063512
0.29423892474715885,6.453071336615347,2.1158185056941803,0.9529839230643941,292.7094872031034,36.726736235592064,0.00836753447582778,6860,670.2544348546005,670.2435320926082,0.01090276199225194
0.6606014282371002,4.855166205119616,0.7046894366252356,1.237847785981693,434.5635959642664,46.732618067770495,0.004734583585049068,3026,2445.639169237363,2445.6305696879012,0.008599549461851751
0.1768127184943912,1.243959871026098,4.3053183505175845,1.0744943803719427,86.52166210612172,73.14869533237155,0.005088689100288755,4548,98.02234757322871,98.01288020454697,0.009467368681741537
0.14651354905174693,8.05151352329118,4.600554396416022,1.492683683506414,429.6615815471301,64.88899085664629,0.008469994542353422,1905,1774.6246058477268,1774.6037588952609,0.02084695246591205
0.5782191684113333,1.0946190208748814,4.192823270385666,1.135182971082177,181.98259394397,56.86961641870514,0.0025963009379775977,7364,716.972522697765,716.967899316248,0.00462338151697889
0.5865716094490959,7.857009049397356,1.0757747341389419,0.9598241216578599,344.68505022568235,91.97928727837954,0.002982798410155771,2183,1663.8534187692192,1663.8479224754374,0.005496293781770617
0.6736869113483859,9.039740444093104,4.990618104855295,1.0673003376552828,68.0579550852151,37.576837017204134,0.0038325541635623357,2088,732.7948426921864,732.7892151304435,0.005627561742874505
0.7534822003503954,4.8955592895145505,1.6636289969874822,1.2576868728716384,324.3115833366203,79.31359126903999,0.00809361129250052,2192,2535.3255805402064,2535.3073277997028,0.018252740503685128
0.9782668715162812,5.8198822578801845,3.758922107637665,0.8532625599447035,372.7722601343012,32.725107249454666,0.0043538639443127455,3128,2543.187957686877,2543.1830269636166,0.004930723260345979
0.5646703134710758,5.292850533558884,4.586156943510747,1.2225213441548664,215.93759652752914,69.25870667857161,0.0042235138745268545,6387,1800.3276109687874,1800.318871573291,0.008739395496318341
0.3906608256471214,4.502877567610949,1.5605920144881924,1.4518573314252285,146.9348173679631,89.64988507290505,0.009989347107297177,4451,733.6855232196508,733.6580180942084,0.027505125442455588
0.8156675752918333,8.986820818333243,4.587163496046797,1.3952539513604953,291.93380447159524,56.63214283825103,0.004454255287895316,1331,6292.339149569533,6292.3294151680375,0.009734401496068945
0.34374902613586683,9.045401596029915,1.8926671063769014,0.8473714756605883,424.93586199604096,77.94356057530632,0.003229934826840283,2048,1147.2419861101241,1147.2371158755855,0.004870234538649546
0.49507427863507253,4.02234728177381,4.893859500728253,1.4953729151173476,195.59631123349288,85.63146823991906,0.0066089231038084905,3275,1930.697804135121,1930.6794585398247,0.01834559529623751
0.17061074320803937,6.535627786132282,1.7656700917121357,1.2891088465927154,163.6111838845758,30.882113990208218,0.008216919567595009,6237,385.08816638538883,385.0743026926135,0.01386369277533261
0.12281566907391177,9.342168059312778,4.790461211410259,0.9135965770198167,175.52088888695945,76.4661516225688,0.0016264705035084334,7385,254.28395681490332,254.28133463750282,0.002622177400506607
0.9663835732101326,9.658526490472164,0.7409509290170371,0.8086912624185965,477.10946881249896,93.5872819190941,0.006570030080246276,2634,3135.783114126207,3135.772828590154,0.010285536052929685
0.8523821084609853,5.580631363798428,3.6917240525141586,0.919897845404506,211.67461209405184,66.10964878844354,0.001321619102922023,8648,1415.7057330027988,1415.7037135171604,0.002019485638422067
0.7263767854843282,5.075423247558941,2.894500102266517,1.386723144480017,51.62190794972923,34.88977956230048,0.0057369911588156615,1502,574.6954918407043,574.6847605245553,0.010731316149025536
0.4680576499728429,3.508248843356732,2.650446847052288,0.8151475274616147,401.75654358182885,30.155402527115438,0.003312924073820283,4569,769.5298436486194,769.5263287735124,0.0035148751069027733
0.2559648880637612,9.629846858713691,1.50572441415128,0.9632031125326607,364.67365790092555,40.77882643733983,0.003759775279058672,8316,964.3514570364007,964.3463588336161,0.005098202784539206
0.24079333840397746,2.2853287402558062,3.675181053994214,1.3301139167344127,107.855719071336,28.281061521334607,0.005203863675841444,5647,273.88156915056373,273.87268987992496,0.008879270638757939
0.3252186083481358,6.218466184429525,1.358642711508382,1.2102773751286946,493.2069121107106,61.0715257268038,0.009343967146710284,5018,1780.2555295233672,1780.2373142795007,0.01821524386658428
0.5943039982355084,3.54295240766775,2.9877880819314573,1.3479149972521343,323.62802838730005,25.576374616538764,0.007396005759290889,5216,2282.152171221138,2282.1396522774207,0.012518943717209194
0.7431363304300561,3.5110746131301696,1.6396041336811287,1.3223053526787516,275.35077092327066,37.87236997089812,0.009431610366560468,6891,1842.8365523823222,1842.819357672618,0.0171947097041241
0.6941776390459582,4.6447172863856965,4.8002962090161025,0.8354209709852634,221.99867043030096,55.19283551297715,0.0069397390410281,6231,1015.8700777590587,1015.8610802937518,0.008997465306965732
0.35194050725134857,9.989136422340891,0.6288403722604377,1.424757993365906,454.40274000363706,57.91318003216172,0.0010639697237907369,9214,3446.9459616872773,3446.9435678823784,0.0023938048991545245
0.9593787525968747,1.4946967615583986,1.3987772605005646,0.9589222839975882,159.78356663835348,65.23187881175716,0.0033902667761290988,8848,407.8630257023773,407.8576540100971,0.005371692280182635
0.7641072250261917,6.206876363831783,1.5903977287435147,1.1873747081608346,178.59600509895583,76.44919702005812,0.009151953199483366,8431,1500.2028496037854,1500.183675226397,0.019174377388145883
0.5989186472602607,1.7431494223174946,2.3633052159551737,1.2510017095694452,105.08486300895511,23.778291173237402,0.006791009688709704,1479,404.48472391584306,404.4742082509944,0.010515664848654988
0.650548671610917,2.3906874699146705,1.5472860884152408,0.9180397476195669,391.60359301291703,26.44967617406266,0.009834825129132474,3354,845.5281906510828,845.5167738128205,0.011416838262323014
0.47764005618501093,4.956066475956088,2.7110709062095335,1.483361879690682,317.997176182634,24.86873214438246,0.002403676172964661,5864,2562.431308878908,2562.426856657284,0.004452221623866802
0.32295789055104174,5.594141182117972,4.426094854663425,1.1417091692611163,324.0797761645242,53.85202523719283,0.0036707304979586752,2143,1367.0638782724973,1367.0574304777138,0.0064477947836044346
0.42037541078613544,3.329131675280716,3.7042853963412687,0.8403498869181755,148.31169395875864,23.347835590634745,0.0042613089356533275,3333,309.67458038203205,309.67016330777955,0.0044170742524999446
0.7820614994179322,3.8481141778697454,3.1098289124079996,1.4560834313444884,343.0257751071877,79.6865013465061,0.0039390203635057955,6083,3957.5114866086274,3957.5011806133584,0.010305995268812387
0.11295413976678029,1.7827031823033974,0.9005143009220584,1.2103874902352876,394.45630126108875,37.84001448307823,0.003267923771348926,8952,175.15369255325018,175.1482403548122,0.005452198437987393
0.20446537645622462,3.7289780545982545,3.6229644877517404,1.2894352385869634,211.04983882656018,95.1369994631967,0.004991191441811001,8574,527.4925313459522,527.4799726835671,0.012558662385116453
0.14140237781957748,9.699025954424897,1.2488642793992293,1.1676230529539569,410.6062147827705,58.91230040776891,0.006780683110324342,6271,866.6111897563577,866.5986082215378,0.012581534819925773
0.13665592208707314,9.502366435052336,4.038653236827641,1.3843165683438774,206.95576483940943,55.70606019537613,0.003801312305980265,3645,733.8934923165979,733.8852987217696,0.008193594828293432
0.8699145256099066,4.013904611232865,1.6252554132956893,0.8231934235352477,391.16230767917943,82.44309541116002,0.0017172993098283013,6444,1300.3271994715776,1300.3246203291865,0.0025791423912029606
0.7332920734420213,6.137685426508854,2.376719277444054,0.9878648556940035,65.17854835597355,77.05231871143928,0.0073767927420384715,7067,397.1413824887907,397.12848020067594,0.01290228811476073
0.5267564461785927,9.1863585199985,2.077115910430676,1.1287538494818845,298.0240706631437,68.58472327585143,0.005131149002031418,1838,2252.8586818332064,2252.848917736143,0.009764097063538372
0.18805074458590135,1.0556544037680702,4.364662616036855,0.8536225314195971,486.28695228794896,94.8117365000296,0.00600834075481057,8413,361.1903311901134,361.18033957853817,0.009991611575252557
0.5424542876051491,8.296152133038326,1.0694500642103366,1.2941346685286608,491.5600703070758,53.78074087896616,0.005098605914475236,9191,4182.495169875588,4182.485022987605,0.0101468879830383
0.5261245937025091,9.535325975100271,3.0454019707315485,1.0755643898389486,176.78866025378326,84.68253406178292,0.009013217531094193,6035,1353.7153480667066,1353.6974443955373,0.017903671169326067
0.2558816829190137,1.8219316090020135,1.13927724249378,0.9908675931877009,248.62959098615997,50.40743565966548,0.006028704974497421,3209,184.97515417727652,184.96616936592062,0.008984811355894698
0.4904664843141757,2.4530291742962893,3.67158126259484,0.8023651927658886,78.34005859398488,87.06765394368838,0.009309491558665749,6048,151.51509845168178,151.50112522377523,0.013973227906558541
0.4586542609576361,9.646716724942198,4.572851575075165,1.3038812182249677,443.00358842206987,40.75797031727749,0.005595178074004003,2959,4911.973954384516,4911.963685460544,0.010268923971990836
0.6542650882469948,5.837861292763117,2.4557344424026404,1.3836665162110033,305.85746891309634,43.1413658268826,0.0036332934601625367,1275,3177.456002845481,3177.448806747543,0.007196097938148836
0.6715842857808795,1.1277697102455133,2.6964151711923914,1.076528374977049,223.29530552323266,74.22956272139632,0.00419898328458577,5624,664.6226041122004,664.6147283703258,0.007875741874611859
0.14077360879484008,3.3186879888717624,4.6734027641724305,1.194952583923356,100.74675132011889,37.01706359614371,0.00569916364226307,2841,161.8598317997668,161.85050062215748,0.009331177609316642
0.4371513531638241,5.0494930684197366,2.844461248922107,0.959380638150719,476.0452784736001,38.3323349620343,0.005769904940245078,5145,1512.024388472109,1512.016731037175,0.007657434933843621
0.6632739241428127,7.236180199222909,2.6941929712230244,1.2355383523960932,288.59857151944715,44.42099432139318,0.00718603931394054,6675,2901.7971570257578,2901.7843344241105,0.012822601647068544
0.552822632722079,7.5984434032311965,3.1024809621693685,0.8084962208206404,177.31756808730674,74.31430157283006,0.003020453849679677,8057,685.6738080952449,685.6695512955109,0.004256799734001298
0.8708408570694901,9.958793616329105,3.6015338136332837,1.142050727969131,207.5968085591793,91.15104739385855,0.006929586099689516,9181,3197.4406363452267,3197.4255087682254,0.015127577001263593
0.6928242684570505,3.5876007944538313,0.9809751878916413,1.2509438372884847,171.81373141496644,73.96541209015894,0.008007292075426772,1487,851.032862202029,851.015436656132,0.017425545897001887
0.24664098437328674,5.843980916816277,4.194997374836822,1.4427342412608137,320.8144139856413,86.22513954753002,0.007089327905202911,3127,1653.4319077426935,1653.4128606054078,0.01904713728563906
0.16351187266038686,5.799911930736445,2.4597726235396666,1.066935071985599,468.4836091012295,63.484847175557576,0.005336452988358318,6405,720.2590934460885,720.249785192962,0.009308253126500713
0.678177350385684,4.650807335025138,0.8255682945386849,1.335633142086721,435.51221149695397,25.51385770761162,0.009925125860051507,7704,2885.4511454094204,2885.434506881965,0.016638527455814765
0.12386017948745964,2.522457044581782,4.037822011391959,1.2183809209604506,257.17139394168987,28.037296920680053,0.0046433184321629465,8265,310.20800281664003,310.2007593234777,0.007243493162346797
0.627198023146117,9.797109068654583,2.1962748725882246,1.4489084790475564,421.9247130354535,64.35135826935324,0.001959315531218463,6597,6662.904574171432,6662.899908451857,0.004665719574139831
0.9462072172824618,8.679854679999275,0.9516537279277427,1.0788643729616014,240.39746657434844,46.22407749136877,0.008393537938666087,2940,2550.0365754171244,2550.023334111806,0.013241305318570963
0.6179267600882911,5.4849972546481345,3.3520056779446277,1.0233667379110916,163.53821334138712,37.645445890955415,0.0029098109699237642,8735,935.2457618592116,935.2416630479481,0.004098811263524558
0.44935293358586975,6.429208804156268,4.460591090451388,1.4209993990859007,492.53680186989254,57.300554184209666,0.007419570156121979,5350,4866.709633965809,4866.693049446335,0.016584519474296077
0.6789593965981179,3.045349482036961,4.494890792362939,0.8344710809858025,186.7494055868698,73.31973927234412,0.0026107865444361333,1959,665.7531974006725,665.7494214119951,0.003775988677532445
0.512427601442365,5.894083633525722,4.809485636640379,0.8954697750535738,195.67590394410877,50.799355818868676,0.0011518965177214544,7630,860.5995914132932,860.5980359352563,0.0015554780368840216
0.5910551103843414,7.254731198093283,4.404674568950096,0.8576831042088312,495.36179050393497,84.20338057258733,0.002438187434101231,6792,2511.199832674341,2511.195980627675,0.003852046666109549
0.9473183278988727,5.636503255479299,0.5096341370546384,1.3901769696034818,110.2673719245447,79.0818597257115,0.004392898269182398,3563,1240.7641449396174,1240.7532085787743,0.010936360842998805
0.44749237402069686,9.912566535264471,2.211085248860256,0.8074251963592236,392.24029460436276,78.79319057276534,0.0019595642241681845,1463,1387.320425052622,1387.3175961840282,0.002828868594055993
0.9650715074415228,6.502074906229535,4.183441609574764,1.4031600088479337,471.11574131722693,98.81517517419108,0.0027791117581211387,8671,9565.273187451643,9565.265434577384,0.007752874258236784
0.9148155777604574,4.338763413329522,2.148138526993134,1.1158874567598869,280.3077474239384,43.61839818973078,0.007881636499159538,9207,2071.3306223161194,2071.3179910502686,0.01263126585084693
0.2762120213103668,7.949368248542543,3.2069682787086777,0.8028176951977796,51.134792766269015,71.57804690727161,0.007928952471794178,1918,101.56901896585741,101.55809715953583,0.010921806321582558
0.16242517078764893,2.5341626042347785,3.228426263185394,1.0811516240484293,218.7765248508978,88.43826721282508,0.008357394044718792,7087,239.3733456699639,239.35631912277594,0.01702654718795053
0.19070020123968398,4.4606423233563985,2.1426138681747036,0.9307605887315249,100.20604657317219,66.36195471311288,0.008570397128928334,2613,109.32812946929599,109.31485879633594,0.013270672960044586
0.11639964308639476,4.122630553398272,4.570132672765794,1.2370803412305142,237.28444742016308,83.16017408923142,0.004783923051523799,3120,367.44081505470683,367.429975457644,0.0108395970628567
0.18499866468033557,4.886263855969995,2.7645275542375294,1.2755511529451526,405.5120427390281,53.15617486719298,0.008807946946241757,4391,933.8615039103494,933.8442968341935,0.01720707615585104
0.7147060960747211,8.036018433358537,2.5915289267187536,1.1412692992834998,247.4201969977102,67.23930765238437,0.005733431875126388,2881,2447.7885261366896,2447.7775830169267,0.010943119762752905
0.1640697836142061,5.357557289470667,4.988811855478532,0.828363667807769,244.36630460566514,24.45331142434626,0.005235374052424074,9931,284.64805176817373,284.64265448486367,0.005397283310067126
0.3870780672643852,8.146130052393664,2.720751638326775,1.2592901630570414,300.555264613481,98.86140846598506,0.007466826960961983,8362,2004.8575236974334,2004.8388249545942,0.018698742839200144
0.8603877798725091,6.1884001282587935,1.3027921336786148,1.389427148523865,311.7607631364561,84.00147851587337,0.002924365702239165,6001,3879.1719490786604,3879.1644727432836,0.007476335376936735
0.12094474216224328,4.0786249119179985,2.8088124028854713,1.304226994128481,435.3333389595371,89.50472573051596,0.008105476391447248,8256,616.8606312419612,616.8405979751827,0.020033266778426654
0.8330216343300423,8.289808693151253,4.1630753098396855,1.380970543268723,188.75994765302818,75.54354225143568,0.00486519243909583,4843,3734.274793499005,3734.2629992770703,0.01179422193502826
0.35366929729605995,3.1446070349778243,3.9958714710422667,0.9403566664856212,419.7520689656072,34.88400262469596,0.002145658726033844,9989,937.354778354881,937.3520568212846,0.0027215335964422397
0.20634834485949063,3.0194468181981593,4.04861794298812,1.4222215577595378,304.6701869114213,22.48227539344258,0.0020738072216527083,7129,898.809654940974,898.8060424324078,0.003612508566248287
0.7270634488277355,5.540526316493522,3.686107027990603,1.025535415453574,185.23829737271612,89.17252861888109,0.0024841606946203014,4210,1306.920837044217,1306.9160176947717,0.004819349445391931
0.6660485621018956,3.3476432136588,1.643980230800097,0.8093833699763937,182.8067198027347,51.70645229888984,0.009015154608194043,6516,398.1626286336288,398.1515590443207,0.011069589308096822
0.8897248121743477,1.0817833145609468,4.379378386281042,1.3903741524303495,212.51188269757603,41.109190083193596,0.009918440400331428,3531,1996.1425927782454,1996.1231333366957,0.019459441549883456
0.7615639394234972,6.834677745689214,4.520495594193193,1.4592748882753088,330.211959178989,64.93383670711555,0.004212764192811551,6487,6080.900260046522,6080.890120605319,0.010139441202692022
0.8231328373463638,5.5998443932515825,1.3736871347834707,1.2588907381921441,153.86527911197712,53.67188179805755,0.0036292946698476785,5553,1399.7213287644852,1399.714307672243,0.007021092242129331
0.3538311153141758,5.009660330438451,1.0870503644812726,0.9620056413243973,464.15010275252035,72.13327965500456,0.002968938753349036,3279,926.6326556877318,926.6277393274571,0.004916360274665617
0.2596955894017505,9.702716631564838,4.8902223586510045,0.9762211249977713,308.71066288005517,58.70345864436109,0.00841434829450521,8305,1114.9629893502647,1114.9499530283088,0.01303632195603747
0.7755532764767725,6.140792655666223,4.407457836426656,1.1266150114049336,464.00709964820305,75.77865123522164,0.0028828673417698853,6556,4818.016455893231,4818.01074681072,0.005709082510849247
0.8261512653405376,8.77088420010446,4.51956266244476,1.4284817557209937,70.88196136061961,88.27386156073143,0.009316811169372429,1154,1588.1485789538135,1588.1235217836859,0.025057170127610898
0.991454627800606,2.2550521258464418,4.4886937308097785,0.9047183593032909,204.17511670766302,35.644560876463125,0.007006153410741545,4665,1117.3957126250266,1117.3871146648337,0.00859796019284683
0.47135590922028386,6.122858168164849,2.937590708151778,1.3781815687084409,60.26344730943038,46.354630445238946,0.009074150125022752,7727,488.8569310799465,488.8386282238556,0.01830285609087427
0.43481627721350485,8.811816640578126,3.4088078149960985,1.0039119660936053,172.51331679408642,54.94524692565111,0.005986088689547317,2114,923.8840203332148,923.8747088892026,0.009311444012253854
0.7987716646677971,6.247951815519082,2.9541328346013875,1.3660103186003685,437.9029125208647,96.96467584221105,0.007216118759642472,1699,6006.148586012665,6006.129170628079,0.019415384585635007
0.4067231862277161,7.4621276031430135,0.7304285713564809,1.444189838321077,66.47437212899038,49.226689083798824,0.00657512290591937,8565,461.992040766511,461.9778706094647,0.014170157046355589
0.9376815930432083,4.348392110309867,3.854763884087477,1.0992457103960243,246.2661949620852,50.48798796741036,0.008480759106914173,7955,2288.9345902390005,2288.9205610895206,0.014029149479813001
0.8725714766587106,1.8320456533335996,2.773994150011461,1.0555354578738716,102.9051817129525,72.2778018367649,0.00852274730067293,8109,460.8145709669841,460.7990727491628,0.015498217821298937
0.4860946246375165,5.121102656143643,3.414690836556034,1.3615549232799113,237.5782966671655,53.53597679119594,0.006308136998606126,9787,1827.4476557523008,1827.4344687391938,0.013187013106935892
0.7757839610123477,4.550314517549718,2.761879122389909,1.1706380176655757,427.4832129189698,96.09789965116842,0.006692568843967951,2013,3323.1871604787425,3323.171797040692,0.015363438050311456
0.7790885866762142,8.803541641410526,2.713150950451052,1.279114333924238,330.38196503113363,91.55750083803551,0.009296883284480471,9731,4850.1114681222325,4850.088688532038,0.022779590194291828
0.19281148195233935,3.1959577211722503,1.2730509926499507,1.2359804658728257,381.5403553991404,61.072702222053834,0.009368798355684726,1011,502.25459206985425,502.23594041186243,0.01865165799182066
0.9122976160116101,9.700608047815972,1.7542117181351702,0.9070221919513575,207.09685195231143,71.58201871582799,0.006978248055056636,8474,1780.4786589528276,1780.4677987961863,0.010860156641194265
0.5547271352030715,9.623243078240465,1.2148371137478011,1.3913532522026932,474.97896275456367,24.642444950689644,0.001069788503558472,5459,5528.166387917573,5528.164532672473,0.0018552451005843086
0.8438117194969675,3.2286847876429485,1.380498330314041,0.9370425779891953,369.16794220077503,75.65844224259185,0.001939700932785469,1661,1260.7043351468262,1260.7011424099617,0.0031927368645935103
0.3880446409275506,4.132467599295884,4.878398211891372,1.4525975008495466,239.8094686780389,76.57606983592258,0.008721482785969747,5633,1769.3372274859241,1769.3148574095517,0.02237007637252368
0.9059709056465804,9.060001667864965,1.189010505974893,0.9753999039955035,241.9091601021747,48.735943651456644,0.0017624270473372136,8381,2137.0491479468924,2137.0465910701614,0.0025568767308622943
0.4502815108607468,9.699599988064968,1.7117169093734343,1.3137166812916194,463.4078800744839,37.57463069002181,0.0029216726276955975,6574,4109.483890817862,4109.478610359505,0.005280458356391353
0.10975388633226853,4.990951925524397,3.1576534598236323,0.9992587754455144,309.3821120459263,93.20627214536134,0.0030749201219948665,6871,276.2890463163606,276.283109781391,0.005936534969631969
0.9148437787773374,3.8889734107680805,3.2458035930648883,1.0224497860108048,367.8706444563688,54.13639206441022,0.006402112928019145,1579,2510.1992671752782,2510.189177655224,0.010089520054571971
0.1821580091075202,5.734846119263878,1.1928835838472307,1.0170012969476137,237.66585103092683,72.29648838413685,0.006189695180953879,9453,310.2159960872198,310.20515014728346,0.010845939936382701
0.3873822738313734,7.189922857291613,4.071728416033455,1.3235245778182583,150.66174414412134,22.666303598100477,0.0036047577107836026,1495,1151.359737538452,1151.3538851469832,0.005852391468875376
0.9550557703457244,3.461270638374818,4.033412905607713,1.1897705825785752,375.6016813974884,53.1253733261469,0.0028685022901159857,5225,3805.7180514410893,3805.712825487023,0.005225954066132533
0.9555464322438005,7.6282585715716555,1.56792966891751,1.418066719093248,323.5206974636245,85.3807048811104,0.007880788268717282,6934,5716.8476791658595,5716.826961975655,0.020717190204979856
0.6160940993109575,1.4649162140317693,1.798998362039572,1.0151609034428315,275.6042961911507,51.006080032057206,0.009419105400453787,3136,571.1531321388375,571.1386930770731,0.014439061764445555
0.6686534909528193,1.443650434879748,4.720945394567736,1.284394765439721,330.8094229975087,68.25289281095014,0.0014752511192479484,6063,2249.4754906160842,2249.4723025521694,0.0031880639148148975
0.5036009697804879,4.476589346309907,4.215521506907651,1.3270640197641774,143.72851372890514,36.78846403876315,0.0021986241643437657,6451,1108.0007695865827,1107.9967784890198,0.00399109756291718
0.3638896945282581,4.181258728546485,3.6400866487813572,0.9060374791209708,407.2724179393803,53.32205190716476,0.006779475898351368,9821,951.5526955582728,951.543277813709,0.00941774456380674
0.3957980908329244,3.8406989383043704,0.8700494967977024,1.080412550123868,476.67326225913763,94.21101744425494,0.008239973065042832,9697,1037.4588457532252,1037.4415559808433,0.017289772381926232
0.7052666104693346,5.41917786402019,2.382188364061591,1.137972246045288,450.99641487546626,65.31613997608298,0.008120698018987597,8297,3213.382943041873,3213.3676659641797,0.015277077693699655
0.7771370764939121,3.886602240804141,3.0168584243457217,1.048981172926062,194.6460853881577,92.15451672743453,0.007477148377744204,1206,1149.0825808319612,1149.067509407894,0.015071424067087478
0.8124211393532637,2.7303212662128273,1.3433507959269961,1.0254788171783966,232.70259797693416,92.16154395916347,0.008986851590482828,4130,809.8999940783979,809.8822848049846,0.0177092734132907
0.8106563285150985,3.785225941797408,2.5170196194870105,1.2804939257983494,413.78103490890254,95.53182403395836,0.0029561399161373157,2854,3466.2401837737507,3466.232782270061,0.00740150368982836
0.18208549274382133,9.774138455292114,3.2046164486991047,0.9511064783616421,317.80270887107173,91.63133280640842,0.0019656185184275246,6578,679.4015624783514,679.3979799066175,0.0035825717338860415
0.5449782742323234,4.7000207529536375,1.9731950605192965,1.29657352167579,296.56149965449214,20.26249032082405,0.006538266730822316,6264,1813.1171563243806,1813.1069612599495,0.01019506443121074
0.15180288401497985,5.002414991725022,4.014251685277192,1.4545309374735114,466.9888853900503,94.72119132652776,0.008400483023710893,8477,1352.3407938032217,1352.3170012834182,0.02379251980353644
0.594575994091362,6.18890490956026,4.282023117374624,1.1956382648244257,291.21123243967287,30.99675512683011,0.00623839220632516,2660,2591.802568354928,2591.7927974897916,0.009770865136491967
0.4973774512360393,9.85006691572804,1.9562426124533183,1.2280039657176318,281.72240581428946,23.194100088892043,0.009666977387130156,9084,2494.7310391799333,2494.716414701665,0.0146244782680959
0.8989337644824699,3.174411487921867,4.273957195216057,0.8482528914868624,68.90836606986184,24.431082766244224,0.008160080152526105,8548,331.98829762490175,331.9796847398006,0.008612885101190728
0.41582351129687084,7.131538994791905,0.9660945474635676,1.4051338325324798,81.23763136556194,47.91329561411469,0.007307126208183349,5979,540.0972999246009,540.0821129413897,0.015186983211110422
0.2053603147848453,7.443862241875517,4.269780943801954,0.9998134510399059,53.33913854629258,69.6643268215035,0.0015423156178456024,6046,128.262977844983,128.26036157372627,0.0026162712567338125
0.2286925138475523,6.465919751137593,1.1873769425042746,1.2305358158699955,460.9599016026351,52.1848957215198,0.001969680148585139,9476,1221.6687792654866,1221.6650906658622,0.003688599624515909
0.7853595685457251,1.7972050567297968,0.8731721862937671,1.4853785188213615,233.77399700796528,22.044342771950358,0.00806353869332075,1718,1081.7265938033556,1081.7119760555051,0.01461774785044994
0.656396256984635,7.091850482448188,3.3879893199845506,1.2168518204009655,260.8526192600356,58.11861073397718,0.002784141330193264,9693,2657.004008543692,2656.9986516631293,0.0053568805626867
0.19101040851051124,1.5768523993255794,2.6237181458988243,1.3072966412250644,430.4241264166079,55.370459381630404,0.0012595165847109151,1257,590.2175187348535,590.2149604642196,0.002558270633843015
0.1756961255034977,6.365283845949072,4.585507701857748,1.1117237327566263,324.1608396691001,80.54794124013175,0.009196846171722685,5905,770.8544774977834,770.8360176404613,0.018459857322105776
0.730872218313208,7.656230594995684,2.1343513824088216,0.8422560904605402,324.27571837576147,42.369031874035066,0.009017248363311109,3597,1646.0975372060293,1646.0867245167356,0.010812689293698463
0.16548670572777419,2.898729015579554,1.7921851854693291,1.358319544642852,183.4404932096656,37.40249390354937,0.0029663544450834268,9012,262.7416121743706,262.73607587446577,0.0055362999048253585
0.8396740533613206,8.574598067884967,2.7533070776488926,0.82449918888479,425.25876826603366,40.4751166141301,0.008021856322656593,7798,2749.7647919685146,2749.755500924591,0.009291043923456947
0.7356180044408466,1.2731842497970383,2.551757835958976,1.2904604802214978,124.6234892177722,44.29918581038784,0.0014318169509048959,4013,583.9403978692088,583.9377316485494,0.002666220659440503
0.1732139025777098,8.594315772924755,2.049926207977347,0.8160451012047459,73.91731647782656,67.93318986937332,0.003565522034409368,6224,90.76018720692961,90.75530097784885,0.004886229080762379
0.17635394267667273,5.142961455784886,3.6218358441424785,1.4036136656036695,136.22151088333953,57.72203883616639,0.006613002174309625,5617,414.8425025790629,414.82786266134514,0.014639917717787132
0.9879756206510579,2.9582914593848004,3.9180282526125874,0.9103452250830865,170.4817484485541,46.95156521432463,0.00786861096542547,6064,959.8363205813597,959.8257942167592,0.010526364600482467
0.4368437161805083,2.204003304945712,4.338427860635615,1.159990046809786,177.03997603439302,49.94513266269428,0.001093592699093706,1887,680.8419957166366,680.8400935776905,0.001902138946064831
0.4335779323602018,9.579764508241354,4.877854721196543,1.2180054931382032,351.7311193784454,49.673892812718094,0.003935877519463697,8281,3270.9521673130757,3270.944992065736,0.007175247339434682
0.8315196105317524,1.6539902882304105,1.69995286459627,1.1202817851613884,148.02106429788958,97.79253557682539,0.002929110040573066,1744,518.0977498122732,518.0912593913922,0.006490420880901805
0.9525237196454729,2.791840779423331,3.722420671204827,1.0385344425442211,354.49623702274306,38.6397590442362,0.009989023651738514,8236,2372.4499282589704,2372.435545846467,0.014382412503496159
0.9874009574405839,4.1304011268974135,2.2741620597308536,1.1274700073266801,91.00947795520989,85.44492482178069,0.007038840091467116,4436,731.6247917332041,731.6100746735939,0.014717059610214675
0.7780403667330474,6.582113640650084,3.5468688737799865,1.0179910277168112,116.24110749405907,76.65686700705496,0.0046510430759176945,6163,949.334835246929,949.3264710387019,0.008364208226973143
0.4386336269778242,5.903209767484886,2.6419176065714916,1.1066856429566043,278.9696518209477,20.445600448284047,0.0016808734178261652,2704,1280.6390357598864,1280.6367952326586,0.0022405272277247388
0.1751506450288019,2.1307914317108256,4.971978962455692,1.0512390936986216,464.8531111594892,99.45409745003903,0.006388032317562675,9402,639.0978653909079,639.0844713515629,0.013394039344974686
0.7994322243346932,3.6075518536439315,3.7800596110583746,1.1963433764550018,436.80541496500126,80.51514965068588,0.0067753132384245785,5064,3692.216259045828,3692.201627207843,0.014631837984990919
0.6025638247622246,3.1487659397742167,4.78621085195446,0.9665469135714885,485.9390490992614,74.5959669080633,0.008347653347528216,6226,2170.597061168378,2170.5829740698655,0.01408709851233471
0.48179980832227864,2.9218856904130726,4.2573629726653355,1.4920595884398087,342.7155793751769,52.42597661413099,0.003597191676274272,2956,2639.083602574761,2639.0754215306556,0.008181044105184604
0.9157189465852624,4.7002990283198836,4.56305455023517,1.150608967367516,354.1166898872414,64.41624711314317,0.009832852724320868,2702,3976.8057445178115,3976.787142844205,0.018601673606678366
0.20007773407553622,7.336283073324912,4.164886387466037,0.9359134541901568,331.2603495191714,40.26167165339761,0.004955191653825546,5214,667.7068481156095,667.7003432974934,0.006504818116172938
0.5433625938617732,2.9570763899551236,2.5662160866916013,1.1339467246970907,330.2685152861888,22.8386724116558,0.003663493791935443,9677,1274.506320086874,1274.5012171144085,0.005102972465542194
0.11021828029067716,4.300109917326832,1.6330480400609797,1.406490590667377,116.20415528041309,86.88173267567782,0.004136044006013121,3501,150.3371345099674,150.32626302589364,0.010871484073762283
0.5217945777947136,4.5182568415704605,2.16644078952735,0.815264755187077,294.6825302737679,91.71875949449374,0.005676274476704115,6127,683.1855861131341,683.1767140082853,0.008872104848801118
0.15067294811365362,9.788108764918691,0.5910630468797771,1.2756878833751022,223.73057005327658,32.99765092913919,0.009430314080564146,5607,569.4090701034161,569.3930703032586,0.015999800157514017
0.20693612464126473,9.59199721191162,2.857969253591002,1.1835774577557496,249.14174709978204,82.96448766765864,0.007616429181274606,7537,899.1917946761037,899.1753010973962,0.016493578707470456
0.2057736220993944,8.201238244768684,2.7727601012168392,0.9186905960590949,285.6202578766568,79.29221386285269,0.006193986845174041,5056,544.3651082840919,544.3549059162129,0.010202367878891276
0.6842892719044572,3.1749302873726664,2.863627091737197,1.3722335075134444,107.77827731101323,34.270000154887235,0.0024652934918187566,1197,838.6148690027202,838.6103267045581,0.004542298162085374
0.771440391338881,1.6123358268250272,4.883140512374287,1.058219235661804,211.76948023345392,53.746304205983506,0.002344179798017845,8631,1188.3091657623604,1188.3053518452034,0.0038139171570059265
0.6250318885874436,3.852137239485623,4.601543015546777,1.0056614201708551,78.55230239447161,53.82063366672827,0.005519772224322077,5963,419.7776626610683,419.7691240438927,0.008538617175588218
0.9659552936270878,3.4011509449044777,1.227707502485486,1.3796876342998308,490.85065869007957,80.79714066441989,0.007558378341414844,8968,4177.763090699982,4177.744236810511,0.01885388947121622
0.43738352157133364,5.553332201317545,2.1599713470015014,1.2469675323341654,103.33761296905676,87.01287246208443,0.007759109554795992,2315,542.1082950073845,542.0902008430388,0.01809416434575451
0.3571408776536747,7.999551190610138,2.4078028075846785,1.4287813585723772,166.33613234522952,27.58200971130968,0.003033229454886326,7296,1262.11794248908,1262.112413312256,0.005529176823969157
0.8817392153705143,8.724906449909723,2.122398130332415,1.2409185925698396,451.08181701652876,65.03753879233624,0.0019008956156252796,9102,6643.610306584116,6643.606413585055,0.00389299906106305
0.30123625466750736,8.603776768694576,4.093231836217608,1.3185723605524806,267.21952080761383,80.93987975431082,0.004460148903284105,5862,1776.999766304939,1776.9891251780152,0.010641126923627548
0.9669002854965502,4.237080051007609,2.8581695144041412,1.385512127381729,111.03674068428363,82.89524752521268,0.009263552889196669,4341,1462.3243243451693,1462.30085017019,0.023474174979406875
0.11093902722083471,7.185109091146146,3.0744491763723127,0.8383177451369559,222.90374211770703,31.839481954432713,0.005908305274024441,8747,178.3050317469186,178.29850168839255,0.006530058526031991
0.9728909440368751,3.8155077777179804,4.338561015445665,1.3432342712085663,102.14059738612362,62.04041145206353,0.003880897901485969,9448,1461.9851540225986,1461.9767069287636,0.008447093835063441
0.13884392075551852,1.5481498891166443,4.126676690369114,1.2295945372947037,140.0971986880258,88.60469650901624,0.003912739015052095,3562,166.90001546330984,166.8909415357265,0.009073927583320561
0.902028802328264,7.314087390426481,1.0949518526913486,0.8486554575606353,73.41343112743026,45.48148612682273,0.0021887834069996646,2667,401.05879966144244,401.0560973094005,0.002702352041933607
0.5749309981776699,1.0884479731280905,3.712615628376354,1.1560045453081005,247.20237254709497,54.00935191294377,0.005259013624955422,7314,911.8625116778518,911.8531487660799,0.00936291177187799
0.9936683165073703,4.682643287126397,2.45946258005916,0.8577206545887678,412.9862547763669,84.3486809069066,0.008122264106633546,7413,2156.2427230817602,2156.229880184456,0.012842897304281821
0.16641690826185898,3.9644134237186814,1.825920063781252,1.3151630412062556,313.68613041495297,27.145561694700984,0.009717028223746073,3648,522.840271931454,522.824023394416,0.01624853703799824
0.5984688559611887,7.240397846669672,0.7250846940598386,1.182551199728518,322.85538746807526,88.75946319111826,0.005514354999621779,6734,2152.3062783133564,2152.293969295321,0.01230901803537021
0.9723722820571891,7.89620925484341,2.6926230215545295,1.467501476188608,140.26281353745816,44.89253733846472,0.002504934242584196,9828,3110.147766707656,3110.1424404656645,0.005326241991442996
0.570788059753134,3.7368517237415544,2.099465063260391,0.9281947601002389,204.75222946356493,20.116025327290174,0.007146553598225781,9199,587.6604844707157,587.6525167019759,0.007967768739816333
0.6664587743217363,8.304643130003681,1.6318086785438037,1.224223416764265,430.3589467283744,38.73273160450866,0.007811122084707659,2579,4271.281259451008,4271.267993052296,0.013266398711701276
0.7261738200861555,3.645250844544404,3.626022783186309,0.948107494199344,89.53528294693155,27.16005127164052,0.00164529774480792,8615,424.9741090747493,424.9721254807939,0.001983593955384311
0.5090869582909959,5.016937239879051,3.9626842429201417,1.2298454893091788,436.0687941508402,27.39079255969953,0.008651252166681061,1134,3015.144067991419,3015.1305139888627,0.01355400255614018
0.6648022720756571,7.543166743127205,1.6015528356324116,1.3058547916525995,267.66051181915356,75.42685873140732,0.008463901509962717,5120,2774.853122703992,2774.8337334287917,0.019389275200600176
0.6258828807307902,7.236282063023097,0.7225134650570626,1.305613030530677,426.71634409630275,37.118106851125184,0.005252869486352062,3512,3623.345740228322,3623.3363363739572,0.009403854364811406
0.9110422094418901,9.8863162508098,4.319387152543557,1.3705517934778269,193.10288872748015,94.7793890381586,0.006043802667542815,7105,4694.425048593443,4694.408914345468,0.01613424797541987
0.1409017423073121,3.026449217943387,0.5448188354193649,1.3974851595708218,202.47932821235935,61.31556372730432,0.007420672573398273,7847,198.9987843224297,198.98205544711774,0.016728875311980994
0.3528668706330073,6.960861221856241,4.717006222646624,0.854090208387024,388.22219074541425,56.807860636393485,0.007090733125565734,9048,1166.9864228216422,1166.9769263404432,0.00949648119910273
0.9553703356689028,6.487137174481997,3.3242894329221766,1.040287009950683,403.24827802649907,54.742681457612136,0.0011488238037388816,7545,4090.56201017382,4090.560160834007,0.0018493398130414417
0.9012374055018247,9.235886090410268,1.9483098584059413,1.280985764251864,153.34010509556603,75.40701117373055,0.002101917734636372,7032,2536.2329947134167,2536.2282718328147,0.004722880601978179
0.5100910775071417,2.4072592748038755,1.609150593095313,1.1490104011738485,487.7920961698575,56.18102100188867,0.0024633150020312113,2232,1319.379970011557,1319.375549503673,0.004420507883957612
0.6581193380213831,7.766183472282397,0.5405254891901385,0.9334731627283541,88.02054691017302,30.288028498015347,0.0078010830016488905,1907,419.30612797196346,419.29664026532663,0.009487706636858804
0.3496430646830194,6.114417546418915,1.559621376548947,1.1868966991166885,80.8263333959589,90.41377445126052,0.0049607520660314205,6653,305.5227643668983,305.51155299379195,0.011211373106346833
0.2693090437513852,3.4719928280911487,1.119777356827135,1.0852049569363007,317.97689687874623,54.271627914052694,0.005909523637481427,6158,463.08366800786,463.07377449995084,0.009893507909152022
0.517328564445984,5.269914227324567,3.2547479932541554,1.0730267943580136,375.23334549722966,25.920366055960198,0.007954186932059359,6926,1905.3231627237747,1905.3124153503873,0.01074737338736016
0.41801700522344754,4.00398937362818,1.249455148672106,1.3668276022049646,482.3987581512382,62.34927899982089,0.0040688404215768175,5089,1979.1273630841688,1979.1183341858512,0.009028898317590805
0.6252905006657848,6.213820625096148,2.8788342689147868,1.0853188336825268,232.2256013594877,71.78774867645627,0.007740012045868959,9810,1555.2540602427048,1555.2396294175687,0.014430825136126264
0.16996117326848637,9.001005497331994,3.1555239005501186,0.818518153836297,61.3811340453349,42.04659713262068,0.004980693471666037,8779,84.97290452819868,84.9671135895365,0.005790938662181457
0.9769553268995499,6.123744859709818,1.8411876425611153,0.840644337223764,321.30335275088316,84.02723261390739,0.004394621689967859,6903,1766.8444520044259,1766.8376534609058,0.00679854351998247
0.9875896700316427,6.685501764939256,0.6577922705842342,1.3993708291841342,180.36320926944734,73.5820676829891,0.003997335376492661,8090,2561.431172471762,2561.4214627170045,0.009709754757498804
0.7283455426177706,5.668730624032385,0.6676424627638824,1.472420567008765,244.826204537931,72.02729354115468,0.009684503339431447,3844,2449.650951393509,2449.626420883077,0.024530510431668276
0.5824867297097084,1.4604895580092832,0.6185629948726292,1.2818865355189952,269.81126701247086,53.665996229423534,0.00794776069638081,5301,536.9371077821445,536.9214520946409,0.015655687503547136
0.37857485465769497,3.0957270118848483,3.826061002114458,1.0550578058700562,79.03067483211522,96.95322411290303,0.0011817634669617643,9888,230.52757689205612,230.52512122259344,0.0024556694626868512
0.8324155177362539,5.428015564888745,1.9310436716643415,1.4570202210563092,268.69180305384623,41.93513343593981,0.009616739378663816,5303,3494.2221641093306,3494.202276465389,0.01988764394151251
0.7162580552984914,3.792117553702343,4.083350836854486,1.2639621604630151,241.84385006194165,66.21644008123621,0.00797895666754006,9596,2179.47777870115,2179.4610156081017,0.01676309304799066
0.24635524541040218,2.635872379850748,2.4427977072928213,1.3910334844395364,370.64491937896696,44.724412597809405,0.0023425724300883003,8549,897.3199386596326,897.3152226747142,0.004715984918501917
0.9198344660444583,5.537195577265945,2.5384914537348373,1.3360966128259066,340.5496600455551,79.58438023772432,0.0016870431287018541,5962,4515.914643446229,4515.910595519819,0.004047926409810539
0.8402835186308522,3.905288141030653,2.807971711293082,1.0653975210408146,133.34707316775246,23.823318709609715,0.003773746842935081,1857,853.824646818184,853.8196684514678,0.004978366716166592
0.9548199219627317,3.3229687885607326,3.7086415536879676,1.13509154059555,142.76251319467863,23.671509430003937,0.006617633764114557,3392,1234.967400739266,1234.9581110053002,0.009289733965766439
0.753147557549524,5.175868756963427,1.7307628962336818,0.9302925080576697,162.95278044846796,84.86887756150331,0.006548920202345207,7771,733.5907670480993,733.5795040755276,0.011262972571811067
0.6520736763422109,2.1995583227395583,1.047143072900871,1.0044098703085138,130.52769813372979,54.741452885093686,0.0034826511263429845,8559,278.78671300387356,278.7813001336678,0.00541287020573872
0.476418732661557,9.349711597678667,3.0022580083615766,1.3446879629005652,345.7459398508102,47.29440436802846,0.00501107480791676,5282,3678.970782978348,3678.9608577924005,0.009925185947505731
0.939455635018612,8.809318881273152,1.9713993045923268,1.4257848743181758,497.49358064012176,68.60214897402707,0.0029070114014236197,1019,10242.825004400998,10242.818016224843,0.006988176155248585
0.8794575005503675,7.368585271664818,2.4912109115061685,1.3071222962759883,343.44875323217144,76.15194750951788,0.0014552081665006372,6457,5088.355785906234,5088.352435258316,0.003350647917495539
0.14069680309557048,1.955924448296106,3.411260187517874,1.125621587659647,323.006695786081,36.09610774755253,0.005652734206841909,3420,309.0574993664991,309.0488397893898,0.00865957710930222
0.12373027704752682,7.982895290227237,2.7235658351357177,0.8605564882578233,234.4675700079826,34.834499312378526,0.004122920208268343,8923,230.02366104498725,230.0188771092178,0.004783935769433145
0.43881703019024465,8.27161595298117,3.291254676953793,0.8398635640889138,190.66111648689233,96.65205982079053,0.00588594189068137,1066,682.3935929356315,682.3838716610404,0.009721274591092354
0.8294979977036496,7.9098815594290395,2.948900009511325,1.0620278952289977,459.9831906079156,67.17314451076555,0.009518565902234067,4133,4673.172573301467,4673.155673797526,0.016899503941261024
0.9885485163834501,2.0256929840731703,3.829083673712446,1.1246752031373641,486.05084336396885,51.20931818354145,0.0022903328052578903,1785,3558.3178364388127,3558.313941467452,0.003894971360938457
0.23537520199317538,6.795171613609883,3.67671477970229,1.2263844355493079,273.5492790144775,84.11533557356051,0.001017658164798598,7765,1014.0875397244038,1014.0852418911229,0.0022978332808411945
0.6347176438169216,8.508923161744587,2.9038545131387865,0.8045426649708981,180.59022297795087,62.01271670223338,0.0016919039195391267,8735,846.7699799760965,846.7677746445966,0.0022053314999282607
0.4428017709679194,6.1961806109770095,3.555063593868681,1.4928060233264144,396.55499345139543,39.33302482996651,0.005164374664914662,3132,3815.7576619709794,3815.746920217378,0.01074175360126699
0.9729229580331429,6.8176663770528005,4.431018210226758,1.05475721838283,109.6055558900953,36.53882445132591,0.007362388268220913,2418,1334.5081270408682,1334.4975240745302,0.010602966337912502
0.8579070308221378,5.1252713148367555,2.4452207950467586,1.393666264660785,394.5147069396567,51.74874129358574,0.006226872429854702,4690,4976.754985823023,4976.741816791011,0.013169032012615376
0.8544958342400241,5.758365878956473,2.3574338273695714,1.1744766939657831,418.52676844010244,88.79166882079036,0.005454051466363723,2547,4003.636394212599,4003.6243008671054,0.01209334549364676
0.5218238438154733,1.309391725165527,3.9391052938357105,0.8913076181733426,106.2067750822253,24.915833283540714,0.004185668179831712,1358,231.08677502618184,231.08211476878483,0.004660257397000246
0.47333755210389866,6.750667197759562,3.121492266688973,1.3582958867741652,489.5876609584537,37.48208006038105,0.003789767543783509,2562,4220.880778604215,4220.873701541375,0.00707706284009688
0.34606636473763563,1.7330249160204327,0.8195305110016484,1.2968789524439133,493.48053067481527,91.45214550820731,0.0043865755759448215,5386,733.1788540212077,733.1679625813968,0.010891439810922724
0.1507379469858344,4.91513134906201,4.514504070609866,1.1692052594504596,471.523765697308,29.73876551754004,0.006504714586081642,3177,916.2358535109448,916.2259864282755,0.009867082669269677
0.8782501386295479,3.6338958790066704,0.6385239600693806,1.160187163933646,273.21566423281894,70.37005746113347,0.002509785602789826,4810,1379.9247968750115,1379.9198360038315,0.0049608711800053105
0.8316109082170698,5.908851551905418,3.867783602943844,0.8612357240256496,160.7333640245728,37.08090944968201,0.007942258747491632,1478,969.3126783762062,969.3033018268338,0.00937654937238514
0.9997459059575176,2.2007470197088637,3.914573642169408,1.259094264001712,311.9041763968608,68.46934780095107,0.006177279160837993,1647,3023.071591817424,3023.058488647646,0.013103169778540487
0.9969731533665148,7.224790617759863,4.788999883768687,1.43787160902801,238.97022731214608,50.64833334753857,0.003422407398502849,7675,5917.633660459008,5917.626247080989,0.007413378019390567
0.5998885350423647,8.155103832356234,0.7436048378104434,0.8652714434549509,142.67689012273868,28.13415171447935,0.005510376665301554,1263,570.243810556162,570.2377011562353,0.00610939992670103
0.7920886736624595,2.4701900476884084,3.185855873530209,0.9844580154542335,240.65438432803143,66.59800540432852,0.0096650081891665,8102,1044.916279193182,1044.900427734858,0.01585145832388725
0.9502891568941852,1.9388177861669393,2.4252825678217382,1.431615581409469,348.75042605491575,74.64341976676688,0.0011844237623067464,9003,2964.2751711760257,2964.272209853193,0.0029613228326117957
0.8646826516096704,2.3096393450862323,1.9878482968679392,0.9990407368738553,81.91098985369598,74.42180951726422,0.0027957037681110627,4742,303.79940250879,303.79453086936013,0.0048716394298952
0.3226132915688779,8.894148057086515,0.9064335213458287,1.2577605705259485,200.03810065070743,70.96275272581677,0.0050354221591295024,7646,1000.570001875765,1000.5591741969517,0.010827678813308185
0.5054897217790841,5.753703355807206,3.0319435385208915,1.1743727154602008,58.00770050577134,60.01798247484366,0.006745957496018454,6200,355.30320467662716,355.2905276225305,0.012677054096691473
0.2162434736363455,5.2053489640675235,2.655683265535761,1.2174293235027034,387.27297745775405,61.557809348746055,0.0029100543965693668,3005,975.7304182663859,975.7246946196527,0.005723646733182022
0.9586459245328501,1.9604063719211884,0.9704950616796092,1.0910522311040771,338.31107042751535,70.85120878463677,0.009382635535385767,4140,1131.5492188721016,1131.531728927084,0.017489945017499463
0.645557171005792,6.846004060812656,3.2562027819368753,1.0099940293875977,78.20246061588463,75.22074893973128,0.006783148111821779,1129,520.2583007972255,520.2462965304367,0.012004266788845868
0.30577852495311647,8.811996327055809,3.820789041138223,0.8339734155107683,484.1319018208855,72.3901391065108,0.008896887540607875,4718,1300.7040269814484,1300.6912360336069,0.012790947841577834
0.7045306159652711,8.453672823911077,3.952752354741417,1.3209966575059149,60.1797007071953,66.95564519307614,0.003963861372252867,1814,917.9185117569144,917.9097695459106,0.008742211003826467
0.6563154164121062,6.634492380827211,4.574179347180923,1.3222654235359588,315.48229091423985,32.46711878432947,0.008460585408759666,6849,4057.70631371887,4057.6914944374353,0.014819281434777943
0.42234644622955647,1.6775084498650625,2.342618338499497,1.2695080180551062,399.36535780957513,36.84932307942894,0.0044039729520950165,6606,1092.830787372191,1092.823136292161,0.007651080030085091
0.20220183297966612,2.011573244584117,4.7888274587996165,1.2505436516837345,404.55334087012534,40.81792168282787,0.003274765952150845,1014,869.9533693404182,869.9476025116994,0.005766828718799472
0.7044158760335196,1.443780883988422,4.394432322872087,0.9706019925172684,65.4283110169417,93.57293256700018,0.00920489805247414,6305,253.5051473754425,253.48785300365782,0.017294371784691016
0.568276930813414,3.3173129484322237,1.8342570696077256,0.8156414536364038,457.8868096881977,80.75160734375731,0.001829966281109691,4488,891.7798600336257,891.7771621417181,0.002697891907570443
0.7950865525620754,2.2209532044433997,1.2167736680725632,1.3661007778198078,463.303252367205,64.22934556295026,0.009485999164507639,9898,2363.3090298650136,2363.2877476619374,0.02128220307626733
0.568147151000794,3.3404323622719048,2.4592522825760605,1.1437969749870789,302.62566791946773,40.16455428352374,0.00512663685280845,1702,1304.5826463756262,1304.5744273620262,0.008219013600020048
0.8669633502866861,4.465522501470655,2.30854418580185,1.0147866914918329,266.93743949921577,28.871321859533694,0.009933629261372756,5841,1614.4058307402659,1614.392839847628,0.01299089263776596
0.596716154897037,9.48684505664022,3.0907368739904193,0.8713523347463991,70.19035837816992,91.90073807839798,0.00585635188361526,7575,399.9821787235763,399.9723861327556,0.009792590820672853
0.6048441743818477,6.493384538035229,3.125238045474866,0.8439051136309719,302.8793641294409,91.41328126583336,0.007817393548740729,5131,1254.9247313770115,1254.9121035779476,0.01262779906395312
0.8889882423925105,8.514764071146661,3.8749414297098888,1.0442067052566242,234.22058679660384,28.855647655655325,0.001063639147042036,5842,2812.9061432234867,2812.904712076472,0.0014311470143251583
0.46313457959115734,7.39316350641099,2.794504766925246,1.3633159453368584,397.7628833338953,83.77733328771969,0.005470001379641487,7160,3488.196914587126,3488.1832096863523,0.013704900773430513
0.22061370560557667,2.0125281747396855,0.971701884233445,1.4431066245336814,231.74760509873954,55.73160554479301,0.007637081244563038,7657,317.7608172569396,317.74365388586506,0.01716337107457559
0.1259044086820051,7.62328365736554,4.362311009988978,1.4277259552291452,357.61137499611937,45.91735462644321,0.008045443179626043,7492,1100.039235568798,1100.0224744974628,0.016761071335107874
0.7796235301062572,3.4758899340321197,1.8939406243333419,1.4440005843247585,95.63366580688886,79.12836289669657,0.0024224372434143828,6499,834.8228377181341,834.8165718065759,0.006265911558161868
0.6582785962181182,6.751970622952357,4.8708385713796645,1.4354077401905398,109.82852184468513,69.14636328485844,0.004770738553445009,3555,1731.368270251905,1731.3566871849853,0.011583066919759265
0.7336717912893013,4.068657762786897,1.0303704890589658,1.169057326120277,112.86958579212126,82.40240860746698,0.004771647623074049,4939,577.0925181850976,577.0823431775262,0.010175007571292034
0.29166774535801965,9.979050369381932,4.812130275046265,0.9535909469898327,70.48647490988458,25.946308850634967,0.001932767276491503,5951,276.51896447082436,276.51664319297385,0.002321277850518245
0.2227343280280928,3.3719633154710005,0.9095531309713264,1.3586326079857742,293.5979866714117,45.486961596596515,0.004987409569223201,4338,516.8329540945374,516.8230958146991,0.009858279838352944
0.11309019910109375,3.512174236968427,1.5396626207617676,0.9495990823968053,407.28547671963616,45.54534803333886,0.00826383662826405,9708,209.83475488161307,209.82333345540914,0.011421426203933657
0.4155288029259373,9.376050300061586,0.7096097393894372,0.9870450937295984,324.68504166214973,46.38024738302124,0.003701626638570883,1797,1325.694575864847,1325.689227610131,0.005348254715865853
0.6309259181691698,1.221799641726904,3.6730091598754773,0.963278025275784,308.7296984987853,60.198389811504434,0.004893170697044948,9676,884.7071198424768,884.699568917315,0.0075509251618576445
0.4530196405897591,7.270200890858772,4.326344314573063,1.160487682587064,356.2807677812314,42.64110424647579,0.009648628165559284,4674,2520.7040446064793,2520.688072919226,0.015971687253025963
0.49372742982135615,7.527937516622903,2.4533198681719117,1.0252792557183559,202.84039538240665,55.55068880700158,0.00128537268302406,9634,1050.7808448124895,1050.7787948629302,0.0020499495593116657
0.9137428250443737,8.527407196693595,4.678349337690934,0.9079092347377391,212.879332241703,49.42220744923326,0.006323695911058202,7521,2117.4218575049217,2117.413278665095,0.008578839827083748
0.4134299203209703,9.769953795746279,3.156345822900198,1.1172213883257176,191.42154419941514,78.8236838416409,0.007690924825998663,2653,1276.8816509289168,1276.8662855651985,0.015365363718332574
0.5625905402438297,9.780417272409872,3.3350321095093545,1.411735067149617,370.449019784109,68.28006365400401,0.007847941906280607,9764,5447.6844358597145,5447.665791750007,0.01864410970779007
0.8052877114670288,1.587490818098175,4.304386407653465,1.1993869984649805,122.73815105184843,72.29035458538523,0.0074434422239564,7681,837.743340992545,837.7279596542795,0.015381338265400099
0.45688850408914317,8.396553904776123,1.835600922733275,1.414834924121311,55.86137614081597,36.84671152661156,0.007538062991215928,6999,522.7723774494948,522.7577825906376,0.01459485885724046
0.6598780302050862,6.816789402916432,2.094195745974316,0.9371105295553962,318.2884010251216,46.04017322615115,0.0015311139910574487,1815,1643.5858391494655,1643.583743731408,0.002095418057441423
0.8761273378720706,6.826079209357821,4.576783636375899,0.9168817115707878,474.07161413039245,21.693235808965944,0.0058072295722269955,7967,3981.552179826534,3981.545700218365,0.006479608169393479
0.954568561291878,2.155149339532253,4.554335732174437,1.202903987988894,324.2335626483371,28.66997658345359,0.008046721644915305,2210,3004.8169161830924,3004.8044616582015,0.012454524891080836
0.23236613283613416,6.85168449801088,4.894172492903919,1.124330231082391,402.3147438234028,41.20433855911099,0.0018465854413359665,4134,1388.0725996803717,1388.0696680356634,0.002931644708332902
0.933928862645345,9.84234322541123,4.55827242398752,1.26212084915287,352.7558192597136,25.237097704161684,0.0011084493014818107,6455,7557.375929469014,7557.374177405808,0.0017520632067421769
0.5429046637715844,9.206367125855023,1.073174162150124,1.356238753718747,273.84649408535734,68.2105920283762,0.008331056484396923,1554,2811.1222269346745,2811.1032209852933,0.01900594938097659
0.3324199494690625,4.952175947243655,4.206759287616443,1.3259151069565236,373.2765808027307,99.85040927390602,0.007410649488098404,3792,1998.013952019401,1997.994314933807,0.01963708559390809
0.5132221806144351,1.359531759574849,2.3442731514931734,1.4595828215609927,420.84685573484984,28.06521712523108,0.004709857752229984,6865,1704.2658342487161,1704.2570304982542,0.008803750461923138
0.9820293177569294,4.260641410001844,4.95860610175672,1.078779486409908,151.1292398772641,85.6984170135412,0.009463567893167548,7218,1592.3515536033085,1592.3325954608108,0.018958142497746803
0.5433562845935827,8.437512804404998,2.625264339479605,0.9444707195737265,201.2587162174155,29.505299781211775,0.007899382851863241,7908,1079.156527085125,1079.1468650368531,0.009662048271817004
0.3958764492587574,7.313491913186494,2.9922623712599927,1.18563884796352,150.67657962647775,73.59312150371488,0.009710748474459198,5302,864.1717974411362,864.1518109001469,0.01998654098924829
0.6700607688850532,5.134092900345608,2.883987118655593,0.8775201841338299,253.47783001569846,71.45260824472138,0.009363837335927206,8852,1048.6839510014474,1048.6698628156157,0.014088185831622238
0.3161310569003738,1.4959138164294798,1.94781663436225,1.002195786332142,448.2790479125004,92.21735478489595,0.005331642426813765,2264,490.18385138807747,490.1735805428687,0.010270845208787906
0.16827699529779752,4.842052550409724,0.8375994000181317,0.9455216386842011,205.34319537589957,29.11564909444099,0.007792380807792095,7819,175.46612230262173,175.45660923632784,0.00951306629389025
0.21599174971958432,5.221224457460951,4.530430536808633,1.0775946017579567,218.51010010874901,45.235557286551824,0.007022722499268752,3304,534.4495947096987,534.4386037941632,0.010990915535484118
0.2152412550619952,9.356999796047223,4.11204115636829,0.8778516025015508,437.1652556023693,27.26238082837486,0.008303006890832425,4958,976.6842058862404,976.6749299757669,0.009275910473526303
0.23671242416106492,6.769774932239435,1.1278705125185118,0.8222892211836685,281.91844883510385,52.59066606435471,0.00808919562025893,6536,356.3721417230086,356.3619919132027,0.010149809805897516
0.22494445538446914,3.80487624989184,3.995457221075328,1.2597558032410223,290.9520498413455,92.9274538845956,0.002379087730299041,2817,810.187835923304,810.1820537532824,0.005782170021548611
0.6767872703228932,5.727864380056492,3.316309997227745,1.2271742848028635,437.3605414994958,82.52185208494849,0.0031036197862769174,1766,4031.567619724992,4031.5606680473506,0.0069516776410436295
0.26369207595923033,1.5944977703994407,2.3411470456293,1.295851255227063,270.73703166146294,77.83200803562553,0.0033915841945981063,1572,471.82195007892545,471.8141343823815,0.00781569654394196
0.4111005549914769,9.75311412084763,1.6430951709300323,1.2622705081899408,356.7008905832279,62.64220038901616,0.008366487032953096,5463,2662.6883958450035,2662.6712195765595,0.017176268443925613
0.9071095689154107,4.240539117376534,4.368779525760046,0.8800062767996685,88.54009964332732,90.67885938684184,0.008296675335362701,6320,535.4900027815103,535.4760810770224,0.013921704487926916
0.5265654762365851,5.3008061942182225,3.6508471668232385,1.0037552169629524,130.3842709070984,55.95534385930627,0.0054580181224549796,8748,619.2164203250226,619.2078762894187,0.008544035603927028
0.7008019646689245,4.197555768132303,2.9648295926111157,0.8906686269302467,231.9692903223105,31.974853368051058,0.006227490333267291,1750,923.67510791628,923.6677877591218,0.007320157158247237
0.2550878840814669,7.142605571045801,3.2430584025430886,1.3900806814339943,272.67758051894367,87.00681784966234,0.0084422993767156,3811,1395.9194986424438,1395.897552499841,0.021946142602947572
0.2730601169278037,6.960089424966338,0.9097978193698144,1.3228325587488663,484.58016555630326,42.37106624413815,0.0038133424060996894,5456,1822.2328803585904,1822.2256985733154,0.007181785274959122
0.13678175463983097,7.43790079476222,2.632638924100364,0.9410689020427697,486.7932348715055,24.290683281955843,0.0014516089922472699,8354,593.8401230344349,593.8384251440551,0.001697890379759545
0.2520415567649481,3.4132890665072875,1.371651317535659,1.0389164683429255,433.03868936544274,30.08304245350331,0.0053433679445125054,4554,563.6924383652232,563.6852170484366,0.007221316786639272
0.35073130512876277,3.841016330476594,1.4377265555397143,1.47663049458495,192.01947587850853,68.72471329553186,0.009223454294638047,3418,775.1876781131394,775.1646984249288,0.0229796882106552
0.2593094358490721,2.1272610798658715,3.4758678302909,1.215911550515756,483.81273087459783,68.5665571136938,0.008114214348640658,6140,1039.2909476784528,1039.2743166205062,0.01663105794648981
0.17983228038135005,6.899589746615013,4.600652683254296,1.36080891811081,360.20338910429564,40.81465368656276,0.004299555727976372,6036,1379.4924536185451,1379.4842147308962,0.008238887648895576
0.20857228399054073,1.358174146020873,2.3169047471525595,0.9852137243381104,226.82305751783016,78.17441183567833,0.0015829422443455305,3988,168.76349884087267,168.76072014602192,0.002778694850760649
0.5147008912294532,6.379141019711131,1.4348717285548567,0.9470370441255137,365.75371264314487,81.89121243196274,0.00673227554844259,1854,1319.3363572127048,1319.3247603485986,0.011596864106285947
0.28570034656521326,8.827262963664705,3.419361217564944,1.3487418501925839,57.43522840393696,93.64021009068946,0.008510417162834683,3850,365.5860217387498,365.56379502648286,0.02222671226693041
0.42784287494326795,9.0174893346067,4.42034170857643,1.2801107186620082,115.7696070233961,66.79499989425895,0.006984537098091747,4379,1090.7093735040391,1090.6944603951163,0.01491310892284386
0.5530755437693712,5.041339843329655,3.8674346050512085,1.2766845504482347,423.3585702003655,82.35386913180582,0.0048256719828671775,1193,3400.0039000959264,3399.9926655277654,0.011234568161082993
0.7213553457664288,5.133733193917664,4.409407537414642,1.1868442072804357,340.50813659292703,80.2479743817307,0.0021101825186116423,9938,3301.8405712486488,3301.8360570140176,0.004514234631323159
0.13538092585698905,1.6927226470721561,2.914496019548597,1.1945048399435843,213.8876155813478,40.62472387737543,0.009196968197236194,5961,190.3675922362848,190.35214345299107,0.015448783293727867
0.8194693590181384,7.036885228987321,3.883443099661359,1.3149882537143776,275.29998810022346,44.818074235012745,0.003483624931780447,5740,4260.092520779908,4260.085886771288,0.006634008620750304
0.665110350541817,8.39133478335561,1.1302905171152142,0.9890017367848367,457.3139673405951,58.278591660229715,0.0030185833284366343,6632,2832.788118216487,2832.783392992492,0.0047252239953167905
0.1735831287539847,3.2018954914424174,2.0672357691343617,1.046937926099869,334.21014926558894,21.523117402339878,0.008343789990486888,9341,335.05938670440656,335.04877113732306,0.010615567083513407
0.8862207616960995,4.791707934700282,2.252971240166851,1.4101457393640386,229.1671777704486,43.791821852617886,0.009830979448514715,8983,2845.028347758034,2845.00841373416,0.01993402387421864
0.9287851604786319,8.549554030887434,2.8008308581071555,1.0162056407085105,104.14699582889075,57.910629867539036,0.006941442328702844,8149,1133.8094507956746,1133.7983118858822,0.011138909792416496
0.15497016386937737,8.894084208960592,4.680843621155707,1.1824166999655092,182.18606073150244,28.6455436224915,0.006623294401220956,6753,535.8583992082769,535.8483243403641,0.01007486791272741
0.34918988333248335,3.1886198223780333,4.434334520999784,1.2918476248046789,490.2531047584625,30.102071022010037,0.0038748778229895633,5897,2177.8562220784047,2177.849709491757,0.006512586647580371
0.8255811518137552,5.955135710872278,1.1053647153013304,1.4999473787832236,246.81337828329987,57.05893885898729,0.0011837210561661642,7969,3236.803763482619,3236.8009748708546,0.0027886117646027187
0.7734337213452925,2.7324383557224436,1.2775534334710845,1.1047039320467325,262.3277587301874,78.47720252687449,0.002726180792404387,6332,992.8988004460269,992.8934253861869,0.005375059840036147
0.2660689174207396,1.916908877256009,2.109382473150101,1.0996650136374606,274.36911457865693,86.69991447365464,0.006259873929009147,7534,355.4439133218205,355.4310613396674,0.012851982153108007
0.2884143910030393,9.200084512527617,1.8083473965080326,1.3898118656035672,447.846810326695,63.70511180037988,0.00236184815634441,9120,2746.5325638605873,2746.527190200033,0.005373660553931108
0.4334248925122438,8.384567538088982,3.2664692892031804,1.3638521778819044,321.76772797338947,57.97991900373849,0.008954522262381946,6790,3022.444149624029,3022.4248560978403,0.019293526188594232
0.5360706866719193,7.840314116228565,4.562492214940452,1.311753117214184,362.15466640336496,50.74244547678042,0.002693302190675967,1673,4143.2474878746325,4143.242162223107,0.005325651525567564
0.6564292943772664,1.4388968693182638,4.83031193752664,1.1242607461863203,225.2360941470968,35.4359193950085,0.0056989400771071145,4701,1171.590895589429,1171.582218081919,0.008677507509926062
0.43202227561279516,8.593559134392317,3.4412132864085194,1.026757384112501,63.08942836503846,31.724960225149175,0.005608119211919155,2360,345.81657888894523,345.80899393151293,0.007584957432314804
0.5162812445198331,4.942396683148454,4.27171640630489,1.226111337809394,468.93781140927996,83.35171613294465,0.006435510671166856,4067,3353.642996338503,3353.6285286915495,0.014467646953458754
0.7727238443203809,4.081556109662737,2.863409901038587,1.4133563051921487,477.1074564123829,57.20053057698689,0.003946906627462351,2444,5114.6357301370845,5114.626960885688,0.00876925139601275
0.13301488260153813,5.9182872492283884,1.4374712608701787,1.4186442207460106,477.118874006623,83.22561963838038,0.008861807809587839,6487,939.5327632630989,939.5097285918015,0.023034671297394227
0.3271932499096187,1.8221791845120023,2.861097854420648,0.875948841549307,474.65918899102246,76.32664287205037,0.004998713823775627,6179,558.0839990175172,558.0762783481285,0.007720669388613847
0.7420146272960972,7.80981894417159,2.99787170646943,1.0998451986692055,416.85887348130245,35.511673150670305,0.007301382208629167,4353,4043.88426498033,4043.8733828642557,0.010882116074215405
0.9056861539184794,6.241915691994663,3.8410590389610046,1.1253053693391246,358.0682225523471,60.82458113689806,0.0067231977487003285,7380,4140.704572258186,4140.692404832418,0.012167425768304803
0.5605096979040995,2.6793108718585077,1.489473453683071,1.4843307572666273,430.0294632202785,55.521330433814455,0.0020544047480773294,7781,2213.8748881135507,2213.870145620975,0.004742492575412948
0.5789021367387841,2.6940897979214102,2.1573967193902925,1.2745986106698093,320.2458075504663,53.90988048725574,0.006603754174323503,7060,1461.2151493729557,1461.202194569158,0.012954803797672129
0.19645481020579844,2.658237864154068,2.138123611465548,1.0850724920834494,110.46632625141063,63.40568393630511,0.005956324101829864,8212,122.56300920358206,122.552448223251,0.010560980331051305
0.5026711301411092,1.5130214879674058,4.817478180835242,0.8182405201899151,226.04817426863946,98.56655208603503,0.009087436569303154,6919,481.6130170585525,481.5982522279142,0.014764830638269017
0.5793555398095208,6.290186044345163,2.497752321470235,1.1957696120694372,487.08271038782186,85.03204781365963,0.00892788972836413,6860,3545.9476923024763,3545.9279388375594,0.01975346491680504
0.31822345327125673,8.563133598296574,3.897922852841659,0.8672531829468493,208.01201611804535,92.29699453043133,0.0023585930867048173,2770,620.3974862806022,620.3935528506523,0.003933429949789107
0.34231890785444286,1.1574839258864973,3.8786512161849758,1.384114970143434,440.5225611791163,22.371166654083005,0.001735166310279469,6910,1454.928422601511,1454.925483650322,0.0029389511891510364
0.4395557467941604,1.441041804741462,1.6949488316145862,1.3267630623992535,91.94516184869131,31.226909343400475,0.003651329972897819,1194,223.10881029367658,223.10245307201245,0.006357221664129291
0.11806407799995373,6.154932490182512,3.0734136021727947,1.1223564119357252,200.3827290689613,26.78109281796508,0.00987951571015878,9766,275.03358097953986,275.01952306369645,0.014057915843406368
0.3898712490248605,8.375461168474471,4.524363019933917,1.1004475456791898,207.92899612732083,41.05848040522213,0.0011941639876568509,6854,1266.366419052274,1266.364565381865,0.0018536704090684837
0.2903032062968902,3.9406500151177024,2.6383897375562726,1.428137275898138,73.22114439904107,55.35139935733204,0.007056030156155892,6914,285.24274077020385,285.2270860412489,0.015654728954949383
0.39474761696012317,4.146529589269499,4.753028783041457,1.00192084529269,103.59244858403974,71.36425981247116,0.006476623604568795,5686,365.3390666857052,365.32794674887606,0.011119936829143409
0.2077859186373261,6.367118477470983,1.465062031958727,0.9743139734747396,136.92434500479695,60.06650130292816,0.006819204524120353,5643,211.5432484654852,211.53261357309853,0.010634892386659473
0.9014745526659055,3.467916002117323,0.8337159759831383,1.4574382029780335,427.01701586455084,92.25471319305117,0.0029645730079366737,9580,3517.3309140104793,3517.3226072957746,0.008306714704961051
0.6342332081986438,1.2394752946991572,4.511542429151372,1.3664720857274377,78.53089547291287,95.1884767115091,0.0030404561121986497,8874,534.8627426092711,534.854633116742,0.00810949252906495
0.7111920872300407,7.617056662914365,4.314565390829975,1.3744379151470363,184.41540560497424,33.08167609579671,0.004875778739564422,2752,2956.2092164440082,2956.2002980351513,0.008918408857089243
0.8102541147466045,6.630849216473078,4.9666544417023015,0.936635669993148,54.57875116517038,88.2330336211828,0.0018627202636026072,1660,449.9392847284321,449.93600064506205,0.0032840833700149836
0.5485979790361516,6.226803991500932,3.5572706965059173,0.9003071940016542,363.0324854313611,58.53777632106408,0.0016715188811704618,6615,1579.434239447882,1579.4318536438427,0.002385804039178718
0.17822825927868133,7.675157160926408,4.715095670002173,0.8182206848719945,329.1363905195209,56.266357705390746,0.0017952350813748748,3832,486.60390916481833,486.6016137706687,0.002295394149630456
0.583395887636693,7.0770775380583375,4.221270612878499,0.965929056243076,340.2420179239138,82.79514787876545,0.006156812541756321,9488,2092.4687413493093,2092.457870441201,0.010870908108054508
0.6281570062187912,2.8529378936048904,4.299918499040391,1.3419333442000274,218.47225312157843,27.451240723590125,0.004579676712081045,6613,1767.6969579937877,1767.6891253237188,0.007832670068862613
0.770895526765897,4.172329422490161,3.061137067044207,0.9680268931349049,143.72051957040608,90.59945019353172,0.0036425510259154624,7970,750.9992618315314,750.9925411284238,0.006720703107594252
0.48849359160671146,2.134991275107625,2.2206406906251988,1.3103722985164135,374.14409597871503,73.66906836380917,0.0038423744168617504,7870,1366.9138018594024,1366.9050577242813,0.008744135121087229
0.21482227251600738,2.168713120760929,4.7055113264447685,0.976335785757195,415.0030427333128,90.02092861263984,0.0028655497526416636,1330,584.1934230153353,584.1881067261455,0.005316289189716012
0.355398315218852,7.085761717208853,2.444527290271525,1.0767047485654702,112.3706741441908,99.55820621660982,0.0047035480178974146,7777,441.24279406200407,441.2326877709382,0.010106291065858452
0.4267740667587716,8.727400962842484,2.9246871526235108,1.488213602937986,269.0732425718396,61.44035618858027,0.0028275226227997066,6401,2963.4924777604388,2963.485684418653,0.006793341785919266
0.6813255171984411,9.664593254750251,2.507514382063345,0.971368211898895,161.92205689048814,27.46097583271432,0.007282414380693994,7915,1267.0603922880753,1267.051375818668,0.009016469407137151
0.6137004742020207,6.655124057945,3.041682412820887,1.0634594391087875,125.64808754276017,33.32190903447092,0.0021153926138854254,4866,845.6379614250459,845.6349621697273,0.002999255318604096
0.42048705330806163,2.6569119102486125,2.6172728554654725,1.0107610263256497,380.4463910727496,45.88945940434479,0.00953417876122762,7113,861.9964871974494,861.9824281565869,0.014059040862476245
0.9878637239136817,1.9508531090403762,0.7158540136076414,0.8767374904310017,292.14362096277665,28.284235370776763,0.0018083704611455398,8426,591.5744592706741,591.5724253675081,0.002033903165914002
0.6451973374211984,8.31565874383082,4.469216837034644,1.1429258994915774,147.2833995704005,85.22734609102159,0.009491146428518884,2585,1587.0277450672502,1587.0076522029028,0.02009286434747232
0.313504112562395,6.208808287239993,2.499772185120964,1.0650834643331015,189.50000504519528,43.74942808262148,0.00849965474368366,3940,586.9170843581146,586.9040709499168,0.013013408197779396
0.19160422535836338,6.564565189123479,3.150246418283069,1.286420960065096,484.99415209748406,98.07089504158922,0.007126409085520424,7289,1493.9892100148468,1493.971051742705,0.01815827214177648
0.23757322526589883,8.033158798792384,1.1263451124109416,1.3723161828660824,431.9058041188505,76.20731455454846,0.009210714900089354,7405,1769.9961463632476,1769.9738737355815,0.022272627666039144
0.32136195554605734,7.329495049592064,0.5152453159218762,1.180974800146947,445.97603429290774,33.87442962044461,0.002252969141656392,2502,1568.0749072940444,1568.0713452973876,0.0035619966568037186
0.24461323593360013,8.51012427570487,1.6038054213963933,0.8225374954611359,257.0054436863186,58.08341175551522,0.002586832967682238,1745,430.1867307434481,430.18336709660576,0.003363646842353631
0.2679103216461752,1.5059251491389063,3.670637144600076,1.2332456493643051,330.7132687643938,57.350737730665685,0.0032693733285293425,3612,697.5665455664674,697.5602012784503,0.006344288017062167
0.3565856518244624,7.727685730718544,0.9463753855079537,0.8387735110146575,219.54548309198523,59.40093266669071,0.0032033037408930186,2508,477.7538055541288,477.7495226960265,0.004282858102319496
0.25603623576527934,8.657674815898858,4.589993481739105,1.2314494265193174,84.97038906000074,62.85529365143485,0.0037976344383444417,2770,437.068205910194,437.060589828079,0.007616082115002022
0.9070888821637827,3.575215382124829,1.4676015621028307,1.279520964488432,230.48118979555213,22.493846585418467,0.00618067808445784,2961,1726.0595860632764,1726.0498988736072,0.00968718966924966
0.172210371095478,6.764025465939276,1.420671264312991,0.9384373393322629,317.2913389432151,74.90409005948987,0.0012535535017459416,8751,393.85189543289357,393.8498378936877,0.0020575392058426556
0.5720602506132292,3.827458574532749,1.3167858272967299,1.3735423041052397,179.21492184565915,58.97534202307546,0.004440453355359783,4658,995.0063327153684,994.9966365699481,0.009696145420327405
0.46935714429069536,9.621739598342087,0.5629177083711414,1.437759592101834,431.57775862733706,83.27723190949592,0.0032174661510333685,7977,4264.639442764615,4264.630964464663,0.008478299951882087
0.9841407552177458,1.300812151919534,3.9731246081520557,1.3691608748796738,117.99507162856938,85.22796586083444,0.006459668632474499,7609,1148.0773813688509,1148.0609992045288,0.01638216432199176
0.20083501195124712,6.218135594496595,4.4376553906036635,1.0135764331484576,215.20809024661395,38.44280975933739,0.009866523979463821,1465,473.16153205621737,473.1476871160008,0.013844940216613671
0.4580700391411675,2.498531923445636,3.2637321617728947,1.2106501087119441,106.20675739589132,23.873835714142224,0.005658891509650354,3069,410.8879977146189,410.879511195405,0.008486519213946117
0.972523389947832,7.4099818465944285,1.3468999175593803,1.4403706044338593,232.1744602933514,76.2587084889858,0.004831167152065905,3443,4102.171220653757,4102.158955389858,0.01226526389864632
0.8789564133045823,2.583012550767959,1.783750986233959,1.024465308355995,67.84758723842171,98.22102307710995,0.004314191906306046,9336,273.3190209501473,273.3102600964177,0.008760853729588689
0.8353648638543519,3.1184493570852183,2.641670138142335,1.3740194755857975,172.64722777774045,55.732638926472085,0.008064542969918721,7563,1568.4037147551724,1568.386458272023,0.017256483149312298
0.33211254434044585,5.449337299411823,4.794556782304854,0.8066325918831876,230.33086480115765,40.769024767487664,0.0016478283848565425,8516,509.8654952325952,509.86362414186544,0.0018710907297885293
0.25379882865105924,9.233514549971902,1.6130811731798427,0.8025526919492735,265.1744134745112,32.533751566678475,0.009637934630141095,4048,470.1877003390447,470.1774489191213,0.010251419923418204
0.7017788979319879,2.9054293493317376,3.792406567639496,1.3317981622372772,294.6633613138138,42.9956477912468,0.004761260973892411,5042,2456.627863142144,2456.6187957329,0.00906740924415799
0.9364383902148272,2.298160190062932,2.4775170048181416,1.3330133074889847,173.7460084054635,46.233564109715985,0.003823306532426017,5139,1380.70317517933,1380.695722358702,0.007452820628075946
0.6010866037125369,7.830791486686276,1.840313067620098,1.3522840314966056,285.36860057669253,53.909979474757165,0.009766613047597312,5202,3033.598231487636,3033.5779042351646,0.020327252471554758
0.6144514205229099,5.505575791005379,2.551621716599512,1.4510187865217137,279.0520797029269,72.43256985716692,0.0094229097691888,7124,2908.7501363256224,2908.7265599322786,0.023576393343968462
0.3519811842942558,9.206066011435942,0.8204302289355464,0.882534418274199,192.28012289429378,41.85304448641816,0.0067774072578914895,8773,528.5344616890982,528.5259770397973,0.00848464930084736
0.7925436398727432,2.3195310144385806,4.094093169186631,0.9623894894885819,423.5901487954152,24.078141077494077,0.001166566373653612,2287,1994.226994420782,1994.22560140639,0.0013930143918395922
0.268339373701771,6.813351037207354,1.594858675923352,1.4326074442616654,295.5385069671043,49.862288925817566,0.0077368147858591476,9301,1368.553217907716,1368.5366074436758,0.01661046404018561
0.3913113127638193,3.0959123153663355,3.764354554368367,0.9240653384406474,199.52137343594524,88.45036929272607,0.0040200166003780125,8503,457.3670224179214,457.3600219427514,0.00700047517001955
0.4828927947547751,2.4108438578647537,0.8075676715168763,1.2775604873036088,476.3023304363494,59.868120868150704,0.0044945220776883505,5819,1208.2067272417553,1208.1975475761813,0.009179665574070557
0.5568493408160096,7.150864736415435,4.7979435027455875,1.1713241000285708,430.30058588202246,97.18270061963278,0.0024286791607964976,3790,3928.1586242905946,3928.15301489543,0.005609395164794763
0.31816875917357224,6.343161579178599,1.3685674343256438,0.8582355737960551,492.16451519831037,60.289722487098544,0.0057111227547840945,1861,889.4805434324473,889.4726868497892,0.007856582658163356
0.2033531422652832,7.793447125260981,4.472339342931862,0.9996845633590731,361.5052435904393,42.07190535374782,0.007700973365833897,9652,901.139718081062,901.1287806126373,0.010937468424700229
0.6495580381974694,3.785163188015641,4.142629443269455,1.1642605515086775,220.20030747772108,35.46511977961717,0.0034571000628376165,2104,1537.057342768635,1537.0518903446707,0.005452423964190825
0.3597674979162302,5.03174490743971,4.855369658366372,1.396645081678684,176.38730000555555,75.56195974284611,0.009448596172390378,6374,1223.8808475219885,1223.8576797769936,0.023167744994966724
0.6231143992803511,4.6492450869737665,2.6505079742558735,1.2952769427302715,348.49302965351643,62.91050286219491,0.002752631704026589,1743,2659.4771922035884,2659.4713837593213,0.005808444267038906
0.2389264437467821,9.856805175698629,3.773287822306782,1.2353182130184532,491.36746212288665,68.31991431963532,0.0015963610653499003,3410,2441.8990838633,2441.8957645711953,0.0033192921044616153
0.5330260916693358,3.630240610654491,2.1681979566700282,1.1472230229589904,332.02178604673196,80.41014314673049,0.006799274860149109,5993,1350.598749309533,1350.584676804814,0.014072504719135105
0.5793304892964273,3.653355145120902,1.3296570710886222,1.009078788669894,446.7267234454272,78.07227714119144,0.008643868586920423,9634,1313.1536994196915,1313.1381673423216,0.015532077369946657
0.14664118314018423,4.190933879457466,2.49384169820052,0.8834714379234828,198.0965439714959,23.46906401345816,0.00957819573376761,2833,151.57746863112834,151.56702060193913,0.010448029189193818
0.4029438503745285,6.081346731612894,1.245870569248047,1.086353224196267,233.12920211341503,84.20575242360226,0.00790453909464867,1885,812.3269335624593,812.3111155906312,0.01581797182818116
0.22097320924507682,3.270904698373707,4.919200802538728,0.8199629457379048,457.823857815209,62.61626456413691,0.002796850103554651,4604,557.0817114502241,557.0779821495574,0.0037293006666458926
0.157037473425491,9.237609463413465,0.9331092101332237,0.9477391224867955,390.5900158810185,51.33668246518181,0.009798950663233575,6357,560.3567254493886,560.3426710403535,0.014054409035149104
0.9909642091509507,3.3911700837963714,3.1514527555367917,1.1027383631108618,491.6346441655576,63.00155410144563,0.009274922884259585,8089,3876.137444828835,3876.1207733342394,0.01667149459596369
0.3901184604772507,9.062341584041752,3.3190873486432517,1.0930236299703406,398.6438943795089,68.996115876586,0.0024685068048620274,4221,2300.447628263547,2300.4430685180523,0.004559745494749415
0.8288870012691714,1.9312755728192619,2.921357942933244,0.8310068016978948,251.83206824820428,31.96050478990376,0.006029072442237921,9343,699.5151364304858,699.5085249450011,0.006611485484708179
0.32917658928738747,6.909064321596871,3.479836485703251,1.2123421074677039,288.9806089200634,53.3932316261156,0.00599965683337881,7937,1452.516108714019,1452.504951447767,0.011157266251993186
0.7133524500015364,9.162869665944193,1.0228134875535093,1.1847789790972654,455.2319716084115,46.846896815054706,0.004982813003165238,2596,4643.041509309748,4643.032840156053,0.008669153695622512
0.7842050739007179,2.518744945584066,2.99758335892381,0.854673012814639,298.2410312441216,48.03271558544307,0.0098585319723372,3492,942.438187108279,942.4257141363125,0.012472971966377184
0.6360748665470599,9.714942640893295,1.792456570073127,1.4602141367223076,164.92881837400034,27.306795072584656,0.0015366001346219908,9923,2574.041484829447,2574.0386283638322,0.002856465614805646
0.5244185696951426,5.075950243739605,4.730792284854755,0.8695679452656021,246.02891574647725,32.78747904001843,0.006644880175992263,5333,956.7522991966758,956.7446265040228,0.007672692653004186
0.47065682273254167,9.51143597596922,3.929322440478766,1.3983839058661354,282.342194982103,32.94656540689771,0.002847732604109291,1538,3492.6688655739144,3492.6635713446217,0.005294229292697052
0.4139814398886958,7.091380392670423,4.876315169718842,0.8002168123405042,93.5239250980083,49.85797945773182,0.005745980842578637,9163,296.715038121789,296.7081476062264,0.0068905155626145355
0.9365762298230433,3.7142818288619637,0.669002313830853,1.4175967665317681,384.6932034138006,91.55932358998332,0.00801766694608767,1768,3173.6985709235933,3173.6767986380983,0.021772285494789642
0.8475574670089563,2.6947227242539578,1.783099288313189,0.8138038125430188,99.20927000973785,36.482189753675414,0.003220541228516917,3856,249.36408598606553,249.36050893973552,0.0035770463300102504
0.9685242195998613,3.7336154160258945,1.3794016398725706,1.3304684223244811,232.21297101596255,53.29540061398436,0.004540235918348338,7905,2035.5666188780367,2035.557358853953,0.009260024083659257
0.21186750113699027,1.837156683364075,0.5501956429032373,1.053183567910177,412.08009869318204,44.92875322393103,0.009556912668523593,3121,231.20544243860184,231.19085509381597,0.014587344785874973
0.7577807276832799,2.294811697089968,1.5904657861084464,1.316751760095424,260.4066627259836,82.99066500410704,0.007853326639482787,6553,1329.3265725366527,1329.307649688508,0.01892284814463246
0.9445064111389341,1.9419439631183302,3.55449192584193,1.0812216437974849,428.90698387332856,24.010114585665292,0.00615450866060652,1013,2603.035152885423,2603.0269007712755,0.008252114147547486
0.26310975954909416,4.8064918936740195,1.5399001496055584,0.8496355456322893,203.84659492525174,35.72347164287123,0.002997976490260451,5707,245.71901910319139,245.71556197203495,0.0034571311564439043
0.15984664063009976,8.160205386318278,2.7905155046717818,1.337254686776755,480.93633229929594,36.85132338838355,0.004827748937298248,5490,1505.4440396837724,1505.435204658277,0.008835025495574283
0.7670085843610531,2.2724519879470617,4.495181517342494,0.8498768797249555,144.260794312356,99.4370240250585,0.007966551871449306,9382,540.889121856554,540.8756187968459,0.013503059708157693
0.6170258018619207,2.172883898551023,3.6219106415708384,1.4454843051728525,67.21886524518558,65.66200143730428,0.008384887702989787,6993,502.1999545518411,502.17987594688753,0.020078604953532204
0.8576458990824449,6.790860545655977,2.275830814577144,0.835681825054163,442.5919443456884,31.11666115068146,0.0032014557832815904,3864,2403.493213897386,2403.489706004316,0.003507893070034406
0.22579513896366055,2.7746468377125963,2.1761102251044875,1.1355276944400607,388.4912221776837,41.77593114212524,0.006958541893753173,8605,559.9787721461973,559.9675695550732,0.011202591124214819
0.8157405806739012,1.8784903429809243,2.550811163038181,1.306124101595557,154.39272668031776,33.42576752983394,0.0018550269291105993,5102,951.6659069780577,951.6626742112988,0.0032327667588378764
0.2814645880429701,2.5016372038501986,1.2966864847695787,1.0752725253544264,493.13372321150325,29.96836556955584,0.0012089107670541798,2104,609.563199137727,609.5615096678522,0.0016894698747832143
0.24729034857913407,9.313582562890986,3.3530034533719464,0.9520634322147044,276.02605817083753,83.7745622726314,0.005938065310897192,3812,783.7081328821297,783.6977433437529,0.010389538376783069
0.24783921813789367,8.393241274985717,2.1386876859707247,1.331363672977219,477.97944806487357,59.66021029282839,0.003019418688523859,7131,2211.4740157318915,2211.46759748028,0.006418251611500985
0.833117248208244,4.186581061195847,4.335644071679196,1.3490062933521085,277.26294712414966,70.4968109479025,0.0017102082811791958,1651,3582.4438506154424,3582.4399171146597,0.003933500782863997
0.6986774986265801,6.9023869059465355,3.9044869702601734,1.4458864887680571,262.343564047081,46.500099759359685,0.0075684548160570705,7628,4141.115410506437,4141.099378815111,0.016031691326297066
0.5707588822922074,5.835481063012343,3.2473092384147204,1.0633155773017544,252.11234171500928,64.29560688538635,0.005481771295281806,8831,1477.7237032749117,1477.714126725814,0.009576549097789018
0.42294743571115223,7.094118371343075,2.1389100019228224,1.1543762141481289,200.6938742598276,40.60552260189577,0.008166493098626056,1801,1044.3953614482157,1044.3821062768159,0.013255171399821995
0.8894804867317975,7.1440403721648345,1.4446932425306798,1.0541899099922505,290.16567372944826,44.642901994258786,0.006975498157125013,5544,2463.4921232452193,2463.4814869297475,0.010636315471848947
0.4532005966803719,6.658606135539936,3.992683388475303,0.9799572752959578,253.64959787685552,72.17903554933864,0.00756824445923941,7428,1175.833530503846,1175.820760748877,0.012769754968934753
0.8349394955244194,3.3949123168357773,2.6888409454598894,1.325723073076326,66.53609448059936,32.02801007353842,0.003766245231663099,5140,594.0108146930726,594.0042225369028,0.006592156169741178
0.4952214177131966,1.351057786865363,1.5113751717981088,1.0377562915118688,167.19585504057613,69.37774873339694,0.0033694824311491277,2552,255.24725300300437,255.24133036856782,0.005922634436562369
0.4392499864824168,5.10010103791098,1.378285767680028,1.0997046093946465,145.9052600475013,88.17878531385018,0.0064078740288573514,3792,502.12649848293796,502.1132379593714,0.013260523566563239
0.5164118071026458,9.018764962216334,1.2443040702561157,1.0825715603368196,440.3460210444799,29.633858094461523,0.0028007392635827594,3723,2735.1512140673135,2735.1472835678615,0.003930499452029209
0.3712400867477279,6.125475326667183,3.9972253829251776,1.2988628579527222,319.4914897520786,91.79690244559832,0.00833870904068819,6576,2025.5436491917249,2025.522875977139,0.02077321458589421
0.772848442158626,8.491519375317171,1.5304423338514026,1.442456938277476,393.65739520237736,26.3556544239116,0.005706281520768147,3022,6344.127687774473,6344.117287357957,0.010400416516088093
0.5524483510832312,9.924619086651052,2.8698901858633885,1.2667292429151642,480.5717169871763,47.91273815646984,0.0030429093911298493,5670,5450.565589378255,5450.559888019182,0.005701359073063596
0.3089914256321356,2.4725458372444864,2.531958624378754,1.1301078172659629,339.81767263688454,68.84074521903956,0.006626514090969177,5188,671.1218991320759,671.1092551967649,0.012643935310906199
0.9096171159471117,7.225998752277841,3.1082490465272774,1.3454435803172184,492.17449613213495,64.75318080948296,0.00950532161575256,1603,8375.074410996629,8375.053340920012,0.021070076617010228
0.4455020992358903,7.068642163300222,4.447197051670374,1.2486799268854962,190.29382324345832,27.711285799554677,0.001738852539316967,8028,1522.2048132002878,1522.2020402431185,0.002772957169348026
0.5891975750025897,9.819599026224505,4.404863255367788,0.8424272499824694,133.82023204080224,83.91305342286824,0.0019841068658215267,8150,795.948699856762,795.9456258131735,0.003074043588581524
0.9158248998680922,9.870406605575203,2.5298423232118683,0.8669645104931892,231.48944959681015,97.85226345162022,0.00859455232177006,7896,1975.9681171907407,1975.9533748785886,0.014742312152071996
0.6618141963225929,7.1801075055171655,0.5691481283062549,0.8265418608515434,261.8597367211136,34.49826313470161,0.0019863439711018623,9518,917.4777607872529,917.475552599554,0.0022081876989202965
0.20520823663752766,3.1925331278397486,2.4189971257143643,1.119771428344424,452.91269428366326,91.61047758523702,0.0013543783241768902,6962,653.9601493316981,653.9572433784031,0.0029059532949604824
0.9458489112521277,8.187002543175392,3.2278709184086316,1.3780974040372753,301.9731975665043,64.54475536894005,0.004131375229418257,8978,6191.868919339699,6191.859551086927,0.00936825277151775
0.6649372477642761,1.963262207899343,3.009941415941278,1.0191582185459465,181.48144973810764,94.87470169962619,0.005200352964294379,3775,623.3609039169123,623.3505755918976,0.010328325014709637
0.40141505319137755,8.026293737544659,3.431012476100925,1.0689121281647371,384.1854272903844,34.08687667334089,0.006124999930216209,4639,2018.8449248453617,2018.8361460612787,0.00877878408309256
0.22534486539704854,9.191765117302268,1.1933407961288758,1.4366339758575235,277.62437171258193,83.36171145435397,0.005565702093078249,9782,1340.9519011370114,1340.9372397606,0.014661376411339584
0.8146226703432664,4.4455005529159175,3.4094079445132968,1.3858324117216585,122.95937537382657,24.78252603562649,0.009218661063923023,2438,1511.0724274391737,1511.0564858234832,0.01594161569054597
0.6580654803356621,6.675717654847724,1.321932284346975,1.265533678667792,309.5689044160635,90.65571574421811,0.007918012903524736,1850,2609.392592204497,2609.373487525627,0.01910467887013885
0.5801149827786893,4.871284588871436,3.8773579131353704,0.986762647464576,460.12754156327776,73.9327537759707,0.009854292302755398,1439,2273.8489691152035,2273.832056159367,0.016912955836793163
0.9045033247458619,4.939885494893156,2.02589425968206,0.8819290378819105,429.18017786411906,49.620382713794406,0.005288098809027901,8800,2103.2373566772303,2103.2303787897054,0.00697788752503516
0.8097374901020777,3.7933380019730807,3.694529450216541,0.8112411758760797,314.064487685899,35.23734587982801,0.0017589664885526103,7857,1253.204275284366,1253.202345520411,0.0019297639550142948
0.23650739175947608,7.859166584052922,0.715395195077482,0.8749074708230946,219.68742824824466,85.32264788537638,0.009599775786485873,7575,341.0404784223936,341.0249133296956,0.015565092698001767
0.3805498610159934,9.425589077498547,2.3353701151591104,1.00481751053676,89.14043797889502,68.25930571158493,0.0010370184543018763,3908,402.8147400242574,402.81298673822806,0.0017532860293419119
0.32364022583301916,9.46675773311015,3.6726553501849972,1.186253044505647,261.3420154992307,48.83326823584011,0.007984864124551436,6193,1563.8903257434704,1563.876228153046,0.014097590424416547
0.7695516633154093,2.5730315638744043,1.5209173234917235,0.8448000579266709,388.43574688831063,55.5068659842013,0.001281538276945115,2257,873.3897580265176,873.388074441369,0.0016835851486198953
0.13017919126220145,8.872692846909095,4.078791701587502,0.8953594448229143,212.12317387985476,86.12341248579013,0.007850927715864747,2544,286.72389878824765,286.71081542484484,0.013083363402791169
0.6129007163841849,7.6368829728440994,3.3385087989721938,0.9267564916155587,155.95107149824898,47.11417546854942,0.009441450458632488,2905,901.0232583552478,901.0103859744902,0.012872380757562949
0.7862128171666215,3.2755366062126035,3.1440279746740925,1.2423874650883144,469.120873671929,27.170614248794294,0.004503342675979422,2815,3654.6468454247924,3654.639730360557,0.007115064234995329
0.8890890730855745,1.605561516293631,2.0909698439195172,1.2310528592860872,419.7000652060966,92.90257377627782,0.0031686836609774592,3276,2090.420569418987,2090.413044642439,0.00752477654759111
0.4078735738443167,3.4119754019594017,2.671031616715029,1.185536008460507,337.2240287390651,50.98749917264277,0.0030365123726064777,2450,1175.9636687654781,1175.9582333744104,0.005435391067741127
0.8391315742048115,9.20987413103373,3.188071854400339,0.9753509972871578,111.55250476423372,47.87100088921708,0.005425458797351831,4544,1104.0381271297515,1104.0303022005917,0.007824929159809554
0.1995685632596865,6.6986080740619505,2.626079512617007,1.0597837838531123,115.20897818277786,36.35196951007515,0.002537983321811124,5906,240.79856811890065,240.7949006414763,0.0036674774243455398
0.8618070625610664,7.489491948080847,3.6424099577325206,0.8676828014364202,96.44881615510053,91.79380569826765,0.007056312675937409,4634,696.635529136176,696.6237862897043,0.011742846471732106
0.21473979609878419,3.314371159981863,2.4516361989813182,0.9585224226306385,327.33350010173444,37.40042669502671,0.004315171217395375,6848,372.3825869080279,372.3769037675595,0.005683140468415951
0.45755856150433055,7.474493400173382,1.4102293178391365,1.4283936585308064,102.0032584130012,70.9338294401107,0.003907985431629331,9365,846.0681265896159,846.0585848212003,0.009541768415614953
0.8175658292015983,1.2530935565013137,1.4627020226047125,1.48578422250508,429.18223948818485,90.46120092864824,0.005151570186308114,2122,2103.6623984135017,2103.6478202813837,0.014578132117872344
0.2349256846138964,4.377892111957124,0.5261169597932349,1.2533617099482064,496.83425081869495,22.793089168257392,0.005883287521957767,8284,899.1880214358436,899.1789668118255,0.009054624018062592
0.3063262557093773,6.640780136880981,1.854309720014026,1.441776304416394,214.85668311889935,86.30333642401565,0.0022773723603291625,6352,1162.248834805566,1162.2427176072313,0.00611719833486166
0.7500273115537597,2.3148690898718822,3.8701293821533382,1.2499193302809977,254.15143113519386,52.84795373518196,0.0073698702741715905,3176,1841.944428128177,1841.930348167013,0.014079961163907436
0.748032882891467,8.407032170022413,4.073732189769243,0.823237540273829,370.25022964355543,72.63796602121695,0.008946523899147936,5837,2342.663438493157,2342.650723509585,0.012714983572266298
0.6770328695967676,3.1152816893072677,1.411103939430875,1.4977338094904864,471.71885284659464,49.79236505804431,0.003501882245810636,7333,3242.7603805434533,3242.752524102518,0.007856440935623375
0.72455360002039,6.8705300153660165,4.815697985921335,0.8692666111805745,452.3421981003733,75.64130050779951,0.0026235181164653634,7311,2894.133605744387,2894.1296001800642,0.0040055643227772065
0.5884519990128366,4.646774283177967,2.7608125706605704,1.2778492610115426,75.91632293743186,40.34359316461593,0.007844548813471573,1290,540.3728472119712,540.3587789584079,0.014068253563286908
0.3266191530162575,6.364392359298825,4.626404370583262,0.9769853421523531,126.08231115054426,21.754443394831704,0.0026518755138908454,8508,432.020397554679,432.01724308758867,0.0031544670903073412
0.41112639415352753,1.967054973660173,3.68044376837734,1.0743867790348722,389.5687393510065,95.82300118303628,0.0013712964432666098,2418,1044.0904249274186,1044.0875398617202,0.002885065698344011
0.2634379451212831,1.1522151992944658,3.750950403600859,1.2521539293606567,360.00189861460126,21.309421123206622,0.006573188983445011,6593,729.0898829166832,729.0798983695898,0.009984547093394629
0.9176055052002655,9.186079846422711,0.8826962958773201,1.1055411445153949,109.94836731805547,85.92794317068056,0.0031577627467481526,6310,1241.5767500352067,1241.5702592225846,0.006490812622221344
0.6250526152895084,3.426670078904645,1.489960071036188,0.9753822412517898,275.92906190070545,33.531007465797906,0.0025462936803570375,2988,806.7389670781521,806.7356506891825,0.003316388969579302
0.4607662750872759,8.377093025024132,0.5396667498251269,1.0341123308148272,401.366583988383,51.37761828816223,0.009834424675430557,9759,1763.4704542646814,1763.4550593125466,0.01539495213485252
0.5158052232797194,9.994152704249801,3.7225743821453188,1.0390836818462235,148.45130701821213,85.79939012048446,0.003626784850597549,6638,1134.0285536024012,1134.0215516911528,0.007001911248408613
0.9525550056506338,2.9028813219902005,2.049972297928295,1.4715267331557496,442.0794360805998,36.47457202498763,0.009130989611939823,6170,4516.312096179825,4516.29375878035,0.018337399475125842
0.2380162628044722,3.3865366706502003,4.039936322343561,1.3590291111464157,73.83729866916559,89.25660844200286,0.002603968892997439,4038,241.0652569884876,241.05855944403774,0.006697544449860808
0.6276068488151175,6.9657380887119915,2.0252129897166182,1.12098414003558,401.98778828063325,59.82071512815211,0.008370794188561917,3303,2850.4103753994127,2850.3953785786184,0.014996820794510065
0.5552998109960194,9.689037711405591,4.187001885344875,0.939874644238955,327.1185049054416,49.292277017382126,0.005518169857436339,1308,2226.5863682562995,2226.5786253796614,0.007742876638052445
0.6503088118911831,9.242329133716694,1.0881421418674084,1.367711277183859,191.8397059944571,72.99501973890689,0.0017073529220439575,3138,2410.8370486399735,2410.833008919358,0.004039720615553271
0.11629916543875646,5.525879680590264,1.2801792054087868,0.9100277301258615,374.4196467538601,47.3111777584766,0.007602447642792153,3196,245.44727545642354,245.4370838236702,0.010191632753327655
0.8849115180497363,8.155992542740522,2.033944428127714,0.9473235519994024,402.06460781802184,47.78306871970856,0.00902866034561302,1461,3253.6104014524317,3253.597761474069,0.012639978362658223
0.9389064542352512,2.2217126778991094,2.33819324997023,1.0562093742881058,470.2545370867862,78.68211127506426,0.002467152913019694,4820,2246.012338665755,2246.007682513633,0.004656152121944388
0.6086198652302881,9.79694365783611,2.0691626487934025,1.4162437370963932,215.49860246941864,44.78657796312863,0.007530312181025578,8959,3121.597967975754,3121.5825268383724,0.015441137381290649
0.726985741489203,9.679179106323879,3.9364116463544896,0.8922506680438772,358.70753119097975,36.061811868354006,0.005005472671658115,5732,2826.6860422547884,2826.6799655487703,0.006076706018132761
0.9302494430595661,2.4735606209125387,0.9362812668202162,0.8855639349981683,321.1773246206109,84.61169023972576,0.007784834079310465,1645,798.9604790338796,798.9477519624753,0.012727071404295362
0.7365147708820587,3.6948081232279595,2.0804765883731964,1.1457824918136863,286.34273125568984,84.42968269817854,0.007425351533667752,7014,1599.0043617961492,1598.9886708179217,0.015690978227364632
0.23728513862283523,1.9013949775609023,4.267579997819567,0.9934873787655724,450.68741336976706,59.80685629654954,0.0012394020741670487,4268,651.1559264502506,651.153958699979,0.0019677502716636333
0.6186595241501319,3.4454583900836173,0.800586847679774,1.1981095591537119,51.42529136228015,62.13244929303641,0.0026084893237043965,8915,193.9177197409579,193.91265268686865,0.005067054089231842
0.6460435417445703,8.34360210473686,4.7405457845211085,1.1161456792782565,176.95022274661895,75.68613006141109,0.00523924518639047,1815,1863.3846199409418,1863.3743462361608,0.010273704780870724
0.48171760417214743,4.404840464487335,4.938425790224058,1.1044713744458519,292.22475779517356,60.74194334099467,0.009402347547208723,2905,1604.4334112328997,1604.416718786926,0.016692445973739763
0.7627998120622506,1.7955727043208254,0.8985567822128604,0.8783810793408954,130.23196773644855,53.3631967175386,0.004078661110793214,9040,206.5019443853813,206.496449966742,0.00549441863930678
0.9409303132921134,4.080029723010141,1.8107263501508164,0.8987347831748882,458.5399401797412,99.59153546373966,0.006659861232521638,5898,2052.91655781712,2052.9046113676745,0.011946449445311279
0.9330116616160987,9.83245000817152,2.175802997159103,1.3747550042127952,341.4178029258569,31.811234228204714,0.0011087537096298593,4204,7229.4257890361205,7229.423779883992,0.002009152128148701
0.5057554342637189,6.667152357332826,3.9937611589372675,1.420117916300221,265.0473475843955,67.41823833918885,0.007400142293922498,2129,2882.1057038683452,2882.0881097606925,0.017594107652766724
0.20191424125667973,4.7454485176554195,3.181670654525302,0.9642784730196752,416.61579157999455,90.86904208605281,0.006427614364775242,2797,620.0565436718161,620.0447135891861,0.011830082629997279
0.9863570790661012,2.49884662147543,3.3996456522165532,0.8794223510673383,252.8987861592967,74.97720329448919,0.007438552719541893,4414,1137.9450543619491,1137.933608001563,0.011446360386008735
0.8550082778013407,9.875591175553254,3.9087942026832767,0.8373916703541575,301.39385536850426,90.47386392705907,0.009141945517224505,3484,2490.87500859941,2490.860427084132,0.014581515278289908
0.21219641308294016,8.387641083368159,1.0309054974666156,1.2258083296193278,51.23794799926445,46.90677762837381,0.0023184903980602903,7223,153.87588976920725,153.87171464209234,0.004175127114904564
0.9287576943556352,3.5332957220582744,4.249442556096181,1.300747248750144,214.56523858778309,41.75943810081914,0.003354306364072604,8723,2624.1041630954523,2624.0979779826403,0.006185112812127339
0.8829067258559155,1.6306182614907052,3.6752891188106482,1.0609669924422438,112.4557125579364,88.10179095216837,0.009962028029513278,1688,593.0267957911379,593.0069145925783,0.01988119855965394
0.5669542514134649,1.5096300163980223,3.098037763383666,1.2757731072434477,360.359906298031,51.52916609483684,0.0024065556265866427,9767,1532.1943086842218,1532.1896564070503,0.00465227717143974
0.6321478921704363,2.0834033455498044,4.503809006523755,1.2990711708916682,265.5621315390802,76.7745858445849,0.007485643058734237,7431,1866.1923056142343,1866.1751153762955,0.01719023793892211
0.45910243348311724,6.226917252529795,3.651378592477132,1.4547395969778338,185.79090076260385,31.819886273129143,0.007525683194598117,7001,1783.159119480147,1783.144687958509,0.01443152163796793
0.14928547493982822,9.358870790849432,1.4076498318396142,0.8454115464845751,260.52455271728405,80.46705003013398,0.007146943716120125,8099,299.29107257768453,299.2801685622824,0.010904015402119414
0.40167751748131086,5.470690852053861,2.4338542148405002,0.9346042062617559,144.33344957810579,63.91861192198955,0.0030469653038311994,7421,400.2966194994155,400.2919515783027,0.004667921112782196
0.8225681037382103,8.586509342105774,2.7231929012108,0.8479681913178917,466.28898461876327,41.48893119283687,0.0029362065689248367,8038,3119.1610979534653,3119.157575148228,0.0035228052373829054
0.10416882070414257,5.01297957873827,0.7484793203768254,1.4075957533352774,74.28768464791085,59.560317116712405,0.0069970696123130924,3839,88.35277375361643,88.33705858542821,0.0157151681882252
0.40014925452202976,7.377251911910427,4.7958688101202505,1.354811012023498,439.43766588325417,75.75549006717628,0.0026762516601329446,4074,3928.975861896344,3928.9694893270353,0.00637256930900697
0.458351824231849,7.586854635578508,1.078597673585953,1.2022494494352873,280.11145493000794,20.950912707790692,0.006954069985664837,3525,1608.0997136567044,1608.0896015232186,0.010112133485809763
0.5836560426441306,2.5656733531300477,3.6385757025202707,0.8585643870358283,328.52592326246776,70.99736470513035,0.005432754538227863,3017,876.9312449815388,876.923269032494,0.007975949044858838
0.9278700547714844,4.250944530782306,2.7780396624089607,0.9913186510576038,186.17252940891672,63.327262261861954,0.004479659808844457,4378,1193.2309765015077,1193.2237235129226,0.007252988585197788
0.41171139492936515,6.735719408842215,0.6153451244799016,1.0084038936409618,485.0139275574446,37.62289341973861,0.003702091144401512,9278,1492.6839220344527,1492.6787842922954,0.005137742157349431
0.41225788170660493,1.6362694736592958,4.661363641389627,1.192520237210792,176.83293133377043,80.23848591809573,0.00952819239990805,4097,652.9119357633747,652.8914560531941,0.020479710180598323
0.7637511232987736,4.25386168986661,4.3332656396852,0.9806307258257009,314.99509871313694,44.27687877065609,0.005572842919685089,8524,1986.6267458494638,1986.618861260877,0.007884588586729246
0.5069961468008265,5.8131951965307325,2.85916067556726,0.8510719047390685,497.037517298208,42.14887452372518,0.006051267662598658,7448,1582.9435858566837,1582.9362650988187,0.007320757864981411
0.3021443406459838,9.966020437401749,1.5302405126275036,1.3115336112973095,446.4924783725506,57.697467919945815,0.00954330476218107,2277,2667.7632614474423,2667.7435234568275,0.019737990615101578
0.507195564519424,5.270802063601966,1.0473030080604242,1.009356148158788,291.34842137874773,74.09197427378918,0.006884895862874204,7766,951.1945418224474,951.1824436280427,0.012098194404624129
0.22677131834181988,8.344510814028911,2.13526615744457,1.1166619239163105,495.66853533524545,94.30767807010035,0.009620676349811449,9711,1468.8623652564088,1468.841490699075,0.02087455733383982
0.258748287855601,4.888605565599559,1.6494272647074073,0.8893666444876138,365.6164377796766,31.308579450568317,0.0019573006647042863,7070,489.2310340611098,489.2287482966076,0.002285764502230974
0.5485309954655317,8.16751650357738,2.7801104045283442,1.3617838123762058,143.9151872638142,51.71744966013869,0.008619756685951635,7996,1602.6878668904678,1602.6700579243345,0.017808966133272076
0.47703290455409314,6.358733214580976,4.84884183255543,1.1958723138468403,232.5182946961129,25.359167401010396,0.004018731652207818,8353,1777.8217540471474,1777.815729423558,0.0060246235894889704
0.92336131096129,8.979358973521585,3.087290719533386,1.431109938346904,200.52200030519796,80.6840597977394,0.008294387725633071,9578,4575.814790240114,4575.793342715708,0.021447524406114162
0.42615450920496983,4.698482971150989,4.504689751505441,1.1468300941457334,204.80616872203512,55.81863117450886,0.008700729617754808,8667,1056.4580277494824,1056.4424797635688,0.015547985913632623
0.6225295152502391,6.43873977839331,3.4289547687309976,1.4589979702725158,392.20539771193984,76.55433081505481,0.0034433909752830025,1013,5128.606014343624,5128.597144429815,0.008869913809352594
0.6690378591275774,6.670168125569447,2.6386093696424022,1.4243077430669282,312.9183172727571,45.775553918102986,0.004679475548639311,8397,3953.512057955078,3953.5023419950835,0.00971595999471803
0.11178501092950027,4.7564464762042595,4.345734032300171,1.2035218995214638,67.14172021528785,87.54537931250587,0.007534129188834137,5186,98.97012195785666,98.95311630033117,0.017005657525482512
0.6971836348150395,2.2988083931873335,2.621156495778489,1.4537254067049044,444.85181764293924,62.78624625920918,0.0018915006780727361,4475,3224.7044822527414,3224.7000060825503,0.004476170190894773
0.2602323701827763,1.84203466221102,4.408826767296625,1.0261621231061866,183.55826321607404,95.4886257458924,0.007799801809054061,1003,314.43342098171155,314.41777434347597,0.015646638235574887
0.9649632857225097,1.150043955396698,1.8120954630909438,1.055949513892948,498.68369461091464,26.305171131522734,0.0019942563344926964,4290,1589.3827302633945,1589.3800704861483,0.002659777246268832
0.23379645497780166,8.861808378206932,1.0796588319334466,0.8318345659142259,479.3858286506536,61.14214596336595,0.009230101590412524,8930,771.000203913285,770.98783155218,0.012372361105053676
0.4731617113543214,3.128274210148251,4.3489150896332225,1.2124406347346972,473.23882250688433,81.3164196798159,0.003487053639667181,5826,2461.221237851955,2461.2135720738133,0.007665778141383486
0.17681470127077947,2.9035607435359125,3.1433682370670004,1.3053467789502533,415.00742182878815,68.01221184588917,0.006180394121806203,8540,756.0816407615303,756.0680862796326,0.013554481897728106
0.9971868266613526,7.62431860383459,4.5009157921203204,1.3414634331694721,149.27599925759415,21.85553123414742,0.002054381500686455,7160,3247.9907897728704,3247.9874315835063,0.003358189363914677
0.5519755092981183,3.8801450177865258,4.720222431465724,0.9048714002322723,289.6847348129519,97.78709426751047,0.0034254383919623084,4973,1126.0003210595492,1125.9941904878917,0.006130571657475085
0.6358465155880394,5.554402231706529,0.7413277566715213,1.1109113506187502,150.93618207123856,43.86109544607187,0.004635595391383949,7587,745.6840827855706,745.6766743196142,0.0074084659563403545
0.16036882964958474,2.4625995876771065,2.7543618583649074,0.9238042484657409,166.85395501502714,39.94222930931056,0.00538343989014713,7377,119.14048758753826,119.13352791811741,0.006959669420849717
0.7749644233592601,9.637711493157724,2.1873404708353816,1.2634891441979743,324.9282962463248,58.85279004852636,0.00100060747881917,4233,4753.522676259452,4753.520667952431,0.0020083070208196385
0.2889150337860272,8.664232600155136,3.316362786815527,0.9105624606952377,68.37509540887852,63.372648601867915,0.008997901861424216,2386,196.243641848945,196.23025648007405,0.013385368870963322
0.9082488604966424,8.774106606685029,4.071160387410456,1.4329145787692525,486.25635506931843,81.30305100718603,0.001069073286029894,8543,11648.070588124086,11648.067810759514,0.0027773645723454575
0.2846256764338065,4.660963737148047,1.7626559718846604,0.9614442519629893,463.402927660084,51.46189261271913,0.007963161066949826,5792,783.1903287149352,783.1787325873039,0.011596127631259612
0.2716189485972999,7.8612509233645556,3.0055927296792726,1.0039815864017714,221.34540747097392,55.196830116976976,0.005235210211207339,2197,658.5532128023084,658.5450555720977,0.008157230210663642
0.1328947010632854,2.2948853985080215,3.6892786095720482,1.3956344255056998,281.94010160311086,62.796793274706474,0.0057149202241123884,3285,436.74130069064825,436.72831611706533,0.012984573582903862
0.5248602505989993,1.0775710233260225,1.104939872760803,1.1209273271020066,259.75373867049154,51.550967979331254,0.0028743893140108683,3959,373.8716177869377,373.8667348427396,0.004882944198049908
0.6083570199363548,1.1797563932022532,4.163301076780701,0.8167971620600512,446.98990037786143,93.16384632809248,0.006466315153111338,2261,969.3465991659288,969.3363968931284,0.010202272800331744
0.15913777548551714,6.279415636641044,3.2274931993383786,1.146210375841852,359.87084434224994,88.10015733074017,0.00583508718252507,9779,715.3121212970939,715.2995407118854,0.012580585208523896
0.7979748550255096,5.098554147231467,4.772918467011433,0.8591803347660861,175.1500613409604,56.397895606230264,0.0024781276595826586,2540,1018.47769348082,1018.4743635216503,0.0033299591696878826
0.5079599512732249,5.662138140176678,2.0278801360881196,1.4897413030811175,251.0785645093836,20.01558898698537,0.0031430710121429727,8897,2176.653605508633,2176.647985943454,0.005619565179280369
0.5719512423948221,1.0671682637549746,0.9866567405173939,1.2116780993189216,243.0346890590437,92.07475964234246,0.0016021326611121145,9985,419.14963337710685,419.1459046892303,0.0037286878765367595
0.4966864722444053,4.804179576916831,2.7792554046661637,0.979572832327685,481.7008257277634,29.94692587515722,0.0015965521488050742,6663,1741.003565965496,1741.0015336746994,0.00203229079647709
0.4606867547877934,7.462613450807748,0.8861484726924749,1.1946023756833324,128.88990973158784,39.560993215523695,0.001123982073571839,7320,707.4481591003355,707.4462851986133,0.0018739017221773714
0.6036762981773961,4.984243317706922,4.862869354958031,0.8538069723672285,90.30935178249307,32.18890274923186,0.002984268929347754,8667,391.35319953405065,391.3498313745307,0.0033681595199117078
0.23971622133764126,7.58997285681,0.6740823121573619,1.359923912988172,446.2784744727606,34.3852455984819,0.007116951046573502,1118,1635.04325599124,1635.0302494992316,0.013006492008328183
0.263735317445744,3.097170679571513,3.890767554982886,1.4477296377049147,453.5086952776419,84.23020303118678,0.003845938493281207,2213,1751.7835378548639,1751.773280139817,0.010257715046941214
0.8756070589121656,8.31827804033553,2.862960791640098,1.4121110717443117,442.2825895604741,66.36011533327394,0.0040846084288063906,9805,8634.500537245372,8634.4909417257,0.009595519672017373
0.9515039159202695,6.295881164081071,2.158792936242299,1.039230321608994,279.93961203150036,96.48761305002787,0.0021871485392990025,5234,2432.1828665093763,2432.1784004420538,0.004466067322694948
0.4359783846517777,2.896867894869156,0.796289740288946,1.028037683750358,346.8849927212572,38.51628098589732,0.00617923600890778,8503,590.300100372001,590.291301142602,0.008799229399002701
0.3436702058291984,3.1304842826844963,3.299751158781235,0.82456132785141,303.5133714024428,58.85079265049872,0.004079292773920636,4473,456.0343957523485,456.02905260409176,0.00534314825671745
0.6795995889151142,6.652274181125834,3.1334914822592985,1.2559802510906417,81.25152172448041,98.1942695265976,0.0070868512308719335,2289,852.4207870865129,852.4031459232158,0.01764116329709746
0.46786075398828675,8.469456338911991,1.763974728804199,1.1744333489328564,318.1257036053251,86.11548114198158,0.007673135219582981,3380,2100.858789411063,2100.84201745462,0.016771956442813648
0.12284772009431039,4.740650038262396,4.5959976563464044,1.121542459929139,56.126366265245395,78.28925432963929,0.006262235877235439,1223,80.98854400338443,80.9760221010955,0.012521902288940604
0.24053733762957133,3.32470386214833,1.868495033042766,1.435341667334295,196.24433430068876,35.11801610966336,0.0034846258313083267,6679,505.0460504526922,505.0392923512862,0.006758101406060852
0.7443750059626578,8.803104462195403,2.5237643476644775,0.9175152307579925,469.53165914292515,81.5524320727773,0.00557747019403529,3640,3332.685322529424,3332.6760317401163,0.009290789307764159
0.6930315477191362,7.023414625757514,2.9469310516339506,0.8067663866831277,186.82037133611342,47.80520980767342,0.0032673772421407303,2023,840.2046023561558,840.2007061958502,0.0038961603055223505
0.12438639325313515,5.032769385547689,0.9510434517932874,0.8513215164845358,472.9219891899115,62.44295176374061,0.009126215518185264,2543,255.12269185418162,255.11007110304874,0.012620751132885013
0.2997749457396545,5.391101757513717,4.694727736461346,0.9563600064791583,162.5602807171599,68.73289704316322,0.007897471750743016,8004,449.5484658924005,449.53572179005477,0.012744102345728607
0.30796731692926427,2.8383082114275675,2.185412686029685,0.8232998844844199,191.5530082076896,68.74909692194032,0.005437053154050097,2779,200.88686856311887,200.87931480471175,0.007553758407098784
0.7047034692388556,6.641223670583596,0.8635064624345463,1.151990597450195,332.78337339734907,78.1218777530813,0.00968911428860332,2700,2335.633387530251,2335.613505978505,0.01988155174612536
0.11773948397892775,4.228682594885997,2.2428102815389845,1.0198633186635047,392.7321377551827,72.93616741137645,0.005920799020571692,8999,311.25874454618656,311.24830195873005,0.010442587456495256
0.19369772378611647,9.960806590069144,3.200911461916613,0.9263381056476929,275.62449560219784,25.469670344847188,0.003956819292612534,4983,602.9721920530538,602.9675931473703,0.004598905683556001
0.8199244768358704,5.32165163735699,2.811437023195983,1.3250588524640634,446.95205923736995,56.58776207592858,0.001859205707146424,8385,5233.1231679745415,5233.119310345798,0.0038576287437095506
0.26069019584890024,5.372970455706518,3.625438883167733,0.943115928362771,68.10818972477867,73.12172853759834,0.005893710803320723,8594,142.1180852671788,142.10846237806894,0.009622889109876541
0.6874714970666872,6.092666086696047,0.7496777393055978,1.2813235706956554,464.9876773854668,43.679438573258295,0.008743749504232111,7158,3591.043050597668,3591.026953367835,0.016097229832558298
0.31436450294205387,9.250804028068721,1.7804327462242526,1.0444854340933474,138.3385099529336,45.04453497731117,0.008800468553408039,4839,523.3794180230855,523.3660855856826,0.013332437402827857
0.18949725348341065,8.207362898737752,4.18653759578046,1.1582794324637882,447.9074352880952,29.965403820369243,0.006441103600144736,1825,1411.3309635180585,1411.3212673219712,0.009696196087316769
0.3188549718995087,5.060170628180573,0.8595215950611239,1.4537069278959238,230.38843076887122,53.48919887798843,0.004540945269107915,3736,918.9915031934092,918.981371058892,0.010132134517184305
0.7500402386700933,7.468293393755164,4.349686796131809,0.826146144371069,424.74067514196696,98.94643474449397,0.00685266677281612,4406,2569.6107371380717,2569.59947417514,0.011262962931635938
0.8701268212956572,6.276119489026855,0.9135324143469781,1.1501851552342233,352.2494974116628,42.825548903042986,0.007859263191031356,3774,2915.2663617382636,2915.253450868728,0.01291086953530544
0.8471978781102925,5.43130343831124,4.255043967012633,1.3980960722293327,129.17373461521794,62.51495141488785,0.004704623059547136,5632,2072.026894488855,2072.016205043514,0.010689445340477728
0.45746517665660935,2.7308419550591547,2.12354780485427,1.211581973859244,463.1214064466518,79.45898022232674,0.005286287522934328,9683,1509.7201494404746,1509.7086555043422,0.011493936132516659
0.7012766229135816,5.1754263710940185,3.254940784657471,0.9938093618756096,160.48282571980684,21.079781670741653,0.007125546766401487,9783,937.0754382680124,937.0668640818724,0.008574186139991299
0.2844858658742389,3.2123672832031716,1.1879920204159917,1.0783767946015241,159.8630534127496,92.03516476786392,0.008889873454924719,3734,232.74071220645774,232.7223024995182,0.018409706939536072
0.36383295723491194,9.233579348664891,0.7977592477633138,1.2761859401100022,416.3805034868212,50.92401477799508,0.008119093403280476,7887,2475.0385486323366,2475.0229106815245,0.015637950811890372
0.9067022366690078,4.018661321467122,1.4717219180906078,1.423568326019662,97.64296500763446,89.52927893687858,0.0012015223238831382,2492,985.0683558278538,985.0651140259638,0.0032418018899453087
0.11170173115966243,9.570376130800351,1.07534218058913,0.8287464616226281,149.91615786670715,23.11581271195824,0.0021193510940612907,1682,122.44311282407484,122.44095041212914,0.0021624119457107445
0.17695767776902127,5.797497610852401,1.9058265395583431,0.8500771753232635,276.6549080394781,31.65308414909407,0.008675003622569696,9820,272.53240277523264,272.52269412047394,0.009708654758692101
0.2870976296314246,6.683899408085443,2.814724609299591,1.0275360665267113,423.7146629089809,45.80235635820473,0.008504405452405304,5482,1220.007448539668,1219.9947074792653,0.01274106040267255
0.12387898348643775,5.88646400040395,3.149417586042543,0.9629457791062354,116.36778863177037,47.636941845062296,0.004499261048338383,5747,120.78906288401211,120.78266644790332,0.006396436108790196
0.2632918915808176,2.1644255527003082,4.054406483208843,0.9854516203556842,296.45070553055587,87.82353784224132,0.006258501301218991,3240,471.3896995324689,471.3781156092179,0.011583923250987883
0.624737404872723,4.382390971071469,3.4530795196176136,0.9548889990381166,370.05826631132277,20.896089231058816,0.009152604841857818,1100,1651.7383661448696,1651.7278001631537,0.010565981716003084
0.4792820955332482,1.8923150104986153,3.2394124630829886,0.9370775341986104,437.26785112217806,71.28894211757436,0.009204028129063868,2093,944.4091458098488,944.3943723304624,0.014773479386410104
0.9034045399692774,6.606586397650435,2.3530191236859856,0.8914367768085043,471.0045020909988,30.50499489428402,0.008047835611848018,4772,3029.5536823075436,3029.5443197008904,0.00936260665327506
0.8356992055645969,5.0218677568039505,2.6321379573206243,1.4537678922566666,403.0879615110196,85.85725205688395,0.0028863004452371107,9624,5449.157572665819,5449.1497740752375,0.007798590582053161
0.4076356165280884,8.001864744138432,2.365343732255815,0.9009326247343071,343.77277919990087,82.28586127663299,0.007572545266185505,6334,1179.219488434338,1179.207052249262,0.012436185075920907
0.33348109008816323,2.9842343289943285,4.289747135276224,0.9430826423358754,245.12903839074463,59.993682192896046,0.0019098858911235097,1536,528.8591635688751,528.8562817942978,0.0028817745773245273
0.44172316735054024,2.4810945258640142,1.5350020364677994,0.9723860067865501,100.44956938478883,37.014978040990016,0.009045446135091123,1600,168.50425265557618,168.49220127676958,0.012051378806604628
0.631265448263327,4.6569900786739105,0.5257441919388408,1.4531104111912945,369.38173663648456,70.75963127724451,0.002342339232208431,3755,2551.7880439498035,2551.7822318426124,0.005812107191324027
0.34125727674058864,9.33926844896543,3.4309395375180767,1.3289998935207594,496.7317870139691,32.50066541261165,0.006961137761003058,9510,3823.4298675679074,3823.4176094658183,0.01225810208934082
0.6617340170642206,7.3937963351117055,1.4110798263747413,1.3527896012208602,381.54226762944495,35.201903407412274,0.006492189468271139,8516,4068.28293691807,4068.271062721127,0.011874196943297803
0.4684704869721164,4.7703126231362685,4.5055181133941415,0.8733307816769487,57.519992181976825,70.13519217802862,0.00799209690291625,5941,190.65072299955213,190.63884799828358,0.011875001268537754
0.5968424627667822,5.655449527788795,4.365708483679953,1.38541691251097,273.31699011882745,99.29827568708995,0.0059641975212261,8508,3137.67171401619,3137.655246198738,0.016467817451863615
0.49251387622178505,1.7579171005938852,0.8452731736769266,1.0857351572721927,326.59098461730673,91.2848669802037,0.0015360991783815896,2527,493.6045847850088,493.6013945419596,0.003190243049195926
0.3650191835877259,9.861183067385017,0.9787478243633481,0.9839761183486722,360.35339049627936,67.44858861469416,0.007352616286397343,9262,1380.5233051514442,1380.511190582909,0.012114568535299878
0.9536079762659411,6.99766574225427,2.728272165109998,1.2030250584642175,373.87662602031884,63.0829415013939,0.004448391029517412,6248,5018.56767373938,5018.558946313562,0.008727425817632717
0.7872452147437847,3.568636616170802,3.241501982462096,1.3755280340717138,301.14879854743583,99.87079040064869,0.003882565010971989,1443,3054.8333592491545,3054.822684995659,0.01067425349522952
0.2261018581898073,6.272275547937199,1.7370875186700834,1.3450565057524366,150.5121497304081,63.791771810711495,0.009925061945803613,9578,493.14426486902454,493.12239904561716,0.02186582340737167
0.8816211783081216,1.9853412946209459,3.725589725147168,1.4229982378067925,473.990297664446,53.60932175675551,0.006313597893637551,6674,4832.460864064001,4832.447063435904,0.01380062809654337
0.5386880784245623,9.692530019268252,3.177122094134922,1.4496925302108108,363.4999104486479,92.76444286202731,0.007396471659424702,6195,5296.170734987815,5296.150065608938,0.020669378876587367
0.9050970042046823,2.5730648909502936,1.961708493868496,0.9666854499994247,156.57801659123425,38.73474366954306,0.0057369352324208355,2869,600.5614225912633,600.553728623455,0.00769396780839149
0.8198697303525837,6.832272862496928,0.6141716961904202,1.09670052591849,195.04482452162281,27.80207922374472,0.007929753813564875,5648,1432.2133498287376,1432.2022354376195,0.011114391118200829
0.48269215402231014,3.209090162850374,3.8756762658433295,0.810239977443549,464.86745178366635,70.72720274894643,0.007768654619499778,1279,1043.65443557485,1043.6436891945339,0.010746380316152682
0.12022237748810566,7.458052443836822,1.4663914962128721,1.415525161485542,449.3683340183011,27.667970701499918,0.006914315041121445,1770,966.0725622583043,966.0600669000451,0.012495358259270195
0.3418096234464515,7.991392305162529,4.255131845581827,0.9082005060323374,232.31589726114032,49.85188295623681,0.009979687552993992,6562,802.1339373862938,802.1203554750384,0.01358191125539932
0.5874707931947802,7.060777560202894,2.3913061702441483,1.403032368639886,67.23824989615294,53.886190846537644,0.00513814180674824,1953,734.9743407800678,734.963247156471,0.011093623596795667
0.6701303978435326,6.530495142296733,3.096848491842944,1.0305711253906176,71.82381600227218,63.80304536393865,0.007355731134683396,2559,492.15416582253397,492.141748562139,0.012417260394964937
0.3320989168898821,9.032221845568106,4.428269286840509,1.0576935129867968,177.76323091327507,99.33276365983698,0.008180001665244265,4446,888.9931351522594,888.9758890117167,0.01724614054267088
0.22542046666554172,1.7076403989078224,4.38630350413979,0.8273925781387016,333.1049987025498,37.678537866654466,0.0043843123863509,7982,313.2586791392945,313.25368478489656,0.004994354397943565
0.8514372131193693,3.9782328920217567,2.1718380885960795,1.0288151528357237,312.88758590055284,50.06051028055296,0.005114575247982568,3440,1734.1943618086082,1734.1864656958128,0.00789611279539415
0.9859619626331969,3.234587316677614,1.4400000172167942,1.4218545779608849,335.2225041247742,30.579209952852644,0.00972250539751527,1108,3123.557288530104,3123.5392372747338,0.01805125537037971
0.5731211640724173,9.892125658588794,3.988157349778676,0.8178831807851229,372.777337369448,68.60908208265877,0.001290619154139473,5454,1983.7055740807652,1983.7037942842685,0.001779796496720584
0.2545113572634732,4.504508017001862,2.4488609162095902,1.0844292311327077,58.56451411673228,78.21385458462669,0.004017660885648229,8078,121.8897206188732,121.88195607485808,0.007764544015112216
0.34507659386743206,7.593514293163588,1.3641889710155184,0.8219797408689188,97.28851782759929,58.56614585887031,0.00537591666104803,4360,203.19403996691784,203.18703309608645,0.0070068708313852915
0.11655160889272007,7.162526474929042,4.569914040427176,1.0596463975763455,211.76755332224567,39.66650146319768,0.0010131849376227122,4489,325.15466389277907,325.1531644084017,0.0014994843773714964
0.9228689259044491,2.9087311372963995,1.3914688740848933,0.9208484485462038,119.68699888471178,69.67106153453982,0.009092143909059507,1317,402.7794414062275,402.765235719315,0.014205686912463248
0.20597597460112702,3.150979121903962,0.6161322568605399,0.9765528752878605,83.89401914504937,63.13261786950796,0.0035761996019094285,1340,62.08510335971444,62.07940620099065,0.005697158723790673
0.6188648279628283,3.5315610719773067,0.5912598819533899,1.4143188612129933,338.43397819879937,33.69485787229742,0.003319343488984999,5444,1727.2709903066557,1727.2647138543505,0.006276452305286878
0.34664969861848544,4.700145504334413,3.300419104044189,1.1052344544353236,416.9014148709946,52.45455204017042,0.008382935758183678,3074,1412.4009667919822,1412.3868417109059,0.014125081076413741
0.5987602022642141,3.1089255908547413,3.4775377732288866,0.9916585939813386,388.68199584542714,54.815767330815596,0.0035018490565222786,9829,1507.3896877008438,1507.3843115085756,0.005376192268185185
0.6862783495166778,1.1768633447216303,1.8996876727564276,1.2125368645653836,417.6679003741306,98.60942030171464,0.006918603345118202,6678,1296.5551721073296,1296.5385106407027,0.01666146662693517
0.8467676233364815,8.91453751126476,1.9400494516117852,0.8994748718828077,349.63544482604476,87.94286657244174,0.008393528295117634,6484,2600.000554338613,2599.9863650886127,0.01418925000013392
0.2857791445845429,9.690488482427957,2.0277226177697423,0.9815741251945992,380.905394816391,78.7496630618875,0.008132291629393353,7979,1229.0235886630435,1229.0093200658519,0.014268597191577697
0.10989624579263244,4.074133483284111,3.560713460414954,1.182373577322022,172.3004483937356,91.1021620402358,0.008037556636833362,3366,202.12407949116528,202.10591829862966,0.018161192535624655
0.22319706706192655,4.0465619148292555,0.7616020596207287,0.9662661292936482,496.85361632787397,78.8387524662972,0.001797738128787114,2565,497.8430304231,497.8399238268213,0.0031065962787367465
0.9100167776632946,1.0638263149693388,4.681023587110966,1.2753894161806114,132.4245445222492,92.27214841005866,0.001718622708151278,9984,1126.1177814119387,1126.113566973314,0.004214438624734264
0.8865010698062638,7.1222561949733665,1.501344698798509,1.1440439115816659,146.52224347522213,24.36424919036064,0.003760930321636488,4704,1466.082622760347,1466.0772717778073,0.005350982539661168
0.6376717919532775,8.42895906173766,4.9985294235894155,1.3403923491782836,180.0148243171311,56.485296741353324,0.00132353093076416,9546,2769.2654122294343,2769.2626361008797,0.002776128554655081
0.640465174390288,2.3194747032400285,1.2718521220423415,1.463771175005728,488.8995935479605,79.75186681934669,0.00550386762867338,5201,2409.4566496789776,2409.4421681445715,0.014481534406139708
0.6985330070916299,2.4369971443043568,3.9719590579056985,0.8810634225431855,494.72986520925775,66.66366372880108,0.004553038596431965,9756,1719.32665610401,1719.3199703648588,0.006685739151246611
0.25783415076110466,8.11074924974294,1.5053564521833127,1.0342655069891815,407.7021873679239,34.013293132062934,0.006013233212888343,4453,1081.3098021814012,1081.3014675198694,0.008334661531810238
0.9229707513324639,6.5466167351873015,0.8638106073946429,1.0236843440148846,333.0759193518352,47.23936692228274,0.0036890968480272146,3590,2387.303097836084,2387.2975373845525,0.005560451531367867
0.47689347240286584,1.4037450186494531,4.43719995957792,0.905828043536078,284.028158833076,45.421950002135304,0.0053717860269138435,8617,649.1755422669355,649.1684661592902,0.007076107645256878
0.44482467542454773,6.602922914160535,4.364380666359014,1.3672121961334296,486.77938055908055,40.90775305474688,0.004012702892731484,1257,4439.085534771927,4439.077804267763,0.00773050416452889
0.5670259347545538,3.780259505593895,2.316066766023206,1.331915092827153,363.0302612862114,47.450844281117284,0.0027568728300097775,7221,2226.22005223146,2226.2146379536352,0.005414277824726354
0.14226937009754956,4.318526399237614,3.6607826414319207,1.1390978295840792,475.12855774671357,61.18826307688968,0.006844300130240335,2046,699.8704803724131,699.8579136076556,0.012566764757531509
0.24965503188047147,7.9275827646719215,3.006796697077627,1.1764395444562268,192.44785976493074,88.38952198266207,0.007060923113492668,7646,727.1033182730769,727.0876692280211,0.015649045055692132
0.7642302547837334,8.298416734053495,4.33830251153187,0.8416808966017474,200.19865652130454,79.3626129915005,0.008463085234747751,3232,1369.678737072788,1369.6659606843457,0.012776388442300512
0.17451880113261384,4.603209641558475,1.9177518619339449,1.1888551466289319,434.62606735329604,86.8199763212987,0.008872766048383524,5077,699.1007277075247,699.0810211264055,0.01970658111914253
0.6428368985197493,9.524376424057193,2.8565257999954334,1.3539390668137454,117.43471426338246,90.6882995650469,0.0073401571393112396,1048,1713.375802456424,1713.3568516138853,0.01895084253882579
0.3208141987131889,4.65816446156865,2.684175670420477,1.2016793015087,475.6675375832341,53.29203648780858,0.007187482780277608,9359,1617.9768713389599,1617.9636314302154,0.013239908744513081
0.4503660526377789,7.946524317070989,2.0925762181558643,0.9857144590842932,278.3634595985334,47.682102722139774,0.0015100809880282525,2853,1222.8571041805844,1222.8549059196898,0.002198260894621377
0.3598243630936299,5.3548953810783315,4.511547790503675,1.2672837906340362,466.886245362664,24.609870534732945,0.001988013173123544,4741,2662.015230741262,2662.012091349006,0.003139392255822532
0.42010544481845424,9.077790938698756,1.2464506609814097,1.0530419009756733,201.5567549266159,94.43932975011475,0.008313064393517861,3068,969.4217445578114,969.4047233289067,0.017021228904724402
0.747141314665821,9.169851192851608,1.1727888778431326,1.1814112990000147,372.18150686272867,25.265841435051513,0.003096561354612684,9583,4014.132368068301,4014.1277854522746,0.004582616026123872
0.3674095440608575,1.7867512708397548,3.096092908952381,1.1412957542952473,267.29380488771034,79.29084122963764,0.004200085541953748,8457,624.6181089834428,624.6095146056166,0.008594377826196426
0.6097641762672075,9.428439981792032,3.458724034932239,1.066822500675626,332.0616336104629,50.24866435724697,0.0023076761830828916,6823,2969.7701433942884,2969.766444451154,0.0036989431348365626
0.5284453619791897,8.429813573683742,1.3757866444605433,1.3032145862758946,276.9676219126185,95.9024619599349,0.0027563677171742714,1228,2437.453805023163,2437.446767935181,0.007037087982155866
0.6973040488263833,8.121796428814001,2.2582284901458087,1.4187132783901173,485.20202781711265,53.56816167473032,0.007978755118331857,4252,7068.601936043739,7068.584552794583,0.017383249156842678
0.9431467653922823,2.808202057169702,4.759537293404347,0.8036487629338475,361.44742901626273,85.32866810837731,0.0033567365756398447,1351,1666.1897150822765,1666.1847155871899,0.0049994950866840025
0.7593148874892253,8.246072878791985,1.609778402108033,1.4535315634612571,163.09353588184194,42.61238657309413,0.0050413146963777114,3272,2578.7159040666866,2578.705453844528,0.010450222158541534
0.2934463407316811,8.651194612165332,3.5076231595282734,1.1580605952582574,459.354614857288,43.927097379507735,0.0023650423575331536,5037,2198.019187344133,2198.0152453790365,0.0039419650965088135
0.12806482155515622,3.6023530100873584,3.8306722716391586,1.2905123162542855,182.31338216979697,67.64155279027474,0.007101369156844888,9425,289.04229601858157,289.0269326688099,0.015363349771703345
0.3360376398698426,9.570340705260914,2.5165791475932178,1.398937196323114,217.22229468538532,99.8386106965979,0.0075544276072012865,9457,1726.6714688526972,1726.6503495690395,0.021119283657703318
0.6355701376302294,1.4487413175924782,4.718866940418123,1.126972584619989,95.95566410909602,61.40579343833571,0.004255230861088425,1857,477.7323155124672,477.72457525160723,0.007740260859972134
0.1462832321358253,2.349183279224257,3.8149553084845573,1.3844818513554231,454.9849339082859,94.90469091146325,0.008062719815104756,9690,786.4126797764302,786.3909231714373,0.021756604992937127
0.5467296224811127,5.838230242463629,2.5606606093740405,0.9243338736186416,178.75041045253835,82.89998625989823,0.0031591598672991382,5194,701.2980561943233,701.2927152980292,0.005340896294158963
0.6371585640252003,6.182132240100787,3.062008407992423,0.9114172741358701,166.51292806912207,83.66914513417879,0.007227134758901406,3392,814.7098882135818,814.6977900455287,0.012098168053173984
0.40081950173526476,6.80635074970813,3.616760495412953,1.2602299581993075,464.11816909772926,54.87679913030113,0.007569681232784086,4324,3079.4734893793116,3079.458714846558,0.014774532753447452
0.7938209833712397,1.152722163839198,3.1648558119314822,1.409100103886216,412.487088082265,50.92338001382405,0.009717916400098987,7261,2807.1137668028214,2807.0931000841088,0.020666718712655692
0.19593842782039464,9.643300971599173,4.454139127217341,1.4246983242752276,113.48551468371848,35.35374464726523,0.003090894986680447,5951,636.2828297172325,636.2768692893325,0.005960427900045875
0.1676240035622279,1.401292834607296,2.105998980261805,1.2506183208640727,396.1960267566563,97.11530135869228,0.0018433943203847746,2432,364.3117823697805,364.3072381077049,0.004544262075597735
0.7553698805832431,2.2875575745106214,1.8494858302511221,1.1678424611465223,460.8648941242058,96.75148899550561,0.0033673188006080796,1480,1964.2357114654344,1964.2279742173096,0.007737248124894886
0.5459421845855786,1.126130657734513,1.4622750027286893,1.0319751613875614,85.33004819483476,79.76541874481462,0.0021057597692390718,9191,128.42000575086612,128.41609928333222,0.0039064675338985975
0.7195621567849625,6.101725899646852,0.6700233562906781,1.486000290919532,421.3467477070579,43.700195988213565,0.0025272487764487874,3970,4533.641086184632,4533.635689534668,0.00539664996359307
0.4913446047433716,9.39040195528875,0.693562839710249,1.0237869806663753,296.3390233428752,39.614363227382576,0.00400703060670377,2665,1538.9594569056371,1538.9537294417182,0.005727463918970338
0.32176182991519614,6.993524494724178,4.415248368991772,1.3209302750621152,351.1388522204603,99.08881939095704,0.004725916720498009,1328,2249.1298543946427,2249.1174260631155,0.01242833152737052
0.8371920859067797,8.403917216323846,3.552769158826583,1.1723872599335006,271.7844525072216,25.3234252086542,0.009133518031762418,4254,3739.420466063919,3739.407046406259,0.013419657660120005
0.8194742910720814,1.1195308311272207,3.4723958694641874,1.2259586397677427,364.0113882073754,87.48514337130472,0.00276054194350019,9608,2058.724471147337,2058.71812606842,0.0063450789169840205
0.7252268237689841,5.878137686317535,3.265892685206987,1.0754363854120383,65.34403775003895,48.43664003859797,0.009745830783290946,8250,501.187717167503,501.1721594920437,0.015557675459293976
0.34493062350696646,5.136066797549697,4.321486151123472,1.4753761878305736,393.2180254504777,53.50957757817764,0.008291378889065545,3301,2792.2378718339523,2792.2190931562664,0.018778677685860962
0.6312076001821784,5.490711497987137,2.6612011654953234,1.2001776282694898,65.00466403653128,86.55821189990698,0.00893324250904097,1944,481.82057225944794,481.8005704621615,0.020001797286463972
0.4248765072460241,1.6499186680166915,4.416848728512352,1.456451341321153,254.88493148630454,27.248241280428644,0.009364995907662193,3052,1393.6752637346078,1393.657907506058,0.01735622854974387
0.18242386599397073,7.159918249623767,2.1175026178200764,0.80531399132174,117.9342469086327,48.33357428162057,0.0077791707742700875,8703,129.45252250313789,129.44322988669626,0.00929261644163857
0.9255822179160186,5.52898373372771,4.670183769525908,1.2008694082337847,420.6084248080882,96.16194217356585,0.008099018484553551,2451,5725.991567637896,5725.972489195093,0.01907844280305414
0.22313676782706526,7.886339648751376,3.6439564103655804,1.30203082280769,191.14740912905086,75.92527302170052,0.004940364669450577,8918,833.7357764762751,833.7244600706402,0.011316405634774759
0.9552136184387222,5.367615706555438,1.6572971121099227,1.3215561198135526,254.34209507194961,80.39513318447123,0.005594052112086196,5003,2980.8001002203705,2980.786763871906,0.01333634846456641
0.5014051956621601,2.3444347260378886,3.038382147598813,1.4334838172471769,242.93783358424022,80.60042407643812,0.00939236884089971,2586,1347.3704428952576,1347.346127199578,0.024315695679558255
0.2666196359547577,6.834312586700398,2.89863752669715,0.8030811263026504,397.62588455811795,24.84560665311556,0.004404303203973846,1389,665.4769191185267,665.4725033134671,0.004415805059625004
0.5877108526405224,2.551477258946496,1.1205446977865028,0.8002311114816335,266.514961908189,36.25660746083449,0.0013775236575778648,4728,368.3182255863776,368.31672357898674,0.0015020073908537921
0.8856512522887675,8.851551070193334,3.1605930758777636,1.1305844225566508,405.03125075465573,59.301060486496944,0.007864789469272958,9007,5507.809627949129,5507.795463203955,0.01416474517423968
0.7590023977686051,6.518046151623174,1.9165353067263107,0.8205055935037595,83.07872456120386,49.45201859803001,0.006158417605457666,4635,358.0706766062197,358.0631247716695,0.007551834550190107
0.8259050330753048,2.4148349520125882,0.7355694506432109,1.482172787563662,136.2172855563478,52.87298345062828,0.008333883661089805,7480,778.6402386366183,778.621355374994,0.018883261624295045
0.6929050300396457,9.661042517330861,4.768952709679542,0.9554456221789744,298.1904123408623,82.51579029005381,0.0016799613994986592,3654,2721.7359780810684,2721.7330484986464,0.0029295824221630146
0.7230489080660673,5.665289170017886,3.386706660789295,1.1308653105553914,476.18974613871274,21.17433880541882,0.006591087914282109,5106,3985.793622004101,3985.7845901139826,0.00903189011828636
0.8642760864087874,1.6560860668448951,4.446135193418812,0.8427963410085566,83.64103102480114,72.8393541056991,0.003229352991916822,9681,313.33696178113166,313.33225763509813,0.00470414603352654
0.32470120797326735,6.641496139735605,3.542252022559639,1.165433891319881,69.38789727058894,20.008818544145797,0.009129417350450357,3319,311.6508837221066,311.63811510497123,0.012768617135359966
0.5404824672788264,3.278790163115292,2.106426614630508,1.0659692876031859,120.44780371753505,25.044682046099496,0.0019891894576757113,7152,398.3602174959503,398.35756602991916,0.0026514660311322464
0.299088497637642,8.233241066895722,2.8070963254796513,0.8312620202140567,338.5189079870704,52.662889587009914,0.008587623454525569,3934,772.4084074193014,772.397509479359,0.010897939942418947
0.9889012071969824,8.360398662095715,3.540860421562297,1.0345869866873574,229.5468125016112,87.27588158438571,0.0017969882677471934,3823,2891.6893066164907,2891.685824894398,0.0034817220928226424
0.949653405717952,9.810526202691957,4.821135463406469,1.074005214155999,421.4985707379588,31.599661245156838,0.001225876199472983,3505,6755.659897517583,6755.658164879825,0.0017326377580315802
0.13548413023165531,5.516825779220533,1.6415125660476342,1.492945043892458,82.36991816661461,64.36971273028892,0.003115534870377301,8079,178.0637741142285,178.0561287490538,0.007645365174670252
0.7350176552641197,5.094611917549634,4.43739676380853,0.9455201103435629,138.38633906661548,74.28041814613954,0.003997400868340154,8798,866.8027125858417,866.7961254432296,0.006587142612105184
0.9327234856740992,7.781280449018325,4.658350123824213,1.1813457307590698,185.01188245920306,38.362630733772846,0.006638758946306841,8869,2995.819358195118,2995.8085068712244,0.010851323893582048
0.26251781061460017,2.192235907077339,3.5168698159653045,1.49112088443904,332.02853900995336,60.986420421566635,0.0021855213762494844,7934,1106.4455300917684,1106.4402837430364,0.005246348731997298
0.6111507074973666,5.922239624138117,4.69069982330602,1.3544134455580945,358.3277106356963,92.91258265105539,0.004935969402319675,1055,4263.519235390457,4263.506338521988,0.0128968684680518
0.9239394678292376,5.9162284011776585,2.290453643648158,1.4953572506174622,105.89148228369822,60.97828202924262,0.002838372418925864,9899,1795.4103688436276,1795.4035363123705,0.006832531256939506
0.13055138072721897,1.8052581052934848,4.788572792181992,1.4778088202621185,474.7121190462828,32.585844943011836,0.00869772989392357,2009,892.4715800972131,892.4545380669746,0.017042030238487483
0.7276782405221559,4.761856769562222,3.6625229472468868,1.142677679465908,203.46986083559412,70.22514373500358,0.0014046985715617448,5118,1628.641988808762,1628.6392564948433,0.0027323139189223424
0.3676141066352957,8.679563187104817,0.6890259533846536,1.2874630949093961,370.9259433501274,67.37601440068113,0.00420343954019669,4316,2117.5077434418013,2117.4986854313775,0.00905801042393972
0.9319565758388774,8.705382597951942,4.580927743185738,0.8773101888588059,285.89347352646445,22.156380783850498,0.00668236671972198,4489,2724.656753683529,2724.6495922554336,0.007161428095464912
0.973952420648831,1.8931389842771291,2.6801276406493666,1.1088041775327613,150.24115109619797,27.247552459805327,0.009217793602467451,5326,822.7534984888233,822.7404928625309,0.013005626292352166
0.9498398402020906,1.8164879447304778,2.571471431500248,1.3663129795866882,430.802745401935,32.54250841128086,0.008811940804245058,5305,3351.9219534058507,3351.9059954613413,0.015957944509524286
0.5267927949917174,3.3642592930174176,3.0490997269083544,1.1537347246840004,418.2071126863685,30.903126204949594,0.009056727995654473,6281,1880.7535069844882,1880.73982883622,0.013678148268091337
0.8758383858903821,8.872894562985941,1.1722304604705256,1.2918893229720623,228.23233426251053,40.757261644874646,0.001565679643146839,2193,3351.255044392256,3351.2521973165,0.002847075756141013
0.8600944586815634,2.1601232656614906,2.611247218553294,1.322025930988994,314.87341356223493,56.328425858845435,0.008568309353171136,5994,2258.440402061751,2258.422693916869,0.017708144881746445
0.3871904259189301,7.479971223647016,4.240072475229856,0.9774283988700257,166.0215631711729,49.73730383191875,0.008019213206897073,8506,719.7726290259325,719.7608923065137,0.011736719418809254
0.8460239267356097,1.910490576517929,0.569671066118819,1.4129895610597958,360.43323293583563,91.25199131236775,0.009121884843480572,8969,1509.9843850789016,1509.959734364822,0.024650714079516495
0.13330687124394336,6.608240683730428,1.7281272214596708,1.1218757016364254,189.06206567919415,68.96875275250696,0.0038041864053220127,2497,264.44486237649096,264.43765108701405,0.007211289476919304
0.6366428906338477,4.204605692072303,0.511045638997299,0.9471295725350807,429.8354304720057,90.09154799694744,0.009205885956460302,3410,1157.6167518563393,1157.6001774571382,0.016574399201007055
0.30700795355893273,8.100225666692804,2.3707008911743177,1.4057911172519106,147.82329692477344,62.16314599340791,0.004623769765778031,9666,939.1264850405906,939.115944347779,0.010540692811645795
0.20851019719955094,3.1032140394282726,3.777419797221806,1.0924731642743777,56.66154026830886,27.189637655147195,0.0067068971697322,6131,97.03030382613724,97.02098450761648,0.009319318520761016
0.16925788146628826,6.752816464509639,4.0944732310158285,1.325218706865804,170.8286188855633,57.06299592531479,0.004817610920862986,4566,550.8251876175517,550.8151601063072,0.010027511244492495
0.7266598982903258,3.1211428111829647,4.753353925071529,1.1836231505551151,135.97361890676902,85.76260374738919,0.004848835874640861,5048,1090.0334039617424,1090.022742684801,0.01066127694128626
0.4058874673912595,7.4229425480093845,3.2382707583685395,1.0673102265641503,278.7288978762159,35.52830137336865,0.005919733169154114,7927,1373.9733846059758,1373.9648216680196,0.008562937956245563
0.7522900943758853,8.863102311046738,1.6458208999380295,1.3669134905269986,141.66648124545932,27.29714230021198,0.0042033403865874034,5624,2092.6386693878467,2092.6313553998275,0.007313988019186693
0.15882070671904813,2.14121619214084,4.658665771115145,1.2091289521512292,393.43544182377263,46.354779067060804,0.008134632948423122,9462,621.2083471550221,621.1939519620798,0.014395192942259782
0.3837613040475493,8.79936119735953,3.9889208924616923,1.0733934716989222,158.61678710180178,51.11182645121117,0.006702748618737151,7681,896.903463571474,896.8925915491305,0.010872022343496547
0.5855421631378035,6.3421772897286814,3.0849281735141503,0.8767185092345889,368.1356809606951,44.50061411247235,0.007207801853850512,7017,1561.9507682766223,1561.9416369746023,0.00913130202003706
0.8116508483550672,2.1439944178032158,3.630380970735212,1.4268117196366956,310.3119153561758,30.81926284996448,0.0030793132019958725,7800,2960.7851336014755,2960.779385926127,0.005747675348479772
0.3868772526388629,4.847876698237408,4.659423597533431,0.8248287097391667,493.81243541234795,40.06718877773716,0.009726177596332533,8005,1235.7309276196252,1235.7196908267276,0.011236792897477239
0.6633022387933082,2.447742641365881,3.7057731281281474,1.4042311438576394,499.95543965415425,74.58259236816883,0.006941584879956689,4551,4023.8808957546507,4023.8638781599007,0.01701759475006343
0.8973799734125685,7.303130999799126,2.1576852841313032,1.0519730674182088,441.28673749279847,50.87428130345312,0.002774762780773525,5585,4146.059796031494,4146.055392047865,0.004403983629690818
0.6542768693640741,7.8298132097615465,3.7086269103009353,1.247537134450984,391.992516184438,70.60395556948447,0.007754412191239304,5457,4605.692756795582,4605.676252710241,0.01650408534099955
0.3096635272782704,1.9521686824551905,0.6812517323092454,1.4455398066849796,223.9053863002582,62.9043023934986,0.0025634269288686046,4883,381.54149569309493,381.53545921606633,0.00603647702860713
0.12196070340088422,5.5552586742517995,2.2388700282376157,0.9061946308527289,388.9745272090866,63.92423518861352,0.0015704640666955756,1768,303.63718823949415,303.6348553581256,0.0023328813685437946
0.8830889865108369,8.331625504233255,2.3284536433051066,1.1968653329471672,480.5039916857708,39.88396463582368,0.005747980565312509,9736,6479.673428508525,6479.663805109103,0.009623399421347217
0.11914246976534842,9.425467373958968,1.250772054893756,1.3351030036591345,60.51990892794987,61.723442621454524,0.005981715587461126,6074,137.23143061529493,137.2185150472926,0.012915568002326088
0.8872315054157794,5.62166080067593,0.6038846624829658,1.3303086829033401,292.0616150889825,21.887577109056142,0.0027006901725843873,9282,2854.922768756577,2854.918389638717,0.0043791178602354056
0.5760434206244908,9.552513012502663,1.1002155648698426,1.1679423402196527,148.09923697479556,54.53949938599409,0.004135410498629431,5333,1239.6934988528608,1239.6860347171025,0.007464135758151623
0.9451609286616066,5.821200734104268,3.445796731086748,1.2373176219345208,301.0443421409827,65.80982585519321,0.009511923661108274,8191,4036.823578990894,4036.804064383535,0.019514607358853252
0.8189049121962989,4.547714451399171,4.110299673636594,1.3302688958929911,259.901190391501,34.55964970832874,0.0035650290887874092,8548,3260.9170985151654,3260.9107170946777,0.006381420487625374
0.9981406994800037,8.63382815697606,4.946915717271383,1.3887193464301881,309.095861698528,40.52468049991611,0.0024001125468883183,3968,8080.490741627059,8080.486057823206,0.0046838038535802215
0.41564063390653916,5.436844394122802,2.0586357639882245,1.3332691678131046,297.9329996384259,37.56248158524955,0.009933057627989088,3659,1649.971846460068,1649.9536284560756,0.018218003992501466
0.7904694600380142,5.247122595080707,3.197206500174958,1.04780346022687,482.0481676258529,25.644636421233933,0.003720749827424201,1633,3532.6526812624325,3532.6477828623633,0.004898400069039955
0.46173782224831794,5.412812404688455,4.717152350668049,1.4977084807404133,298.48374902063125,47.8285856912072,0.007122283058314708,4228,3131.704961156811,3131.68919212822,0.01576902859109227
0.5318880582735179,8.621065016827709,1.2516880160216868,1.104151885603513,430.80443965619025,98.31726131615515,0.0030840416329533976,2248,2758.0198253380804,2758.0130721387773,0.006753199303111983
0.6647549168965331,8.48747387519247,3.729405138542342,0.8171252919312534,193.91912906038093,48.310432517088806,0.005951090772877505,1982,1051.5326648526648,1051.5254528325513,0.007212020113361079
0.8863094027677049,4.631679931961901,3.8974042991712343,1.0538318661098234,247.145309955972,56.84292974695805,0.00447653787948654,3510,2074.8386802472646,2074.831281153403,0.007399093861703791
0.9856751222793656,3.9996987388347254,0.9003899114120226,0.8894480682016903,261.68606422016444,72.24698007651001,0.009654213350432699,4850,999.9215873659109,999.9067966530928,0.01479071281810436
0.7914460724780664,5.427352216352164,4.375622233323793,0.8850098310098625,175.42761950092085,71.87982009352856,0.0048952528709543894,5758,1066.0470992870053,1066.0396528569202,0.007446430085175333
0.4759901039506004,6.154952587633981,4.158972711998797,0.9970745280748261,220.90561766507986,95.99159840148994,0.006257567657635518,4993,1078.1739496911418,1078.161721263154,0.012228427987815104
0.4792213020493632,3.1450348956519725,0.650313529598455,0.8373628459240826,319.33088576004883,88.60513123193002,0.009502896393101324,1989,407.2602945812822,407.24528656868443,0.01500801259774941
0.7638240714300023,8.145595762440315,0.9098798669602317,1.2819585318866942,311.08449348703954,83.51605496841218,0.009903108699441597,2616,3536.1752970107086,3536.151998959915,0.023298050793537865
0.3148994311914721,5.378344891591806,0.7210710225133354,0.8517922189413336,336.3959050580662,96.13017806226485,0.0019149252760449686,8021,468.79300835308675,468.7898092375664,0.003199115520370252
0.1994267018182552,4.0064099357796366,2.00634589309713,0.9423026888051693,208.31806193906348,38.46123083865373,0.0085088864083815,9616,221.81269528776733,221.80159354029817,0.011101747469146297
0.4191599418766989,1.9613889366759154,2.791800458059668,0.8650298001458836,192.12417281887568,69.3643355697434,0.00443904844768524,2635,286.4302622531319,286.4237588164432,0.00650343668873163
0.3585150924886736,3.1496064436324622,2.8955647757958296,0.8442174116321218,325.2280472393734,90.9757413377725,0.006353458355850516,7395,502.36746593680635,502.3572225706472,0.010243366159142554
0.3666773084103911,9.543530545803854,1.704500418962492,0.9874261658776792,109.78778679238623,69.93105266224815,0.00437543271059721,6218,441.5003509011608,441.49300917150583,0.0073417296549915375
0.31024697594491896,3.7458971813757396,4.602185989521233,1.200329277362259,163.86419458946298,98.19363796854957,0.004610045850893131,1177,611.4866494341835,611.4756822445356,0.010967189647877396
0.1378838706727257,2.519733604303318,2.1571825544236094,1.4752798895127892,68.95748162884784,28.02821711251032,0.002429717823866004,6251,96.78852696985768,96.78393778069267,0.004589189165011529
0.11608654126007244,5.146055124894938,0.7049757018440863,1.4128896580447243,82.67488366823606,55.146440223456025,0.006154898125850794,1719,112.1131641220048,112.09967228982403,0.013491832180779564
0.9889501507624284,3.763789690242238,1.8510220019362387,1.4131537478117273,159.522475667274,98.1890326326909,0.005920443513502523,4128,1768.945194421247,1768.9286129418967,0.0165814793502605
0.4849958203622761,1.3164332524407474,2.8899924014486995,0.9232469252263603,58.78817613361356,50.365442285594064,0.002704202096845599,8035,102.23341963198475,102.2296655387769,0.003754093207851382
0.44589398244371353,3.9083069555147554,2.3369982016470443,0.9854350354484741,160.43476643935767,79.16451000794436,0.005875573864005473,3789,433.8605306892842,433.85015707071403,0.010373618570169081
0.7116825544237628,5.896977615455217,1.7322913359466663,0.853475321756714,344.7393453779117,22.432232086291933,0.009757916943679775,9845,1363.469041981825,1363.4588456525362,0.010196329288786598
0.2964284990785578,5.965411348179702,1.0909546239394283,1.3449278379406295,77.49818531101987,75.58696917042505,0.0074296773626841076,7261,293.2354939559709,293.21794863893547,0.01754531703545969
0.9549650655552028,4.209030290591999,4.186240250433034,0.8488714110398934,246.53150500758844,94.77013860220627,0.005328843036250168,9681,1424.233211357235,1424.2244009251317,0.008810432103321265
0.8077105129739969,5.025724806273406,4.982653589558863,1.1896869695745973,460.89895411379723,50.61650281520022,0.009244755870232378,7900,5273.414984858911,5273.398419505284,0.016565353627094177
0.18046990208103356,9.689661264112898,1.9829396008574693,0.9735129006267655,406.0781730164304,21.70398703415436,0.006177829208547753,8523,810.7172385082666,810.7099189914203,0.007319516846284594
0.4758226982064355,4.396136295072805,2.2172946987947175,0.9704119438201214,187.44687603268574,22.232784351638706,0.0022154319885502307,1607,555.4749897477875,555.4723618875713,0.002627860216229415
0.8912064768059482,3.324041319339847,3.281168861046307,1.4935075386733236,466.16246563624117,91.36186445688712,0.005927586830312108,4591,6120.942757453371,6120.925816387259,0.01694106611151863
0.9502588200622692,3.191203396600841,3.7329866363099358,1.3297458648849763,198.34092353647617,77.80128856770094,0.0026287580382928105,6645,2307.606138417012,2307.5999232304957,0.006215186516195477
0.5206613601248827,5.119881514337207,2.264132906616161,1.3858575508037352,82.63197335190313,28.534910738126385,0.007907543548729069,5119,610.1592786138217,610.1451928213667,0.014085792455041062
0.6520702502896369,7.835681338452496,4.572182826418168,1.200387879740809,497.3251805456511,24.367222164095725,0.009704567928652376,6311,5797.972546741124,5797.958058897819,0.014487843304630465
0.2503305514828677,2.8538936576962586,3.0200179515301326,1.4097100011756245,441.5101372351273,84.38602908923835,0.004247367260889973,9944,1290.1648951437974,1290.1538549268535,0.01104021694397517
0.992051763523279,7.383665144266913,2.5267553438266894,1.251843377416447,259.66975248549153,84.78885062442872,0.0049142609211267506,4048,4000.8199326041076,4000.8085646065447,0.011367997562926441
0.3085045312450991,1.1903484101447466,3.410027389219573,1.4623215933574418,349.86943588658175,29.64174718336392,0.004793468201547671,5444,1061.818689047077,1061.8096016894624,0.009087357614670864
0.9484585967216131,4.770396801855514,4.7876173171212795,0.9969370102319458,352.05263503550157,44.12163231109094,0.0035676997821539372,5120,3171.9752073891545,3171.9700813113564,0.005126077798013182
0.6846819840931316,7.982785586825082,4.075485324897675,1.2167236820480265,137.51700382870715,82.40208516591116,0.00814761968390768,2014,1680.8112003823148,1680.793118130681,0.018082251633713006
0.6469631153909732,4.048596601969883,0.6800590874080595,1.2830919435558246,140.02188491913455,62.03296567632051,0.006559554994722964,5896,705.2402456711604,705.2266081468897,0.013637524270763918
0.5614196599148578,6.073633913008595,1.9953945983298182,1.0750561135194647,261.3113165083216,96.52678885802395,0.0015764640117090366,8053,1368.1395843482355,1368.136253637229,0.003330711006645363
0.3076028305459828,2.844813095433197,2.6174510822805024,1.4157955876828372,460.20791306196406,58.48501162768039,0.008549257015208221,2591,1549.9710766029316,1549.9518935765534,0.019183026378116336
0.25887522880495745,7.677958520135551,1.9153290749409737,1.485862214172908,54.49719868635685,74.15663500524101,0.0026837940803788657,3588,298.8128777259728,298.8059327978697,0.006944928103126265
0.29843758816315785,1.4705119294188367,3.6508440237370543,1.1456386439608632,402.12753617721165,60.78266925932674,0.00981236045538209,3538,806.6912314018196,806.6731571477643,0.018074254055232483
0.2677944359298291,8.672883803879504,4.218211174381615,1.0734484583630375,75.88705267159436,95.43723965480366,0.004389968251023092,9982,301.88023976987733,301.8710299763054,0.009209793571911064
0.8016260262100781,2.7837674777950134,3.791052928333722,1.1303565499895212,265.19995169740304,51.89272736540871,0.006548046824352915,7181,1785.92323822826,1785.9119956942022,0.011242534057721031
0.4151127332500571,8.869582285374976,4.951999790727239,1.396915722012352,337.0427748830644,38.383716414288,0.0017004125700642737,5394,3773.545777169842,3773.542490095686,0.0032870741560001807
0.15205840890705674,4.172763171704656,1.726464415518631,1.2518278978627173,359.04167018710916,46.130708822479455,0.0041019694721952105,4098,504.7149362046147,504.7074324514298,0.007503753184871192
0.9721923671267302,7.5041521702703795,4.437452727609896,0.8313406607626666,76.31566862716012,88.22201633321833,0.008221185616247033,9839,612.3444514308852,612.3315871978848,0.012864233000401246
0.8954072964670832,3.873027680075696,3.9498019932851878,1.1795189373120003,238.3716278227857,59.83508508097067,0.0052948764275793266,6876,2323.008333700082,2322.9983513484626,0.009982351619365533
0.9349770548756917,9.153205041111828,2.1298044090116575,0.812110085918679,312.7267672260461,48.34018428017912,0.009141431351896207,2475,2175.8200120948327,2175.808999544138,0.011012550694823604
0.9954170403817918,2.1397341296653694,3.803560446456359,1.3449747597023838,79.72049178770312,63.540801744758625,0.006176245969457265,6204,853.1737415402396,853.1601563776568,0.013585162582736168
0.2565057242975386,2.6066781034533886,0.9683418038821113,1.0298185914797247,110.7925504678894,30.65837658214739,0.009357149758561731,8737,107.76017471773314,107.74758425864759,0.012590459085541602
0.4566178170123929,5.437271126429221,4.052000670532485,1.1304052374821305,348.6420452768173,20.42874437004769,0.009843489163113006,6075,1930.3534546014532,1930.3400543364564,0.01340026499683117
0.7824146281336822,1.7374459513433151,2.895487711641962,1.3590746741353423,284.7371884657933,42.44677469547926,0.005085051035664484,9807,1906.4530637014914,1906.44321925606,0.009844445431265138
0.726418556248413,2.7638216623158574,1.8153057771916392,0.8325141721000331,122.82289757073075,68.40045758268339,0.006086409153200273,4672,283.1687714019968,283.1602385139697,0.008532888027084459
0.23850631570586955,9.49389743990813,3.4509978580288108,0.9109790749141273,290.85770161163003,76.93446157291098,0.008514285789261429,3855,745.2531048758165,745.2393812441376,0.013723631678845022
0.834249812491556,9.788406950330984,3.3872899942148407,1.0785722635115804,460.7115680499871,86.12887730815733,0.002993797049822317,2623,5891.118661314396,5891.112651163698,0.0060101506989513435
0.3019965146529946,4.386333963973797,1.4426880022381987,0.9609476144818925,57.01441314891377,94.13308475155758,0.008754666164029987,6636,92.69541052144568,92.67907854072635,0.016331980719326303
0.30143585334036077,9.30957418912542,0.6367883666518677,1.0365309980425441,339.1851980686346,52.968987757181445,0.006327281263395427,3830,1092.6087160252453,1092.5986836717202,0.010032353525033691
0.5832769806040722,5.903422081060886,2.4513016410575323,1.4987223165247254,83.14269557240387,79.24134396459637,0.00752950121846073,9690,910.0872527142861,910.067025989109,0.02022672517712138
0.6336459413575328,3.4276821928639034,3.0628034120498953,1.3777901063016675,52.90224933411538,25.973834415845005,0.001718686203971007,5682,413.0163524982252,413.0133694518753,0.002983046349947496
0.62207758705403,7.321588489725388,4.444723752667693,1.418731270472076,117.79451989728521,24.602399901766407,0.007895689151080633,4089,1735.4567109742923,1735.4427531865274,0.01395778776496668
0.1823381536579794,6.930116259173714,4.676975580414175,1.4559382434960428,240.3079843342637,29.983839358892528,0.003797082141162926,2752,1078.0973457661673,1078.090159847345,0.007185918822433126
0.8897147763673423,9.9021278719786,2.879623481705449,1.038655116219937,411.0547995418788,55.88552782646099,0.008247090491648578,5014,5042.951263809573,5042.937910838062,0.013352971511456802
0.3390400383298355,3.3854255866835494,3.892115676958452,1.0079538704575308,176.8034734720514,36.90251507989999,0.005582372844724363,1613,443.21588761944133,443.208184423886,0.007703195555347047
0.21656342915452376,7.048535523955619,2.4768647254759864,0.9638437448004524,331.55294557494136,42.95399535502526,0.0034715290133406984,1643,635.3862020139092,635.38141875675,0.004783257159171843
0.8998732718820796,1.468213795265022,3.8573697045780184,1.3810818379156857,235.020487079888,71.83041388098421,0.009574837273194888,2135,2148.3136828327088,2148.290960607919,0.02272222479003874
0.9600863484067781,2.0228143482704746,1.4216068622262512,1.2756863035996295,155.4493063847036,48.68177430422768,0.007885561579403493,4699,836.5865689738006,836.5716123263982,0.01495664740241996
0.8759148555389056,1.0352653745598395,2.1697913066158914,0.9653203877380141,281.41120142728636,64.58972461744177,0.009871174664862823,1161,736.1921735978443,736.1764900961987,0.015683501645594358
0.8285644672523903,9.995146129537058,3.3540259946612667,1.0638956804473185,408.85902066768045,52.99230053892738,0.004280229085709834,7069,5118.620173871345,5118.613207034587,0.006966836758799939
0.6897177825751196,8.2204632743273,0.5817108452318547,1.1546982347529589,424.6215665252649,33.51754044158557,0.006842976701874749,4402,3437.175943578205,3437.1653935921217,0.010549986083494502
0.5957716335482254,8.080507132601866,3.751075896525293,1.1696980400916277,430.9337893447565,25.921599220471528,0.006504298100773541,4993,4156.059446680873,4156.0498664840825,0.009580196791150901
0.17828808392026912,5.587534677593617,4.259909755706751,1.4221094099862002,202.35101564974073,38.89851962479103,0.007188010669619227,5855,718.4984698079246,718.484271410107,0.014198397817558541
0.4676078917636288,3.7006037461489596,2.2961374749227814,1.0663962930630515,407.05522912208886,24.616037559283548,0.0013448490943719774,1056,1298.040758996627,1298.0389718255826,0.0017871710442412068
0.4354196653110826,2.3613785601640833,2.5157408772972394,1.4359668213503587,145.48030479900854,69.48895679118455,0.003625473914896367,6284,637.045510744067,637.0366870468534,0.00882369721351388
0.3337784053842936,3.562072649618173,4.330769954974389,1.1089572922238529,382.2912955592975,83.65740811728803,0.009184038164117267,4237,1238.57493920152,1238.556234234283,0.018704967236897754
0.7510781023197265,4.383740997362252,3.99044585896715,1.3224608723546476,476.7729918226775,47.179261458992066,0.0048143804938500425,5902,5244.521038701897,5244.511668048778,0.009370653118824622
0.5462881615708938,7.8067908728226465,1.7966727006501875,1.4511780239895393,56.184725610930734,50.96888442818866,0.009645793111733926,6996,620.7605618768998,620.7394296102724,0.021132266627429484
0.17294159431688313,5.856956100128372,1.9578924795269255,1.4353029927742864,248.16376903045912,85.29528502074453,0.002921528553804782,1619,690.9561185015643,690.9483485538885,0.007769947675800864
0.2981648817548302,1.697352638999344,3.554952045757685,0.8398670071069768,341.4969447863021,37.80903298988483,0.009976815761329805,5874,377.2485333751184,377.23698608283945,0.011547292278973073
0.7149328872936364,1.16226108063021,3.0343914160167254,0.943993006483599,365.79909671939885,29.532821215589937,0.007278228180635791,3613,978.030545364531,978.0216456870475,0.008899677483525359
0.16851777354127018,1.9209896158065685,1.2300330699342363,1.1338337978725925,129.23949122114098,60.08944938648692,0.007987540816598391,8141,88.23941977404274,88.22492120303635,0.014498571006405888
0.8660862226438919,4.694488423276414,1.894684591531249,1.1020880029671751,487.48247385736676,71.69521356265898,0.004571750549822823,6373,3378.97290353979,3378.964252725502,0.008650814288072843
0.5456318743125769,9.398736253441164,4.549924745953944,1.248624165386045,326.86941558693786,67.97235400371834,0.009163073091345588,3835,3878.5747192165795,3878.5555011056776,0.019218110901706584
0.5325279195939833,6.7366223308829944,3.5967849652501855,1.4612963355777886,123.9532705527205,77.10984362193446,0.005909166108627599,9857,1456.5489031739191,1456.5336096631534,0.015293510765864693
0.6331670061935658,8.216433098879635,4.936884429584838,0.8786832978945642,59.23513027063188,24.540094573841913,0.007128445422021716,9319,380.8961346774647,380.8883339268969,0.007800750567836411
0.8422128693326343,5.197371350540937,3.9515563849134625,1.1163010655939682,402.46888945539916,54.25612902066983,0.001853274442026574,4557,3864.4476029867274,3864.444411717058,0.003191269669603042
0.41302828711197376,4.254994748755385,4.738884944646156,0.9346877265209975,85.86713275045659,39.08564191565545,0.0066851263080360416,5171,278.6765693311862,278.667878557187,0.008690773999224757
0.7102145373031572,1.9756033544496046,1.4728485824171393,1.4258753188785633,113.47291448160644,80.72970076368193,0.008911710894359411,5982,565.0497658030375,565.0268005005407,0.022965302496798772
0.609158767596212,8.883397199675844,3.9716819366761658,1.475206130061157,308.6735120850608,89.81843872482797,0.002604549053943893,7925,5260.301490580284,5260.294197287528,0.007293292755644723
0.3403254431524792,8.048440261251125,0.5909788406650884,1.135091177323245,321.5774765523289,42.50685926451319,0.007639533411713615,1634,1218.2333530654007,1218.2209954876564,0.01235757774438196
0.8907669877196422,2.513062878379526,3.5184200977019024,0.8728072084096986,359.09920336657933,27.617446325552663,0.001228606830951891,4608,1469.7372950024549,1469.7359265134892,0.0013684889656888277
0.8176834194462353,5.610345074886345,2.611770251541086,1.3497062667058712,227.08130569862934,40.27423695931175,0.009335827149062672,8606,2781.1949169340774,2781.177241504337,0.01767542974039249
0.6926066511925829,5.386373271291204,2.060420323640309,1.2879989453446794,398.2544010350703,28.320679124713575,0.009846254044280677,6737,3407.608140212964,3407.5918666295747,0.016273583389321604
0.8655235561848177,6.625823974178758,4.380819585318901,1.0482695786272174,488.4613698271499,45.7937732890763,0.0041876206011828504,8945,5113.408938481639,5113.402538491773,0.00639998986531896
0.8805647808638222,9.51568204592135,4.344204616958888,1.4211852317782745,171.99272438594735,63.055886265746054,0.0019636646474380137,3573,4239.67829751903,4239.673747067543,0.004550451486732587
0.7375266790435313,6.217942975862317,0.6003576720438961,1.483082322847895,366.36287744207567,97.89447635185651,0.006927187313468306,2156,4052.266874397273,4052.246543532017,0.020330865256326287
0.8533119955273049,5.861955401007568,3.2427730510224393,1.1904976943911367,467.8108935778206,51.94962034810868,0.0012685106273273117,6653,5151.129755876591,5151.127461195759,0.0022946808324229143
0.7277243155023553,1.4529063964119755,2.155245009444304,1.1960095379410047,358.82904317766923,37.60319390836969,0.005342376531674681,4868,1347.756223207119,1347.74743100524,0.008792201878963863
0.7121266945842704,1.5661672841622154,2.3704745067520214,1.0082594535796445,356.49927438991676,33.34413922966681,0.003446012576240979,7534,1015.9875838715327,1015.9829508630751,0.004633008457672808
0.6567502403936659,2.6861211219411,4.2441833264844915,1.20915422518832,150.69765608834297,33.84318129109408,0.005260051485575893,9435,1002.8272663009791,1002.8187535889226,0.008512712056518903
0.7774449756018771,1.2922369452257345,1.8942789718745523,1.1077496243673925,290.8085901438618,35.407814660916735,0.0011644796326452129,1767,884.050481942994,884.048735247349,0.0017466956449900444
0.24274459476376634,7.690176060130112,4.74371964786929,1.0115337188496363,303.1352796220611,80.98136180299576,0.0014645096476363583,9606,936.1711306747042,936.1684496151994,0.002681059504781913
0.8927836832790356,7.509972735945668,1.3083522186746335,0.847029637566731,365.05830310517877,24.88221691459359,0.001143782459590441,7570,2062.016051115223,2062.0148412342737,0.0012098809494416472
0.8846591749707088,2.2245061098847865,3.4822509051568,0.9768955017963875,498.5696524532822,99.79221655544274,0.006572186830424027,3886,2402.092604110644,2402.079776771544,0.012827339100125212
0.12632255473110324,8.524710107157528,3.524472801561941,0.9384982547743651,65.13972014469293,61.814911293300895,0.006040836259076877,1861,87.3367335135177,87.32755971763403,0.009173795883672963
0.8432350755082865,2.3930743136150077,1.6348782264256319,1.1794293891877643,79.35469757036907,63.54175154406605,0.0030984219868294403,5914,374.9354134073838,374.9294369867574,0.005976420626374107
0.2159828807261007,3.7105802829762293,1.9613777403524089,1.2211690152345158,85.07753124391344,48.60511029596839,0.006819788160136193,5957,155.43662209852067,155.42424609553785,0.012376002982823141
0.4016069688332277,3.240792092452285,4.2565932166097316,1.2260002070142115,384.34061052003057,75.22042875296964,0.008957865312054777,4933,1739.4551619246647,1739.435918613147,0.019243311517751535
0.769157430662447,4.35076388715743,3.928123647297286,1.0717267007319753,111.35920779984089,57.716507270463815,0.003495898909235023,1209,814.4878458927355,814.4819368100483,0.005909082687197516
0.2446839064434774,3.291973893009657,1.980931461416418,1.0948608135798472,330.10334352065536,46.324902797163986,0.008487944270910888,7122,510.5457865418029,510.53218839655165,0.013598145251230946
0.836170321707156,5.400558337946069,2.9028044612072024,1.383966900748448,196.1009950520563,41.21107229664343,0.006962582224019635,3157,2607.847752951649,2607.8341458762457,0.013607075403257271
0.8489207601619677,4.666670932192169,0.7775613331389295,1.1333629694620138,255.79398029481993,94.05209655466076,0.0013043839885568485,3377,1518.5635704380811,1518.5607016873262,0.0028687507550157923
0.5567209603847526,9.879125417013938,1.4393564707938316,1.4914413324959856,147.04842191783627,43.27916120419361,0.004376349062464911,3189,2061.1065371243376,2061.0971851962317,0.00935192810566652
0.10574728454515023,1.503337151154031,2.686192514871796,1.1077320610062054,439.7479525870439,54.911460754387356,0.005569814942731155,9867,239.07002918237214,239.06047135811372,0.009557824258409927
0.35833431985742153,2.2796323874861644,0.8868818087564522,1.2547066612324873,313.76764587336186,48.02731216931746,0.007585292709592493,7230,560.4970452463991,560.4829570174239,0.014088228975196166
0.655234226538168,1.4754330451774225,4.294995597013719,0.8352540992953771,475.05346861201366,26.894306194242876,0.0035841750242807525,7283,1253.0998886379618,1253.0960898070743,0.0037988308874936905
0.9830675602246811,6.632570754841382,3.7310279454844153,1.2573379470931676,308.5683123669483,34.874751558581366,0.009844570943721391,2355,4969.935851623299,4969.919156890454,0.01669473284479222
0.6686321743150015,1.4905834967234761,4.746351517918226,1.3959984760905042,105.75861376862599,35.160158026110565,0.007160857664545773,9217,859.5100417390593,859.4965303911652,0.0135113478941023
0.3338232229577438,8.52795763638511,3.6206010768381223,1.4597204869733074,126.89169522731395,75.49196115117239,0.004355323094479245,2650,1096.5244698257645,1096.5133128289572,0.011156996807257635
0.6706051327896503,5.60744767613735,4.731806175179835,1.4981244281478394,495.08328936553124,52.52683279726473,0.0018732253516940084,3958,7704.249729214733,7704.245448816612,0.004280398120074184
0.58598684174427,5.743068621233803,2.9953065006093427,0.9975250519544632,376.5043387988905,82.55740504565269,0.0026323098424372894,5457,1918.39150081041,1918.3867072271737,0.00479358323634152
0.8018608556360293,6.054350569409748,3.200983749778862,1.2027590453780017,72.17543751309034,76.71607394673256,0.00538846984049641,6990,774.8974495271473,774.885996503893,0.011453023254205358
0.19628257494426257,2.5373233567558966,4.896369745818174,1.1155025898725033,366.70145226559913,35.36398131168301,0.005452258194625301,2682,665.802681735162,665.7944488868044,0.008232848357616278
0.7849251122518253,2.7792127280303878,3.3895811608891715,1.1946722364026197,235.47787106432523,65.03335360960806,0.007909468883392182,2966,1627.3474516132076,1627.3318572437993,0.01559436940838075
0.5871399208084993,3.8693559058570424,0.6385395598733596,0.9102170700328927,188.24377407043573,79.43270768390423,0.007535589630150273,4286,412.79931512429107,412.78700779483216,0.012307329458878805
0.9666928034730952,6.341467742396663,3.757112494837355,1.399304700817159,119.32735717874043,70.64343387805783,0.002811457346660356,1995,2280.944365431059,2280.937652172502,0.006713258557037539
0.4076849494348175,2.891059983461931,4.5746091146183705,1.4366982603412113,427.95677955045454,68.00132064703847,0.006354609585024386,9268,2688.6045893131204,2688.5892513695694,0.015337943550938229
0.6693597038205533,2.046985544199351,4.080111124074469,1.1147631641790459,78.72862054509531,79.16887099206144,0.001185596206685995,3142,401.2496996623098,401.2473316608391,0.002368001470688253
0.9388252949590158,9.73105197776589,3.127249726814402,0.9963009031015039,180.42595807083813,24.54245914050455,0.004586926594459001,1956,2161.969712313317,2161.9640207738616,0.0056915394554660475
0.19225875519161134,1.1978363332866062,3.5208658089208233,0.8985833993571086,187.87230222156697,78.51375578891462,0.007876947165144452,1217,137.6347510030801,137.62211563171346,0.012635371366642483
0.943505638512806,8.224276648024194,4.955863051632523,1.2786353773444632,122.40737778357516,41.81242105227427,0.0045955773395844985,4946,2488.6681791965916,2488.6598462026304,0.008332993961233132
0.719097150070732,8.092316346175199,0.9079793982920225,1.0185622877345146,278.68319747909163,65.74978036074833,0.008520366158212818,3415,1871.2579392300383,1871.2435545961557,0.01438463388253817
0.16105335319465472,3.674927024605864,3.502601728849578,1.4366769989393722,55.266182064901685,39.38439957572059,0.009785397611127535,7195,131.8824438788727,131.86284858484274,0.019595294029964013
0.37086721025213465,2.2206395440658206,1.7752896255676722,1.2697087323914091,185.4389819346841,87.105405776547,0.0064649134242942925,2467,443.05793731406,443.0425786601225,0.015358653937474003
0.7373548797807534,2.3106578203488106,3.3804067846377652,1.2519797276219684,470.1332498148788,58.444748344060486,0.0023050366870758098,3872,3092.333159917297,3092.328587424944,0.004572492352777353
0.16061554132189454,7.276884555134733,3.2343060914777246,1.1915814811287686,189.73830620390257,71.43529696199869,0.0044170948711486965,1032,454.8315727202329,454.8225495174765,0.009023202756370759
0.6239534141586459,6.785259319775563,1.1905557444867294,0.832043437600108,212.20672419803824,83.52656347813824,0.0010853501956153764,4487,731.1043465821655,731.10268922992,0.0016573522454884576
0.4112947512576611,8.044711068262481,1.430359905831076,1.452345704979911,262.9242717053322,91.62522040570914,0.006424533314566774,7787,2161.2744579747955,2161.25657810888,0.017879865915198405
0.6588239659907295,9.437330551591941,3.297333101194461,1.239556245309622,302.76201868316366,78.56496776554728,0.008394116508764185,9616,3902.9483432557845,3902.929763607419,0.0185796483657113
0.14116783043126158,7.227346269399328,1.0770347628669836,1.4958433883681772,413.9188901693348,31.901486095232457,0.006669460710307387,5882,1085.7648323915787,1085.7516732810936,0.01315911048501125
0.8843831255371387,2.402663828962991,1.6933139380864528,1.1761494833410209,135.64455042020793,88.36258956686292,0.00807477606265105,4078,679.7306646455324,679.7127755797352,0.017889065797246258
0.9761400722596573,3.190983550888696,4.258604964821011,1.2970776243343491,442.28586973665074,69.48623326924049,0.00819913534548298,7638,5411.041598969785,5411.023574252948,0.018024716837283745
0.9719900697571223,8.57974357785803,1.9719117770073737,0.8393466905063556,390.8972107147502,68.75598067042189,0.008659113185957175,5862,2824.422403969422,2824.4101387881296,0.012265181292164726
0.7746866485686322,2.883754682507877,2.696270703213483,1.2422153237763875,375.19265059769987,93.70724478439372,0.0033999740469779884,2817,2502.717053343352,2502.7088721181362,0.008181225215374316
0.2170776161175688,1.6527008525903328,4.7351315081562815,1.33525472811325,89.06205817158586,39.90652445327065,0.008841416705383798,6867,220.20242954466954,220.18591281912313,0.016516725546423718
0.7824368763361204,7.329520486380254,1.5221708997662584,1.3449600063967901,59.73831048856311,39.16700947952266,0.006886845986171419,6473,748.4361067846836,748.4232163953104,0.012890389373232558
0.12212822481292136,4.6227371994112785,2.2533170781110465,1.3390781565611998,317.3057154086378,61.05548437559695,0.0036075300093503827,5294,477.80661581695296,477.7988356055716,0.00778021138139689
0.11991119637609754,9.280360472913133,3.2290599899459553,0.9583978391055674,438.41028313542256,80.06904532278921,0.009885652434966351,1714,604.0620830658173,604.0450226259184,0.01706043989900662
0.3912491972345871,6.8522956398429535,3.899025182767875,1.4827789343236581,312.99865886328615,55.77925665828073,0.009551641543585022,4207,2894.7687965048076,2894.7467335309516,0.022062973856102275
0.5397788713641992,1.8137708001249466,4.557440240207173,1.4966274844374572,145.95568945048888,70.71131119139218,0.006169968848857595,4980,1124.326436879089,1124.310673149155,0.01576372993396028
0.7933666760270139,9.530709105282947,4.619628444080818,0.852917112613121,90.73395407714595,56.2019779378175,0.008588875405596073,5383,741.0217483388851,741.0103056086457,0.01144273023940669
0.7149658389458546,3.327015372762213,3.9948803346768034,1.4555124959682302,364.8184037679807,68.8309744389575,0.0033534503984788454,3024,4045.9296797563816,4045.921439135159,0.008240621222743187
0.5013124357390735,4.0349124136565715,1.527488764669897,1.0026144360130587,374.7966247930143,85.78098420909689,0.00474433296949801,7862,1050.601502573444,1050.592665461141,0.008837112302958538
0.3462639996534993,4.620343723151878,0.6116419851915461,1.2824988572256755,127.63926530919889,34.43813568727386,0.0026557458466945037,3614,380.344716789541,380.3401378387208,0.004578950820181839
0.99741205014194,1.4610186676388193,2.226982686600307,1.0366776445152925,62.68564197344133,75.63028272047872,0.0056809237836632324,1810,247.82171248532762,247.81136911446953,0.010343370858103922
0.48356317201237564,5.468638800075444,1.136969829445205,1.477428026361185,233.72758095043866,82.99405914705466,0.005464012870644988,3030,1629.643557742152,1629.6287852068133,0.014772535338835886
0.506248321896708,2.1098664196776302,3.6967444134723415,0.8710527008124749,312.22341595985995,55.7689125985426,0.0029153190336540977,7033,696.3749140057272,696.3709584153845,0.003955590342645156
0.24726143907250228,4.608732940195166,3.4750876407157256,1.1484227718694633,367.701084305236,45.85868616542834,0.007055215243444879,2972,969.3416078309011,969.3297898206955,0.0118180102056579
0.8153285938749365,4.156388091928759,0.6978723872965468,1.0996334543594524,414.4752541188063,21.083545913952165,0.002060112659728713,8954,1983.5851363992415,1983.58239341037,0.00274298887153709
0.7243140032033398,7.95556075083853,4.26467200608928,1.0282164165945895,324.74184228802955,83.76840178672748,0.0015552230596274008,9908,3038.8838191458626,3038.8808804945415,0.0029386513210810606
0.2986926515098844,8.22853460469458,1.6193446983103201,1.251873793616104,99.89627386931826,46.235092722879045,0.004464144717961476,1824,460.5166619903369,460.5084895752288,0.008172415108106922
0.17414294105425843,2.380715941501792,2.44502183970969,0.8917390203951673,357.16175246408665,48.584757552644014,0.004688423000062345,2727,238.68294330542022,238.6767311999804,0.006212105439825191
0.7124493718672418,4.298960686413036,3.5057018095508408,1.3016636926935878,492.8794893026969,46.88049304790498,0.003877665458738376,8503,4643.5182502573425,4643.510836587336,0.007413670006448559
0.6890600928530217,4.360178449286485,2.43238454083514,1.486414486663351,457.51306306883174,59.89914646498705,0.003321519738204254,6121,4731.238648244649,4731.230753775854,0.007894468795164446
0.3459335742983884,2.3626939954247654,2.485795112599745,1.363191100128041,442.2510091712807,76.19996585752617,0.004048987105085774,3232,1378.4293742384184,1378.419648805209,0.00972543320955137
0.9557772060253693,8.186081545460715,0.7953259790108317,1.4020117270366819,185.9765690112534,81.74905048004086,0.0024703801655689274,6680,3138.0760670863556,3138.0697722044256,0.006294881929958616
0.23595210260281022,7.36505495501881,2.3064959716700173,1.0517457202253018,387.85467940430027,51.40565763225267,0.004631072222195897,7745,979.0701013199864,979.0627267888894,0.007374531096961646
0.48910132093834174,2.7134360766733128,3.941815519489926,1.0274206245368531,432.9965506843155,73.04816280361352,0.009141430361656995,8605,1487.815414986377,1487.7991621401031,0.016252846273839848
0.949254328150839,4.300497177344192,4.61829351733969,1.1619338482830932,355.24679208406843,77.65474002170522,0.0030198419308795446,1762,4060.525070984279,4060.5188373342867,0.006233649992213779
0.4777545852335101,1.952245223708628,2.360737116785173,0.832008630333591,162.75279045559122,43.753386534190525,0.007160059939153154,1021,232.15747413381388,232.1489104115545,0.008563722259366349
0.674673352897677,6.6538593738373955,2.406136220955855,1.4617506941195728,479.2252873437312,27.729717562967462,0.0022760605935805544,3259,6259.046568203925,6259.042318593876,0.004249610048945942
0.45783495816651487,2.092347320937577,3.6618219784564343,0.9006496211113346,252.86873515640414,91.573257651557,0.0041851596160920775,5561,540.386221271645,540.3790001812595,0.007221090385522468
0.346793682113803,9.87340751762426,4.742474004973745,1.4321091274176647,108.41250139964573,74.16927774252743,0.0038905730249073067,8132,1127.0197344365783,1127.0100302031444,0.00970423343388377
0.9855798831638455,8.026138672190761,1.701774231077121,0.858507555400249,99.4000527758264,71.84883271010332,0.009433264549674952,4305,702.4169243054304,702.4030070780697,0.013917227360693205
0.46840060568353875,4.512146946255956,2.480648929420716,1.375837449374992,341.3835442845706,24.71220121695824,0.0048518385022162805,8770,2116.639239808295,2116.6309148434584,0.008324964836608273
0.904689283311221,6.2070753905141896,4.081879595985355,0.9063737681147507,246.9693408875326,85.42984460031411,0.007214193494032456,5892,1888.561794585709,1888.5496697810995,0.012124804609506792
0.3069591453019776,9.20207634594768,3.2436210621831734,0.826692129864031,92.51774383053363,65.28433248688425,0.006422165280741964,9612,241.5617856372293,241.55301043831557,0.008775198913717197
0.291794233622575,5.986893523562435,0.9976385478377963,1.303642615181586,383.1640574702426,87.83075338540529,0.002269270677562853,5436,1327.1429384394187,1327.1373818085056,0.0055566309130301505
0.12802067459606023,2.5704863775815965,3.3247973100301955,0.9961857101220999,409.69632526637884,97.96489469894092,0.009455864059275567,8097,306.86962033687774,306.85097244635335,0.018647890524386708
0.6865001428382965,4.408330200230433,1.340358280687971,1.3001473069490448,376.4370338539031,96.56802567041937,0.004112823626701869,7814,2511.2427097195787,2511.232198683613,0.010511035965478852
0.43167370935138505,8.588303785267708,2.795971703352819,1.188559675330974,141.0173949578058,88.48714771121661,0.0014028252020528477,9314,978.987307215764,978.9841644913907,0.0031427243731855015
0.8779224248556734,6.797917143906561,2.8809647044719733,0.8761651731610459,360.3989551982312,20.87578990650951,0.003703993361597689,5967,2350.9183800986866,2350.9144573046074,0.003922794079345952
0.5258889160224015,6.856519459004203,4.442915130012432,1.4524910513108147,54.825261302473294,90.85817665895652,0.004020703532940935,9625,687.3301800123658,687.3190338263278,0.011146186037965881
0.9713740851232496,8.801393371196403,2.5812242330559716,1.1166199223344344,187.30046285528414,26.00498510621164,0.001834707946408545,7331,2582.1334754600666,2582.130894031918,0.0025814281486750417
0.266972964132809,9.045757517162542,1.757490900061524,1.3141130944590815,229.46968913339467,88.09551761414139,0.006579796657419486,5165,1142.9273859593952,1142.9111220981129,0.016263861282326535
0.8817608511600498,9.278133146014927,1.539348566972142,1.1507144004109375,425.8611269984757,42.41392548892989,0.004120877849873909,4482,5378.740883576874,5378.734130374772,0.006753202101686041
0.7989371675125676,1.853642739278405,4.434133445079513,1.2230530324728432,225.67746788123193,68.80546708266941,0.006662211456978738,9037,1695.8678239908743,1695.8540693197851,0.013754671089034666
0.7938296601796468,5.897134017667908,1.2695488448820278,1.0119415146496846,55.07125078522923,23.045458491990374,0.0010606650723016045,3884,320.8359773571564,320.83465667208196,0.001320685074450777
0.8603049053051989,7.664585690964867,2.416408523974147,0.9402522128024152,208.55588532260424,81.69453568945825,0.009838435590916773,3638,1599.0848465548386,1599.0680387004338,0.016807854404862186
0.784921591848699,7.812341606143124,1.3422790171712615,1.1797991423856475,274.51584426167926,28.93648977863772,0.002534647226902135,4877,2745.685594984082,2745.6817393000097,0.003855684072124982
0.6635982894682738,6.460445817730035,3.979868180514689,1.1081532810797015,477.05215400274807,52.85505373406175,0.006933978880344428,2615,4058.687459956723,4058.675714709752,0.011745246971481573
0.21812038991414884,2.5010860166530673,2.6346768798857854,1.0730792494037533,473.46543670529513,85.39568018602411,0.00744205872951564,7004,610.7502215621009,610.7354160136309,0.014805548469997211
0.12927356154212674,8.17678498547498,2.0801466075056543,1.2707970365662362,131.39331719963522,75.62791972066681,0.002544475147727285,4808,281.3595125056656,281.353833556724,0.005678948941595766
0.9287630630341182,7.481002001634511,2.1249483828191007,1.283354642407795,133.3159437827532,20.483415748645353,0.0020054105389217675,1226,1958.941312187719,1958.9382113627653,0.003100824953625728
0.6549852830686642,1.7752219439413266,4.334963930253408,0.8321440392638841,123.52165540904772,52.24258676340391,0.0023731947266032783,1535,342.3181250311623,342.3151184838967,0.0030065472656124388
0.8168835618785587,5.174288422069386,2.9919827943249713,1.0371211459705705,405.01486958634644,23.35420135716064,0.0032213643026045014,2122,2906.1265274259254,2906.122406229857,0.004121196068303638
0.533370116361295,2.565796595696232,3.730405330090686,1.0882351851584642,52.70991816578287,73.87998886547753,0.0025140890619361794,5365,209.63078082862873,209.62602361093164,0.004757217697085887
0.20557737006615504,4.037293411416747,4.53667332312808,0.8678245128149177,107.2297391863448,97.51587934026571,0.007065994842604735,8089,142.35513186664036,142.34302010693693,0.012111759703434108
0.2126672129822954,1.1627298298511688,4.557837542182889,0.9651306066888019,292.08183423984457,72.42090098406074,0.004787498833534605,6213,330.9991066153591,330.99113980132523,0.007966814033887326
0.7170087585060743,4.6029688156968245,1.9782907445203841,0.8361492580559297,161.40293009904448,37.94979448940446,0.005840124350638268,4534,532.49803112296,532.4912947370163,0.006736385943635048
0.4872753054095164,5.948892290405894,4.7860306841587335,1.4973694690319144,91.56040620766794,48.41864256532321,0.0014260310992824244,1658,1073.8417252340255,1073.8385560575337,0.003169176491899366
0.28047225403030307,6.576243335443781,0.6119414690657246,1.315590042078891,211.94510555022543,98.13204445267742,0.00875124066790651,8218,739.5832742874333,739.5604632558404,0.02281103159285704
0.5424350920672932,6.971413106158391,2.1957600245727456,0.8612151095519276,173.39342227711015,37.924192962588,0.00253514397885573,5991,639.5008942145035,639.4978829096685,0.0030113048349754788
0.15778804336762067,8.52662181792214,4.531094858789787,0.8141745658530645,279.996937931428,64.92232584435541,0.004241370983095794,9208,382.41607886009234,382.410383735324,0.005695124768328476
0.6237742617229589,2.9391661654815704,1.7358659591764232,1.3035014601065962,490.6551172235881,52.03630469453958,0.001647114758449903,2903,2431.1514260711565,2431.14816182662,0.0032642445365352627
0.3420940639915879,2.0843364019462114,1.7288665264459326,1.107434515977867,105.93708656671329,81.46522383425773,0.0022311382118349672,2612,169.48492720595786,169.48044349159085,0.004483714367023454
0.8178031905734694,8.663834547081331,1.8618002828684992,1.3507576963452033,217.72701717534244,89.39114175839097,0.006992194689780954,6397,3419.5313958980987,3419.5135083577993,0.017887540299495096
0.3793257630312164,2.409515334033849,3.25541023181115,1.4464332264728685,469.3932580426136,47.26698194802374,0.007233283020301201,9627,2110.2958526733833,2110.2804449229825,0.015407750400571308
0.5096981341736211,9.772840732025758,2.472497490264592,1.2195102723114608,444.59286957222014,72.8317090959506,0.007092689361628169,4455,4126.851303900932,4126.8363546364,0.01494926453252113
0.11045848591729057,8.582844064587732,3.7703067635900416,0.9309758960420772,227.42196565292627,63.923815801418186,0.005969231090614199,3004,268.9681288440797,268.959019252964,0.009109591115654942
0.165202199015103,5.507889453006392,4.527097891540996,1.3475358252325167,364.5289690338814,42.27555920443467,0.00957269497610716,3733,1097.3687887440653,1097.350435837987,0.018352906078314708
0.45324420076601635,9.832792824298227,3.533897187242873,1.4690682202220622,89.5356561116055,41.755264225040136,0.005564594446917188,6251,1170.6858783991024,1170.6742902339047,0.011588165197832437
0.5319449512454112,1.876390561972038,1.4201002408890897,1.2061619009419693,370.6434749946268,63.090531802584316,0.005044708263668019,9454,945.5634774651612,945.5535538386393,0.00992362652187127
0.6400184933073734,3.727591850575915,4.6970685606222595,1.2773982130965136,487.78597826813365,32.32022988258399,0.0032279100914542917,3441,4291.680667949594,4291.675211954381,0.005455995213249935
0.3624963208383729,6.744019735365503,1.6902179300636533,1.0362322865256712,291.86966877538623,84.86479171859771,0.0018896457633995137,8950,958.1958446601949,958.1922248006167,0.0036198595782266927
0.7254836975138883,4.150061816258608,1.1745243289767116,1.0670693862622178,274.32060216548643,25.520387136032163,0.005933394369695609,7041,1206.59111281496,1206.5831656881023,0.007947126857705772
0.8741101574702842,9.355352967827127,0.904852754874324,1.3142581484971447,134.29337886585964,27.565958896665308,0.003834011680235453,7351,2080.3649835710903,2080.3585556741073,0.006427896982905589
0.8018658900040149,1.590634793600358,3.035226832997745,1.4494397688847733,335.2046895082813,47.378104714181404,0.005716228448714637,1807,2612.202491390109,2612.190280629493,0.012210760616083852
0.13565694281352145,5.944706488548681,1.0119310811629332,1.2402918710570465,315.6967763505117,29.447340655770667,0.0028550717043443175,3512,458.31459644641023,458.31001255785907,0.004583888551164634
0.5324562525320461,6.31779640655603,1.1244914785068385,1.3528935359397432,343.36987676408773,58.056001700439396,0.008543554049871203,1357,2490.479771808568,2490.4615028755047,0.018268933063088157
0.19443716057635738,6.874553113995017,1.850137162679735,0.9201445121907611,61.737479008124815,51.974071235349626,0.009997274886931622,8311,88.6867470731279,88.6727670731102,0.013980000017703538
0.31784051427627474,3.30099600998633,1.7674385435800872,0.9483713631805816,296.9255697570831,77.74478367085736,0.0039016315910858457,3401,430.22356900802407,430.21699210323385,0.006576904790224609
0.9879963339404318,4.28109784767878,3.2190777964946404,1.1724242807833731,317.72067957381785,96.24033241677763,0.008580948465342969,2274,3236.268212670159,3236.248469887314,0.019742782844950995
0.22824598861136192,8.593124766984799,4.175353757627066,0.9235879345699884,143.38856093576098,80.28468677913008,0.008856875227531667,1988,356.4768068081824,356.4620593349337,0.014747473248691738
0.5489993381062205,2.7544849207314384,3.9260734529130157,1.2444965491546465,143.74978586984122,34.35589303044835,0.009964664098813717,1017,816.5598941328267,816.5432326718541,0.01666146097259206
0.6563401608863072,8.441810624560258,1.6811800462241453,1.0041572297762893,174.29817582992743,94.84170283715224,0.004084481168001815,2738,1167.7155638865165,1167.7075725294887,0.00799135702786668
0.7322184734896936,6.063898806124682,1.6038972409369097,1.3540728330668244,370.2747162772569,51.37067460424538,0.007804372543426952,3763,3811.721524477872,3811.705528095985,0.015996381887468724
0.6036838151382227,7.859687600746739,4.846061885481355,1.3656772426300403,322.81972858956726,57.93514887415303,0.003059281032777869,7628,4618.135318999252,4618.12872048376,0.006598515492866171
0.1087937626772653,7.422466296371244,0.5370630871638206,1.1246512190287472,430.5931907530121,53.72609898965084,0.00662316401162929,6121,471.6336747628993,471.62222409090094,0.011450671998356818
0.3938151774195927,2.867603458463911,4.458742398770971,0.9265674445263448,183.04635732939417,42.443761863017514,0.007343583125255539,1913,453.42380224743806,453.4141099108674,0.009692336570657238
0.5659404790462403,6.119314627904856,1.3987783360508224,1.2527424727573528,460.4306269497432,91.60354302379871,0.007670086232815869,9757,3074.4600811115474,3074.4416706115185,0.01841050002896164
0.17907984923035003,8.809508375245832,4.762779453903955,1.4949509127845104,384.66777289251127,46.57910927172929,0.002864549517260155,8333,2089.4922004435116,2089.485923397026,0.006277046485805795
0.4155642380882627,4.8890461312173645,2.0403827817238387,1.2358136285597663,227.75525150616363,66.28771757436371,0.008638530134465755,3912,1001.6538572432324,1001.6361050095871,0.017752233645240513
0.12988279791222992,9.69931693200985,2.4815829825196354,0.8250422834998056,92.86792953145516,39.202686749946416,0.004788746743532878,2471,100.01682615467911,100.01132636990845,0.005499784770656161
0.17072064743951867,5.069935900915462,3.6820427627497145,0.8121057830369578,165.64264811936712,83.79002998161442,0.002947325659610996,4163,163.2305240683831,163.2261249801086,0.004399088274475887
0.4572309485814365,2.285070730010962,3.1445107316296714,1.0242533793446145,480.5456977466826,81.93589276233493,0.005882779795347115,6371,1251.5703919005944,1251.559429431453,0.010962469141196496
0.21944417863875432,4.504912120699059,1.9307269836807026,0.9370486648022834,189.6635191478357,43.70497107576352,0.00877021416646248,9803,235.20451276809325,235.19270292475323,0.011809843340009644
0.6107867634354024,9.565321657514835,2.992239121405206,1.3691358450003157,198.455432067079,74.52432585147629,0.009703791188003024,9627,2853.346454605781,2853.323267638328,0.023186967453079656
0.7205184722235392,3.877487644058688,3.788180979632988,1.3913639669252003,135.31501899397267,76.30988264759597,0.00773387039555087,9839,1446.866170166674,1446.8471981150292,0.018972051644883386
0.8205280291981746,8.812883438803565,0.6905072565612145,0.9810331399173333,413.0827705124444,65.0009132883813,0.001050605976442262,5017,3100.106981984891,3100.1052813546657,0.0017006302248844742
0.2801352198203291,8.931256135137009,0.5503968736506686,1.0279513438649248,174.0399036090248,68.04787058173362,0.0022123068441936055,3609,488.4826247453094,488.4788030950904,0.0038216502189944725
0.2507343240331628,4.151678718987649,2.561301225828011,0.9653728774005803,198.61621176598504,65.95637106326366,0.0016864658779497917,1082,311.55719599474526,311.5544941114816,0.002701883263669136
0.19411105630096023,1.749318922455689,1.0932647801158137,1.4358677831598847,236.45664879423197,26.549152319587648,0.0019109236869449629,2789,268.99832357047313,268.99485127211113,0.0034722983620119074
0.6727872245892731,7.521021182429364,3.489549311591215,1.1518545342355975,245.17772589857438,73.6212275771028,0.004447314604177977,6708,2409.7136948934685,2409.704800869174,0.008894024294595992
0.7358281538382111,3.8036106911258742,1.4632360530234538,1.2592959308574139,235.10335568675976,57.582000787095296,0.00404643983345765,8973,1444.9204025106378,1444.912372659436,0.00802985120193926
0.12842753034307783,8.046312528318152,2.4478299805805195,1.0908374606897224,276.6846629186279,55.076582443313086,0.002023164831414791,5116,443.72470777906346,443.7212853257516,0.003422453311876747
0.9425910216193208,4.983893634343898,1.3895192159342102,1.2417099354531718,416.5307958273815,88.79993750254405,0.008940118164528242,6526,3858.203564120688,3858.182605376285,0.020958744402686382
0.14677415528632518,5.367400681083594,2.9681761358710603,1.0700987637052153,418.6782683339099,21.858137076889417,0.006538848186991243,3741,586.5698074825866,586.5612808087377,0.008526673848955474
0.5871667017709634,8.00118466073683,1.0222405672305601,1.0377749064104578,409.2409101935061,40.10519343670041,0.008168169780608041,1797,2335.180329452887,2335.1684531256506,0.011876327236263055
0.7381544675058248,4.441269979554651,0.6039808375436612,1.2441360512214361,95.50617760241938,29.712279987419706,0.004343944499698878,3526,550.5575939052453,550.5505836596088,0.007010245636442001
0.8838722113714771,4.988146107906231,0.7300923714801373,1.2137434546342925,409.85546147366637,22.82728356877806,0.004692124146588111,5751,3051.66788711251,3051.6608920557564,0.006995056753481797
0.742678238919185,4.3857142189266,4.794162986818895,1.0054695679175647,104.11329806895955,42.0541598140758,0.0038585908948305524,8731,717.6041993563788,717.5986880872207,0.0055112691580987624
0.8215552747628126,4.30606463749552,1.1402879837492113,0.9045439152236314,106.1256965235161,99.07810182357422,0.0049458395088864205,1762,388.5369854743633,388.52807925952277,0.008906214840494215
0.4055051732885255,5.7335191921131345,3.6881521391157586,1.0580036856866963,476.53824723573234,41.6183338566059,0.006493395361195483,9809,2037.9735674527499,2037.963838221913,0.009729230836858479
0.8333426023718611,8.279195000510356,0.8056679190027181,1.0906383473993364,418.7290301174936,73.09646558366171,0.005436856070562174,5806,3770.836860942483,3770.826596938782,0.010264003700756953
0.17210336174620763,4.255914807303093,0.9867215850583198,1.2400790333972234,298.5847100906039,29.463911203257716,0.008541253055696052,4863,414.30460456916893,414.29089197329336,0.013712595875555745
0.9053349904544749,5.718292484839631,2.789943131342006,1.4401701345458047,443.73659201503796,68.1478104037784,0.009101252517488419,4686,7089.294350212303,7089.272310486807,0.02203972549525481
0.5928331385383626,7.036545928983408,2.5919191856945467,0.8253293582730477,495.2140891483383,98.75851865106506,0.005227154680308393,1767,1925.4801569518609,1925.4715822624726,0.008574689388250742
0.8355679929662444,3.4249550167328953,4.782111392479413,0.9705627087792915,324.7889299842999,43.347001876837226,0.003157731823137845,6601,2098.0656457164673,2098.0612524508792,0.004393265588014266
0.5070864560664702,3.497705244121533,4.751759538593318,0.9356011595956922,325.8042966416831,87.84604931004662,0.009506731775133781,4185,1193.032229630144,1193.0155216458695,0.016707984274433704
0.6792199256768725,9.400718143211094,4.008238891441093,1.1516060860856485,389.4921631219676,99.80571042932284,0.007615347787458305,8429,4704.502041283053,4704.484518560297,0.017522722755520522
0.5737623948425019,7.511811159979797,3.2094582355730736,1.1007905649302119,154.46252856439975,67.08432709765952,0.00676114377448492,2077,1151.3716109559662,1151.3591755323655,0.012435423600731894
0.7584305695797987,6.19468008600978,2.5473214282685497,1.310326336674132,125.2061876834597,44.75208803424283,0.0077087236026157835,2890,1425.3315370039,1425.3169156771876,0.014621326712304717
0.17346698382753062,6.8294804897855075,2.102803404477895,0.9696911387814047,391.81133750678265,73.8825007919325,0.0016838360415723061,2626,570.8544061922801,570.8515670372619,0.0028391550181782444
0.15431687559150742,1.2636949879307653,4.761893961389999,1.216148856024831,205.20715774734603,87.5878565014895,0.0016086369487390527,7646,282.21789445560967,282.2142245956142,0.003669859995440676
0.32239291060913183,6.562926690055272,3.213089651411085,1.4187000845199715,110.7816603376703,33.70801943695827,0.0023780858732288866,2571,702.747402208751,702.7428911801206,0.004511028630447654
0.2435902121018695,5.585579859017817,3.105826374586975,1.4374744179428134,191.6949766629874,56.20126110731626,0.002327058706964792,4675,838.6168225873373,838.6115975186954,0.005225068641950296
0.8846052099329815,5.911747118014921,1.5435550479601168,1.4711492233075218,211.38659054355892,45.535016809907276,0.004786034273644641,6432,3017.2208888125506,3017.2106417347977,0.01024707775268761
0.2972925886222399,4.234814441477353,0.7101401804830088,1.341282806455992,484.35244677756083,42.66871975699039,0.002416636740568278,5773,1281.0030801193266,1280.9984556649895,0.004624454337058081
0.9782787302372182,1.733265079416477,4.75334860891795,1.4341915343812406,364.08186998956546,88.8657008592138,0.00869073079839937,6044,4752.215857323616,4752.1923167767945,0.023540546821424296
0.4032062125939962,2.74005310250847,1.9118086648009427,0.964171610389692,288.88534282988024,53.73232054574708,0.006202872378352233,5808,503.72804406132275,503.7188498947366,0.009194166586139486
0.2639061241198294,9.556702418914046,2.491650604960064,0.938306661045334,485.99291240717224,47.12610734431302,0.004314357067152263,4752,1360.5001320488202,1360.4941761044931,0.005955944326997617
0.8107286564282312,4.678296060438406,1.0158797461356808,0.8045416586463685,456.4128832133813,68.2808433140811,0.001626602844027404,2328,1363.8357330045162,1363.8335307640245,0.0022022404916522864
0.6928369979507886,5.200148402477778,4.266159484591814,1.2947910502003688,280.40038547637187,37.5521263709905,0.006319250163632127,5123,3083.125946740549,3083.1146920762485,0.011254664300551796
0.5483761448078251,1.474388108680951,0.6243432478516878,1.456227031469621,457.5558359196413,38.39147924544632,0.002048795385329137,2311,1116.7071245607287,1116.7029956354152,0.004128925313671733
0.5998271958438681,1.3380960658958254,4.252958429445934,0.9308547415291736,231.93709612819546,61.62309846972037,0.007688982253623457,5450,674.0022986895622,673.9907307981788,0.011567891383407415
0.7472816004450374,7.454633023420819,1.1312825575458505,1.2458605027988152,153.68929941048108,52.74181829169473,0.008224822870694395,3725,1530.5862607983233,1530.570609371762,0.015651426561318595
0.3056092671981689,5.842851977090001,4.4895385068401845,1.3225218314552443,154.7051795699383,43.59859071378595,0.005895786321638571,8571,854.44394273263,854.4327459109223,0.011196821707649476
0.9967005244510677,5.5783538579464,3.7839768680127084,1.4493299646036395,348.04198599895705,24.316090581928176,0.0023464257322677175,3183,6822.053409763746,6822.049182090357,0.004227673388181616
0.9773138459321048,3.1881207738040183,1.2410161812828728,1.252802156812055,275.4816443182747,61.66193909108173,0.008081764513664191,1153,1871.6067833868824,1871.5904153547872,0.01636803209523263
0.6852931177122432,7.7027565846693005,3.0461809678676066,1.4792056129241267,346.527881152451,85.328736448086,0.003770450103334006,6582,5585.190480390973,5585.180144105182,0.01033628579122995
0.2795882058362306,2.514129211976427,1.9069534145984877,1.0412711987087835,358.73418391797645,88.11017642288463,0.0030038782847811385,1815,480.78761139083434,480.7817275830273,0.005883807807037591
0.7122054181881622,2.70941269294918,1.3020489451021255,1.0449499736399854,60.04529280397293,38.83519837808642,0.005235009769165828,2119,187.3248917615571,187.31729702732343,0.007594734233654146
0.16497856808125827,5.146409542134479,4.366319897349988,1.180108757010042,74.31781655655605,67.97129631579907,0.009303816172446262,3155,162.44972831915965,162.4312858855879,0.018442433571747206
0.12758725198522547,3.576518759007468,2.3158524492825325,1.068451316781135,289.7049769660625,88.47050475703523,0.0036763596286707133,6165,248.64271925746746,248.6353161147694,0.007403142698041268
0.33191459966009235,3.2271668310983173,2.2934467146442215,0.8009980098012729,135.9659649920346,52.69807426210118,0.009150206508753584,2209,159.85903677061856,159.84784507493296,0.011191695685594581
0.5163606610653847,6.807138800979985,1.26449003662979,1.3122404175608913,334.64019596199785,94.57094538460228,0.001482879778658451,9645,2401.7065478222216,2401.702761676352,0.003786145869517654
0.8814452548675425,6.858745706966901,2.223795542386004,1.3262019290349383,298.48358262679164,92.23828233036423,0.0017517133451615213,7428,4202.840841713715,4202.836375776932,0.004465936783399947
0.7544521627896772,8.420653628199362,4.422275808479826,1.3228822232807393,313.5921612669011,36.650711793504755,0.007287049226217223,2106,5317.4625439440015,5317.449370941265,0.013173002736354964
0.768435869079983,4.759377102756783,2.1340791972033615,1.0415144666273266,186.1049209239548,40.7171866320163,0.0027153339530335803,5416,1069.386609552004,1069.3826299861073,0.003979565896684628
0.48294400100326784,1.6577658192353522,4.782216031249046,1.1656026313178203,337.9295778250535,34.43535989167751,0.003849586148769629,6264,1427.9417706202928,1427.9357383877348,0.006032232557961177
0.41134149329226666,3.462997464293119,4.758390046437744,1.0519814627236685,423.27168641826034,35.684348116376185,0.0022273568288252114,2037,1584.1047766714833,1584.101597399834,0.0031792716493892047
0.43393488668614244,9.820049168771352,1.152043966883057,0.8112254800214521,499.13206411650674,92.62896697387984,0.003990234422192936,4333,1563.919590873651,1563.9133555128346,0.006235360816430261
0.9888846073624521,6.366327177094319,1.297900640851902,1.1937142588899932,427.2999737774964,94.49103273540983,0.0035241399450321705,1413,4614.752584368331,4614.744402488247,0.008181880083437667
0.13609827227123425,7.387633763209182,4.3820333164935015,0.8866324662588078,300.87444185597633,24.151779294810474,0.007627038750900854,8904,378.87763678046036,378.8692411651467,0.008395615313620288
0.8803283465102038,1.0662204666287307,2.2674241351612365,0.8560289268640084,137.04331625598044,67.48826845377639,0.007318210493701395,2939,294.72310675605615,294.71261428619914,0.010492469857012503
0.6208078677151541,5.663851589642688,0.519682920273542,1.328849348087751,356.6506442539194,65.13852502860573,0.00959434458785529,1655,2417.643668564381,2417.622614329609,0.02105423477238593
0.4947538772706314,1.3377579177862282,1.7324231886741694,0.806654341692674,471.94420350109016,51.24381173795679,0.007519795166557369,8457,466.47390113157604,466.46472687037596,0.00917426120009523
0.7527318943736229,6.123071908823031,3.1893304693800197,1.4713059105261084,145.3399428795361,70.53580742584856,0.007253359777192465,3479,2205.44676599973,2205.4285665699485,0.018199429781519137
0.5380020472822326,9.286937646724677,4.096696846819856,1.1606787548788038,165.19802923695968,95.78942604086801,0.0072478350015638664,6639,1602.4754764812005,1602.459005875655,0.016470605545351614
0.8860809142734946,9.715772174503671,1.100248776919668,1.4881115014943038,117.05384453524302,33.62039061777169,0.008946707100833586,6921,2484.280560199049,2484.2627703841267,0.017789814922184507
0.9106316776101326,5.8649740785003175,0.9974361398753091,0.8405983007308959,381.5247396318808,29.63287277731645,0.003666130595879951,7520,1684.6907035326965,1684.6867085805206,0.003994952175866774
0.4795488341861099,5.123843247269944,4.649416941075493,1.2084706842061392,232.95267654064668,22.671245666318054,0.0037008289827442386,4606,1594.4604033188566,1594.4549170395796,0.005486279276951347
0.3491450175115464,9.505153848236446,3.880167655201622,1.0445289251831378,78.21303749887284,49.10666462721147,0.007670924287344432,6203,398.81158055909435,398.79963338416013,0.011947174934231143
0.633115295734026,7.062488487970256,3.154008203501353,1.39043774497,443.72749617062607,47.010278166229284,0.003058346234351147,5058,5548.872329084641,5548.866077560708,0.006251523933756449
0.9211270110550219,1.584093515845685,3.961340554981676,1.0528559146640004,300.952357116155,54.46557505269151,0.00920818003733173,6004,1704.0977859383806,1704.0828106757103,0.014975262670417452
0.2895959701050999,5.191530199007478,2.429844625879873,0.9823413053401444,198.99243140016011,60.264802470475914,0.005813035525781975,7468,423.8347706092122,423.8256188721217,0.009151737090522269
0.6606699252071345,3.162205166178735,3.9130508628910694,1.4002871889699393,204.79233922749364,80.62591952243638,0.003701124352835486,9015,1877.0541489021255,1877.0447877163597,0.009361185765768875
0.6684041980832686,5.228238893038134,2.173113460735411,1.0622571641572827,180.61304908590805,51.36907123660147,0.007984899367209843,1315,1008.2407384085922,1008.2278992589063,0.012839149685818308
0.7598017201737529,5.0991901480572555,1.5984255762167106,0.811783323902393,254.96607757668883,46.44904874889868,0.003810885668877665,7063,855.0380739005365,855.0335433330885,0.004530567447955465
0.21841091661453382,6.239303225332678,3.780560395818359,1.0732023705875338,201.66875981966524,86.15030562077015,0.009669504853646847,9412,508.34028732943796,508.32096988763107,0.0193174418068849
0.7442424682138797,4.210934413143261,2.3885253147077075,1.2581655883076595,296.5758368317742,87.98373365229251,0.009846902887524864,7041,2305.890009211655,2305.866719842293,0.02328936936183596
0.918129268599077,2.4784340451033526,4.916196969467877,0.9780516771644673,398.0827635220824,38.621277143468255,0.007001166177695766,3261,2585.3474237229816,2585.33793162781,0.009492095171465733
0.2617147979832178,5.5334749113096064,2.0726833203864543,1.10239131469761,353.50757754996806,45.17374581690467,0.0020227050077520634,8639,855.1958259485754,855.192588846342,0.0032371022333015018
0.3137889924314899,8.47182595911186,4.647773392389797,0.8397005967975579,182.5056017393527,86.00930967280706,0.003368879649399633,1844,529.7704299218981,529.7651679970724,0.0052619248256831124
0.9742555846374756,6.976110052608421,4.698331468551857,1.2116649540597701,287.9334551929007,26.352659543821186,0.005638752659944499,2514,4808.028350718742,4808.01971795254,0.008632766202052094
0.2628792574385408,4.0453107933269425,1.5883382617913577,1.3294064467022757,428.0567719605129,46.067742431259035,0.008663027050881835,2108,1120.3908735739892,1120.3740514136537,0.01682216033547022
0.8689465840326213,9.419707204829715,4.09199531714606,1.0893187929807773,80.69280563422646,55.868008563268894,0.002663978472478258,6123,1124.2158678959656,1124.2113447282238,0.004523167741804862
0.5430500708032313,9.209868141242639,2.448835273150543,1.0941628429610222,85.23377014410714,34.96572921604568,0.0019396311311253912,2730,646.0523019712324,646.0494376309296,0.002864340302823395
0.3225079669628593,2.8841355944568887,4.628861272536566,0.8617977490094415,300.27653062238903,34.39313572885585,0.0016702973487013203,4185,540.3651228167232,540.3631882833139,0.001934533409331921
0.8836749111452603,1.3547582660832669,2.5255592268585745,0.9413586051583879,337.60180777541143,53.9889646410823,0.005562708061240423,2238,1025.8365240663375,1025.828460429428,0.008063636909294233
0.500774729502399,7.67177837515686,3.8493667280181474,0.9082727121895389,145.13585709915685,80.36173797878845,0.008962308726352354,6455,690.8035121180636,690.7888302749768,0.014681843086795786
0.5633356185367212,8.44849235214238,2.6013533412370906,1.1371814380630767,385.3490570111831,87.2186383638102,0.0013812331837950312,3924,3101.970487797082,3101.967547130081,0.0029406670011557137
0.42331003245978915,9.710781093562197,1.5251034007078528,1.1704788786655251,340.8185196683273,98.33880740289386,0.0029108938059418115,7796,2220.84115622861,2220.834398548327,0.0067576802830196835
0.6336557662914347,9.008527546794797,1.3970755802510884,1.464258091898982,465.4801707063289,25.918724007337524,0.007239313142555516,7039,6580.486164793404,6580.472817128051,0.01334766535311495
0.2471714853265205,6.404812913857733,2.414440374153555,0.8512620529940638,126.02939083634152,37.334576091679416,0.00843277091629344,4566,199.09028777832066,199.0804292186838,0.009858559636863643
0.4519733829865846,5.770471052911427,3.8997259565639673,1.219907581208533,388.1184194111048,80.53038739073583,0.008266595763692527,2456,2524.4654324547773,2524.4472268988347,0.01820555594266648
0.9724710901017588,1.2505694613632765,3.222821683313451,1.168548969129769,87.63939076247016,63.24789648445295,0.00806561251588298,2109,520.6184937742665,520.6031075568652,0.015386217401368958
0.3323200894310148,3.2199080216030005,3.598831804552445,1.1613631685550805,304.3815842830539,46.21438191699346,0.00216819820732006,2930,930.2869000095612,930.2832182355955,0.003681773965734696
0.691062998087163,5.136532765596338,1.770468578293741,1.4112115011679784,298.35281277461564,36.44717289977948,0.004575138239646267,8703,2836.1087552362255,2836.0999455412857,0.008809694939668636
0.3926710578022254,6.6565351007521105,2.6664590568092246,0.9438769294868405,224.77327009103328,42.43820413139584,0.00986270196548572,1622,733.1073365093677,733.0940766850465,0.01325982432117486
0.7961258131179406,6.015266499865696,0.6997786923619715,0.8285412920389601,430.05701645085526,54.34311602407615,0.009899988144292795,3337,1578.2960915645108,1578.2834314948398,0.012660069670986554
0.21778629464651486,7.683723907135215,4.178895871811543,1.2705900553439349,51.9667901537055,34.17209756048262,0.0064218465275876924,2258,216.75538143323797,216.74443361486968,0.010947818368300291
0.9728389405706903,3.5179023779833676,4.954514730079436,1.0416102248951862,284.0807308543343,97.13807647014005,0.007383404842490209,7300,2540.4058961241435,2540.3907349641354,0.01516116000800833
0.5084105872452753,6.084573468872259,2.330955781811019,0.8123129413487673,147.71909742583435,28.607075567989952,0.009561554166567784,5501,417.05161908279433,417.04163020442985,0.009988878364478064
0.31244541701181755,1.7932801905171292,0.5493364390919451,0.9759618051032897,384.5743786023948,98.84619475913753,0.005049350751170894,8840,268.12495903843467,268.11515995070346,0.009799087731216788
0.1661470725970114,4.722989712248863,1.2640668779792632,1.0165287419517683,69.38034183774373,87.3514628800538,0.0022318017209541395,8289,71.31940328797835,71.31515286295911,0.004250425019242369
0.2527821145787867,7.751447496591409,3.436370949876885,1.2317868637489695,424.19960968170994,53.85212940109913,0.007020539879644704,3023,1820.2721654535128,1820.2588606155273,0.013304837985600445
0.5677965537004159,7.240607680861396,3.2543569319173664,0.9208100558344905,427.14150201812816,79.18530675105681,0.009640920744104713,1876,2158.185692580706,2158.1697854825634,0.01590709814264268
0.4033028587881577,9.915784634549611,4.045391238134948,1.0891380435673785,424.7897055815763,73.72121949571088,0.00727485484479665,8190,2837.234586301664,2837.220821811498,0.01376449016612112
0.8459950292943486,3.501020133889804,1.6424780493248068,1.1377328110924827,118.65583702970143,37.06295343591448,0.00822989014321364,3526,668.3507113792709,668.3378776046935,0.012833774577361403
0.4877987712956254,5.483703692565812,3.9363436199621034,1.1214661739548637,333.68293335247023,47.12560688951571,0.004804739235735537,9536,1928.4213175032332,1928.4133898568757,0.007927646357506186
0.3238428453288669,3.9657737239659703,3.595928096856514,1.4817585366667472,56.46531163252532,61.04980502443663,0.0018681683873036598,4672,303.5965536269276,303.59209548736374,0.004458139563831387
0.655430487943627,4.965428026532573,1.9526652397122948,0.8318529664532073,431.5831660801399,71.02753439101815,0.0025199387789656,2913,1354.16578834671,1354.162203235811,0.003585110899054499
0.7360994951969012,8.712551168824493,2.954696666256329,1.4656777305166795,375.33883707887924,63.43159850852972,0.009843893464919295,3445,6924.794734373373,6924.77115450249,0.023579870882751083
0.2503377171108549,7.1578816766963795,1.1627321382424702,1.2073560497958233,289.0191789046637,57.838996880517904,0.005438658852948588,9976,877.5748535374659,877.5644892012541,0.010364336211750782
0.2508572946594859,8.941970722128236,2.536540265460122,1.3570094004788869,378.7661448934777,55.45218187639201,0.001108185311595249,2487,2008.397444952648,2008.3951072349337,0.0023377177141577364
0.13300428424018867,2.831599974986978,4.465388028000384,1.101274832611253,92.4458434932975,59.861159943601436,0.009598305526580565,5891,108.83172615120317,108.81482823141464,0.01689791978853897
0.7627618135590765,8.860250060572941,2.3953612092142587,1.1176865168798864,287.8951244795853,54.74812158767762,0.0054800192077394776,6234,3087.690029221097,3087.680550985958,0.009478235139489687
0.6974240748596245,1.53786046760546,4.278050179139399,1.4155285493110765,181.07442131740044,63.306406203657275,0.008526415584626539,1449,1471.6849507789934,1471.665240700616,0.01971007837724049
0.5271677881748326,8.997393523934372,3.1561401436686247,1.4271541474043314,487.67875845033785,91.03882392373335,0.005936123278332042,2427,6363.970325318494,6363.954140962177,0.01618435631708317
0.8597534040722774,3.9616640151465514,1.3634452089606055,0.9670822170019083,435.7030777807558,70.62634504436893,0.00191532055307285,3595,1865.6088035473795,1865.6056430826034,0.003160464776127858
0.8251031376550478,3.8312887007265983,3.114978101140534,0.9394693150092328,379.9740631252896,77.80966999908321,0.006540126239187521,3276,1922.1236382389222,1922.1127131719752,0.010925066946927403
0.6268189279570769,5.608797190287976,2.7769249812067853,1.1473646217089657,470.18643586237937,67.79865069846213,0.009976602486876485,6765,3253.5549138513966,3253.5357062742096,0.019207577187001893
0.8814441524619328,9.466211689509086,2.293886008383728,1.4301939189893842,206.0794870544632,71.44141459312019,0.0013126400438134877,9435,4369.489192970821,4369.485974450041,0.003218520780243299
0.28525708903309144,1.4300322821326483,1.0383369778223166,1.0256485653843235,455.39595454468156,66.26798627585441,0.008576147777635398,3112,337.32748393190104,337.3128588108403,0.014625121060758294
0.2007276574579551,4.170078775636708,2.375188987312534,1.2564102307373919,196.35720444801964,22.149321775665854,0.003119327160856885,2026,407.23913679116157,407.23434957044975,0.00478722071183646
0.34277465036529065,8.709147898150022,0.827430693078322,1.2957061814184208,379.75852386101883,99.96787057600159,0.004544796004409671,4692,2084.1277412752543,2084.115965726714,0.011775548540493083
0.15137817048038338,4.5644902969192005,0.9444607312943807,1.345072265425909,381.38761029940207,22.688739217031735,0.0043543856059560584,4049,575.4338470830737,575.4266612486304,0.007185834443334114
0.5780525752009288,2.7924120783736033,2.371624398197222,1.1947471205446742,58.25744440434206,51.611840658692294,0.009089174748422078,7146,248.24977259743875,248.23330866534624,0.016463932092495463
0.9429451230654654,4.823147631982706,1.8742166688580868,1.0817186247952788,212.47686422518782,28.409254263914676,0.005540375699486544,8584,1570.1195937121988,1570.1118979817631,0.007695730435770358
0.13540918660165868,4.469972513425024,4.664949466380006,1.476911192159281,58.74470258382405,27.754276035274597,0.005024568581509848,8098,158.50991030198955,158.50042985956122,0.009480442428337694
0.20989892260902412,9.238745813200332,2.1906761242112176,1.2279315273119968,498.69140792461184,83.48215613395868,0.008362225979530988,6879,1803.9279886677098,1803.909148277875,0.01884038983479511
0.5069791254550917,7.857409381687874,3.910361549324451,1.3099956481432895,104.9885428231571,54.07406234864616,0.0014401642087445298,9252,1074.8975477658437,1074.894640990954,0.0029067748897644327
0.9404875157751145,5.546040001696057,2.886113868648092,1.041487991987115,294.26490304164923,84.0910966639012,0.001778106835857014,6053,2531.273915988626,2531.2705068480986,0.003409140527239991
0.38454049447907546,9.89533510049414,3.6683855088905095,1.268964426702156,405.7503074431868,41.82291765446652,0.0011951997118866038,4606,3407.8380103541454,3407.8358593742905,0.0021509798548279835
0.5565113278195533,5.18749778148331,1.6705219235692963,0.9804583635148881,140.5686210174016,40.51702334449878,0.007191846136067957,7669,515.7363907009527,515.7264824160857,0.009908284867034005
0.13741557314535288,1.5241404773824772,4.738572377772481,0.9715678422700453,268.2737006429627,40.09851054515697,0.005730545233712632,1389,217.9407096671428,217.93290952360158,0.007800143541228016
0.23350888086587998,3.360468896334864,2.8853982361149075,1.3003055412665985,323.3429424145179,69.29165011263353,0.008884199132814545,5616,797.3720497795648,797.3524929146562,0.019556864908596008
0.9879671106629623,4.924634321973813,4.240958320783624,1.1649763153840547,122.09213947799542,85.199951187648,0.005486796126753452,1252,1500.4736088043462,1500.4617708465514,0.011837957794756729
0.968606826792441,2.412123617315081,2.1427056206425106,1.2782936272956729,400.34995696019234,56.180880806019246,0.0029963761548579475,9052,2886.1676822909835,2886.161700175071,0.0059821159126660275
0.10444598284096866,9.528086136916388,0.9509510707273604,0.9886069435236642,184.7014057352144,50.33991125128659,0.008246326357939746,4166,197.58664048354396,197.57438420945837,0.012256274085590269
0.9566306068809151,7.901640080359958,3.5317024147438194,1.2191063387397114,144.96038435247814,97.88636433613195,0.003648914688093606,1695,2356.4141290835382,2356.405326276773,0.008802806765089051
0.6752079440339503,3.4145848038499538,0.5349184175184102,1.1107535547921787,301.2299358968376,29.340322880931105,0.009421208039369883,6923,991.1046177669011,991.0910827673227,0.013534999578431777
0.88112646506802,6.317240801661242,2.638818394544787,1.2178722007918696,234.64113243932204,58.930614563591405,0.0032538149906701642,5748,2746.399919943979,2746.3936219515276,0.006297992451539018
0.5092658700704732,7.4930424139861485,1.3676085619990666,1.0036158125709536,464.128675086388,52.679020254514754,0.0025094858758325815,8865,2109.5235828225286,2109.5197375102443,0.003845312284270316
0.5640364257213253,9.471510360161181,3.3231897699591295,1.3008156745543866,446.02821418916926,27.85012772695123,0.005439915923596191,2505,5446.679733531635,5446.670686437375,0.009047094260665448
0.5399619222312282,8.934718142578696,4.907389429120335,1.3641505563116259,267.50779852499744,41.456028967057534,0.00145463606173219,3743,3720.7178567656156,3720.7150497933826,0.0028069722329375404
0.700177831791494,5.636730035243923,2.5898130784429068,0.9819415317004065,211.6686986265189,22.275297006328962,0.0013277055563435589,5654,1175.5855020224294,1175.583907883644,0.0015941387852589613
0.22568612928068163,7.971873578137158,4.1787421543655,1.0104343918989496,196.48309173406935,90.15634311863656,0.005464130907299122,8889,550.1142130493386,550.103714240405,0.010498808933602237
0.12697623088541016,6.059302784448265,2.785028841280045,1.2628079888033652,170.40363038667832,68.6279623192321,0.002935961927153088,2298,305.1756171889894,305.16936521255724,0.006251976432157177
0.3771369474320718,5.974335010409861,2.731280139968108,1.286909622012481,295.0465341706148,85.20147982962006,0.0010841737455566317,5690,1604.3010175559766,1604.2984335626559,0.0025839933207473936
0.7342126864629821,2.032677625043727,4.6869057193045,1.292869779078215,412.2403721305446,61.724356192239185,0.0036645122028836955,4868,3399.580249775234,3399.5725877004397,0.007662074794223106
0.2816681069106535,2.1352389221453687,4.504846409360066,1.2778889533430857,189.840473691601,67.96078635375154,0.005296306184619327,8600,579.8222685445799,579.8109008054349,0.011367739144976203
0.7060891899924256,5.765802535202117,4.036102093345885,1.0749654018667771,135.54234035963668,76.06835822473319,0.004548598313143809,8200,1084.0203559549984,1084.0117469415325,0.00860901346602875
0.9729208414965435,3.4197539048110595,1.8331508899255284,1.076397572082575,263.96771278247905,92.6409301971372,0.0022192251954438083,1215,1563.0560196124952,1563.0514178664203,0.004601746074953809
0.18451064421047655,1.1893321221442177,2.9525378707577326,0.978372336551067,81.06548755894994,27.34015102606766,0.006217073450487798,7244,59.3087728137729,59.30102720560207,0.007745608170831291
0.7053419064026136,7.505552835101911,1.5075375498755825,0.9097835899274541,365.5755527583681,46.475871578858154,0.007392996920328734,1179,1923.662953297263,1923.6531012901842,0.009852007078813585
0.49937519737411407,1.2923793702114845,2.497625141209429,1.284804165577834,283.2612198358701,76.72209525600005,0.007079852459469659,3686,884.9843220005936,884.9682469630725,0.016075037521106686
0.8813280289397548,6.3574915699364904,2.678958795919058,0.865232150180619,273.3686635877844,96.66804504011142,0.004543857291549453,8655,1629.8646358800213,1629.8569038927155,0.007731987305780034
0.25943481050264733,5.852744147145829,4.242380180761989,1.456454600750747,185.2004207975101,98.46459427920044,0.002238365360540026,6579,1028.912691080614,1028.9062209809758,0.006470099638179214
0.723363357003548,9.71933221520024,4.532127643962469,1.378680412570016,457.10304688928153,71.048240730981,0.005495380961416505,1376,8956.901834951928,8956.888875697334,0.01295925459405026
0.8543037606832993,5.357918254128775,2.36579028078415,1.4002540179700793,90.71883133229872,35.48787822038938,0.009013885794433745,7960,1173.6960001859638,1173.6788992720615,0.017100913902328367
0.950152797526621,1.5724129274001761,0.5796700028295674,1.4346681702306332,441.4208039991641,29.53671291311654,0.005218505640471096,9045,1857.8491362202942,1857.8394380346626,0.009698185631593763
0.7149232254606812,5.965191710258155,4.3779822790520955,1.086023479506268,219.5173410871652,95.68349154243404,0.002761129447674289,2827,1914.5284767368628,1914.5226088710842,0.005867865778529701
0.5474572876075846,8.569865535544913,1.284254053256123,1.3926905063452808,446.28058218876004,54.714215157000595,0.0018374797278435735,8772,4669.66428757238,4669.660328372843,0.003959199537400356
0.6560625161810925,9.971643558532959,3.298468837506771,0.9106429102041546,377.9426562495726,35.58528266101479,0.009495339742889916,6852,2728.6248192158287,2728.613095341081,0.011723874747378838
0.8820144860308464,4.8730885632016525,0.6123690519535904,0.8151492562257651,96.87682699791723,94.71140126220808,0.007687084679892235,8577,311.45820328022114,311.44600242751756,0.012200852703597706
0.6135487719749467,3.8826886824706826,2.297779138672539,1.3494239762646951,424.19132892920913,28.361941725144952,0.0038167027543043416,3327,2929.0720343722155,2929.065423282684,0.006611089531265218
0.12734835372715317,9.15987967256799,4.936821359519074,0.8523576535978575,356.9795751647773,78.365687748566,0.00365817165584657,9944,465.58942840101815,465.58386683293185,0.0055615680862921985
0.9378538259562801,2.721179161685092,0.9531212049671139,1.4919672671281452,64.5358608119068,70.02104220346673,0.009056966380503378,8584,495.0506821772707,495.02770774835676,0.02297442891390127
0.7205740759284051,6.538860235296339,2.4066191839983904,1.2723575007210892,110.16620694935148,27.018773150471347,0.0025981141132868603,9441,1149.6100351021605,1149.6058362044964,0.004198897663970999
0.7088620471995218,4.65142981762853,1.8821747758547849,1.3274147971694739,336.03262512606284,47.09990365115537,0.005815335606908901,8272,2742.275759753056,2742.264404578204,0.011355174851641078
0.29410763715794547,1.3697412845999977,4.57289655524719,0.9720626993945062,348.17022629612825,31.994455163200854,0.007421538476613713,3820,575.0067525859607,574.9972302410191,0.009522344941656682
0.6929969232093915,4.12559626875128,4.412030485583098,1.2717057757437817,385.9931447769178,68.3598874026529,0.004567513167691207,5736,3693.3673022979224,3693.3575230585125,0.009779239410013164
0.45447796508874266,3.387056702524071,1.5696444213780296,0.8302539560784701,374.11043034874183,58.169042534194304,0.0013591210828877971,7470,580.9364451221034,580.9346603178647,0.001784804238675358
0.6861096793373429,7.1748203854913815,0.8653450417269403,1.3864780039465205,346.7839796014797,20.34200997283928,0.003049829323475694,6601,3677.4275543148847,3677.4224656273927,0.00508868749180475
0.19593372727719166,9.539114479227264,3.3221227732750287,0.9187368651221007,394.8075057858901,98.05684530271265,0.009116273236981364,5866,839.7851980217013,839.768609857183,0.016588164518259365
0.6920607741427325,3.4124246864077397,2.013659203476694,1.2881506467836394,308.7885676515678,47.966771991163235,0.00570807070155599,7520,1924.100350120627,1924.0894703384843,0.010879782142524327
0.9994723531936,8.303193452365136,3.5243797577272837,0.9571363508629098,167.35612348600472,40.656351426964,0.008338971218391729,3743,1812.4179265819516,1812.4067000495745,0.011226532377029903
0.14339083497450042,1.4982383524456857,0.6445389023051651,0.84791721859823,460.5694761788232,37.79543646352821,0.006001169885115556,5576,101.74906139922318,101.74204968494637,0.007011714276812754
0.9794567657991856,5.843089090358318,1.1002965582987023,1.137045574984576,58.19631391939007,32.70527169388543,0.009492418861410732,8183,511.70532603912375,511.6910027439651,0.014323295158642769
0.46621716465058355,1.6349505733890513,3.588675047476895,0.9185003471909526,214.9527739421706,99.93096609732079,0.009182206680011608,7400,441.6503583651096,441.63349646728517,0.01686189782441872
0.8836781053035333,9.406296920175754,1.4556679488612398,1.3106107918285848,377.9916318937235,43.608757430528385,0.005345992378093618,8755,6232.077630084777,6232.067568115211,0.010061969566913648
0.8041469356524461,7.897161525016512,4.359144540930807,0.9662960903684394,242.22021851735343,52.441079777942534,0.003864466228927145,4096,2229.0866682506535,2229.0809757674856,0.005692483167872914
0.6103146348880011,6.921549200841331,0.7636589946956094,1.0397307893650802,61.17548336600644,89.70847329424711,0.006415019086110493,9021,310.2032588812458,310.19060552933416,0.012653351911641327
0.7646042883261939,8.415067434621978,1.4696689225350859,1.197207475885131,79.69140640229594,71.35100028343025,0.007073989135025263,9190,863.2954498441102,863.2809380719042,0.01451177220599727
0.8906640051712131,6.827678160131469,4.993521118182809,0.9994777943041181,341.8868161122299,49.4955529396218,0.005485195830705685,2085,3595.879112127524,3595.8709162858386,0.00819584168555996
0.4637262894859297,9.72049957456862,2.4488424616405666,1.0645916813469731,484.18906973238484,91.86627487390824,0.00840054898985585,4729,3096.794161491727,3096.777002594191,0.01715889753609886
0.39432984540691485,7.425621530782943,3.663345485950896,1.3709352397282706,298.33863612552454,79.97793617708801,0.0026499566960639454,5328,2451.8577977285136,2451.851259275841,0.006538452672279577
0.7008340470072263,9.32192748624022,1.3219837198565616,0.925446894692718,278.0410181106961,38.232040603335975,0.004009706475616291,2487,1776.3541875100802,1776.3490580364253,0.005129473654993592
0.8270613477471328,5.654187028095742,3.24440930743492,0.8575411126373537,193.24634587532026,71.49911956799363,0.007177387216298078,9540,1045.88709804606,1045.8765424388275,0.010555607232337902
0.7860566212989542,2.0535797168367638,3.767477307662383,1.0298504495931136,165.5108032397284,93.79187986339213,0.0032201547884880156,8453,803.2187374926899,803.2123108154899,0.006426677199960945
0.8180322839727711,5.753599492807154,1.9151448613992974,1.0970637369097147,59.44324179032812,59.716870276033006,0.004958602702152705,9605,448.8170191767444,448.8083307335909,0.008688443153495488
0.4920249833316397,2.1418554525678397,4.23003700389145,1.1798614974955974,172.82969043821203,78.68899222653337,0.009673601919654636,8337,754.3063175621456,754.28592287535,0.020394686795593104
0.8360507945575195,6.332441312587646,3.215379103125275,1.060696587322505,252.0996983893636,97.68829951913274,0.006632883754179168,8102,2264.092900157206,2264.078991842041,0.013908315164940387
0.2081881498335476,5.342437544748966,2.251053543267636,1.3529381901559636,139.07740237202756,75.23313127161703,0.009541515111770132,2009,402.47080847549466,402.4481874900652,0.022620985429455332
0.5900401881647646,6.603178580495035,3.0093907700442135,0.8275236413679313,89.30659481664314,28.195095181286447,0.007501972629237183,5382,346.8769111739571,346.8689527459061,0.007958428051054693
0.10518279444830941,1.0904228294934843,3.095423813461659,1.1022372767389905,372.9775402645712,39.564764074503145,0.007522000927004557,7705,199.5198341902278,199.5082628340238,0.01157135620401451
0.39212724691024325,2.753564424898277,1.244908817122397,1.0675791402594832,452.5791210806302,67.60771498741191,0.006326714563211851,9973,808.7642892079771,808.75296853289,0.011320675087010085
0.4298153813842581,5.421973887209178,2.3122956644013475,1.2533049435648014,471.5474313591885,42.04446522975249,0.0022798773533325416,4079,2462.2994140751484,2462.2953553227953,0.004058752353141932
0.45655542244832986,9.554532054302214,2.045437646087719,1.4763933763281771,328.0994278236452,96.60333643113118,0.00567742861797659,5452,3787.580734723233,3787.5642551995693,0.016479523663698634
0.725920486020876,4.4524813631964255,2.304062251606067,1.1572627846402035,73.74856216967682,52.4281627217739,0.0032739958045312394,3186,484.43593020440113,484.4301548941347,0.0057753102664205355
0.4497022911433112,4.819348234482712,3.924997648183661,1.4908137928592045,383.38818348279807,56.578432458589205,0.009988052989161523,6630,3350.741908082051,3350.7185930411956,0.023315040855162804
0.5038242603602776,7.4322648010596,2.671422833600027,1.0115745764392383,99.54288736784888,76.12816747760938,0.003402657460910985,5518,518.5254896483729,518.5194272432623,0.006062405110555782
0.31378971778689474,6.434134815575062,4.731422689576689,0.8216076927797228,351.38665295952075,61.939978507349934,0.0030761725911530365,1304,831.066000167786,831.0619072853278,0.004092882458193456
0.43592661246640607,3.690335350884999,1.8215438601129628,0.915964217233489,400.7146260865441,50.57167735110147,0.006614948396116402,6138,807.811794255564,807.8026710332684,0.009123222295545304
0.3045426645368363,4.69734756010685,2.3706661022821804,1.0765874193421971,376.6391198719127,26.131030012366303,0.005598539318976672,4454,939.6650293989677,939.6574270819566,0.00760231701106086
0.16587633139159927,2.959298189715092,4.041305647155687,1.0214337364319865,478.3477125925088,67.7156471606291,0.0011921762192906274,7082,579.5428486082449,579.5408062861549,0.0020423220900448267
0.6431037340432402,9.694193132171877,2.957110669943376,0.8679378916883644,382.16582801032536,89.40640246352277,0.002165798610932229,6349,2342.3194524217533,2342.315892000581,0.0035604211724319474
0.7013915186995147,2.1757094340162375,2.961626658910015,1.102862075383502,361.9444000918138,74.8609953408045,0.008299386476447615,1850,1586.3066247633185,1586.290619598985,0.016005164333488132
0.657541311408653,4.3465310610977745,0.7400307335233258,1.036681040161694,167.78442748239607,50.51960080375618,0.0053532275963280454,6727,603.1083558527089,603.1000026326678,0.008353220041096896
0.5171446394205151,1.2325507499801007,2.2936984822330513,0.885833454320207,466.1459088961558,30.218085169850355,0.0023141369334071294,9686,667.0414202039402,667.0387508114377,0.002669392502479176
0.44180720216130687,2.9960154274019177,1.7183017958977962,1.0072819914283362,130.7947418573751,85.30705495233951,0.0051871830655216035,4555,276.41348765648837,276.40380544423886,0.009682212249488798
0.8770002846146427,8.024240245421394,4.99700805274002,1.4205052387487733,457.2034751629069,95.33986897849638,0.0032783417477416335,3674,10535.324863876865,10535.315767091328,0.009096785536787333
0.5671736066225963,2.810577090599915,1.8875978178453963,1.011434205842538,190.69814450565966,51.06183926370118,0.0030123231500110937,4430,519.8413004060652,519.836697904291,0.0046025017742658296
0.5312636898667579,1.7205706227606905,4.480234406572386,1.2997687962694362,108.57361724495094,78.29137513472492,0.00961952748800594,8540,604.269608998837,604.2473169399714,0.022292058865646572
0.12307785922579212,5.27007861860071,3.5430518076821484,1.228432955760429,422.0073622720268,52.861075191260454,0.004258220741719669,4149,690.777373501595,690.7693774324678,0.007996069127234334
0.40712304486354073,1.0897231126106663,2.0341238413644067,1.0990268136858603,51.122954120373116,60.18135510817595,0.0014178799420510523,4347,78.5347301723196,78.53223408536473,0.002496086954866267
0.44217605690727135,1.7628953898369986,2.9459047026835563,0.9673179457625685,424.43974295637383,86.91811044931278,0.009732940053735727,4949,826.9309578248734,826.9133597696771,0.01759805519636811
0.45894050280721044,8.268632826066776,4.282411459771372,1.0583102895421619,168.04032892068915,26.673947376892286,0.008153556172949421,1504,1084.1270685988954,1084.1161379136108,0.010930685284575298
0.6221551323045991,7.943260103736457,4.475157341139104,1.21447504942973,448.1245727400296,62.42682790293641,0.0032897197590774268,8765,5106.712957484166,5106.706468073427,0.006489410739362315
0.5802422920541906,9.236249383644065,1.2217724375276535,1.0455272503245485,361.1656320087106,37.1696219736978,0.0046800265123485224,3654,2395.72668552444,2395.7199736841817,0.006711840258474873
0.6471145835141002,8.690638923196746,2.028079135436763,0.9504275035019624,349.7824997827655,47.18447563966099,0.008760606171356157,4406,2191.6062557199202,2191.594000667939,0.01225505198135272
0.7883949353879155,7.1485800691583625,2.0085043109610723,0.8815239242241425,214.3938034241795,71.55430597138194,0.004216721673909469,4517,1202.7733035953772,1202.7669266798687,0.006376915508595791
0.8316871648444841,1.4709957157059654,0.6892015823417511,1.4158368565366957,76.73133825084695,22.178272986947867,0.006106636378059391,6412,276.3562038702377,276.34564033571246,0.01056353452527269
0.7463107686038449,8.045637561879918,3.1920699193335342,1.1082190830263339,423.5328941925098,67.50600791785301,0.005813711826981515,6257,4362.51466774036,4362.5038755520745,0.010792188285163734
0.9599713263594413,8.609597297565044,4.346690238464846,1.237645825220051,126.9067078294376,42.675379156299975,0.004611650937659197,2579,2417.784794464394,2417.776651137964,0.008143326429888818
0.11640932440872548,8.19173931194759,2.21708474521483,1.1432872527957636,217.5163888526385,73.55874886464578,0.006755517116323446,1313,344.51571898098496,344.5023141769085,0.013404804076477764
0.2762001871151915,5.576311317772235,3.8301617524287965,1.4107965628505743,320.1596084790868,31.326508153044337,0.005259616635716977,5315,1655.5742663306205,1655.5645215766185,0.009744754001966298
0.10680658748032791,3.0961165478453347,3.32465186120333,1.1828543967137477,267.01418235227976,78.86492830529428,0.0011910744250657557,3687,256.20418706470275,256.2016670946434,0.002519970059327995
0.6827272427391428,8.607969781198541,2.1904193097185036,1.1365469925643794,139.39728582709313,71.65117758103825,0.008329447968831439,8310,1327.5186557701225,1327.502405880928,0.016249889194271314
0.9082274940549883,7.544465287661247,1.1347690977153368,1.4472206932951988,113.27736059702777,97.6993466304281,0.0020184020447834737,6523,1870.2086068669455,1870.2028319243016,0.0057749426440446665
0.31913406691866936,9.826850569499664,3.691957337491853,1.3037827172317482,105.46082251263077,92.89882906065185,0.005176809378022272,5499,773.4290289700647,773.416009389758,0.013019580306731593
0.934331090316676,2.4012333798033962,4.345543260235582,0.8780849351428002,438.3535466746404,42.664229055976186,0.006219107118347475,5574,2130.572407620412,2130.564616863435,0.007790756977222352
0.15424065126060477,3.0309812474684956,3.5863452158067135,0.9243931228377699,64.20179707760013,22.185325818034958,0.007349554487739618,7865,56.00236745987111,55.99406633836007,0.008301121511037016
0.9409924241249629,2.9061833489335243,0.5804531781566813,1.3509860040576094,489.6564168199524,72.42948488894062,0.0046971688175915455,8727,2932.1593807676986,2932.148438721357,0.010942046341929409
0.416460418515671,8.13285790859203,1.4730480247594606,1.385095924825968,139.33791067343634,68.2309911203738,0.007619936383274783,5315,1069.4199178447304,1069.4021621691782,0.01775567555235932
0.19127874560429486,2.6821656680510637,0.8126599319758936,1.1816335803632076,99.64503359558516,22.194301501315685,0.0021821507624671323,3414,93.00969980249496,93.00654901923129,0.0031507832636814477
0.5372845832676931,1.5999384684097548,3.0667374480930203,1.1881186595066475,309.63724464955783,29.814202336207416,0.006881009934437013,6315,1095.9457426239187,1095.9351297205365,0.01061290338235321
0.33109891094845717,9.987047259270657,3.904149554781856,1.2423530739960111,85.99368107331348,66.77613636287884,0.008437050348271326,5779,610.4730143243069,610.4555331908579,0.017481133449010967
0.3563856117657306,1.2233549030063422,0.9976063418089675,1.1073810419978476,321.10396842361774,92.94618112347935,0.009004995755537511,4820,311.6935341050547,311.6742935859973,0.019240519057408898
0.37656096843365794,8.51719654142979,4.272520192670234,1.2761393864387327,432.7819901661259,92.52002212107256,0.0062160984635850035,6806,3394.4044442701866,3394.3891724113573,0.015271858829165931
0.8227233080493971,4.288301573955875,2.9997904027796745,0.875936880296491,71.55410966034117,32.11880436896599,0.003816056782675336,2969,329.19534001694655,329.19092378092944,0.004416236017078751
0.5852451490077291,8.574539137820338,3.604860554637762,1.4728954696571706,409.9408720378449,50.76591571241997,0.002470208605422638,2759,6339.122651680928,6339.117166275569,0.005485405359798442
0.3801769292404033,5.991584420900304,4.871308318738908,1.325108376656445,227.5148484419534,23.45622914817392,0.004110028775897005,4125,1649.8541898569179,1649.847466142335,0.006723714582840275
0.6493004049798266,9.11468106537724,0.8765644471146379,1.2418219428063049,121.77078522404449,57.541747709034325,0.005859769358389958,7566,1218.2352367621988,1218.2237727797894,0.011463982409413265
0.7445356068008743,9.33573687773164,4.555508103400052,1.0214254399066365,129.24341612035658,80.24667677385645,0.002766972015924045,8865,1394.6010840902138,1394.5959898584022,0.005094231811590396
0.3453616006601804,1.081883631526984,1.067462131943342,0.9126688412197105,463.4440446624018,83.19781690924891,0.009572634151237838,3281,286.5684300471536,286.55242470439225,0.016005342761311044
0.4721941913728164,1.6787095839350945,2.26831462986507,1.0865400746802614,99.77258837329902,59.919157327725834,0.009074218859856186,6229,219.54540869891358,219.52964146569857,0.015767233215001546
0.2096974840032528,3.2532285661376994,4.331474133490015,1.263103718401841,440.0522542020457,27.66957397665747,0.0012966147537888813,2123,1116.6443492677977,1116.6422583479657,0.0020909198319012724
0.2630344145812123,7.023838747271515,4.578144065320407,1.2435968203961776,294.91007944262657,50.50911801452531,0.0060576561840735,6831,1391.865119924024,1391.853781647774,0.011338276249942623
0.7130060685684846,8.994449768603554,2.778672530953154,1.0678488085459001,67.57528046739759,94.56815679794916,0.008103779112219519,2234,646.8499934898822,646.8331563187165,0.016837171165647646
0.26329451292606426,5.1394775616456645,3.173470872239413,1.229300475683191,259.01426557280223,38.369004521577175,0.003208527639406063,7876,856.7210643191911,856.7156067072667,0.005457611924387039
0.5726470453003542,6.462758046468389,3.6866630056935072,1.3696238068972832,417.8522815143353,45.58035599301812,0.005715066091534695,8570,4555.696154068653,4555.684758780006,0.011395288647254425
0.7381416355501894,2.69649867516005,4.247414008037214,0.818399340636325,376.79125443759517,79.74617403704568,0.004653926941684411,6956,1293.5332840111957,1293.526437891512,0.006846119683790816
0.19618923078526945,8.244701504935168,1.0468002629194977,1.115434733551193,269.95208795812306,78.68646311087505,0.002768916377962688,1674,612.265814530222,612.2602957175023,0.005518812719591186
0.6105809976660133,9.705953002181229,4.145311887031524,1.3309886599267537,437.02244586329766,92.97618304199459,0.006532636454882405,6513,6547.662502008706,6547.645722990029,0.016779018676528687
0.3309065053312274,3.417390396231377,2.6657426773022754,1.1823011293243642,104.16414280110337,51.049495257630035,0.00994322957866148,3305,293.1118566456296,293.0940994307652,0.017757214864388485
0.9666341877138218,5.453433564404917,2.5278054129867606,1.256033261550349,459.473474026566,61.16789790994329,0.004287585342519504,2268,5592.369579372187,5592.3608999171165,0.008679455070884384
0.5351910820479323,1.7750449945573643,2.4075488839864922,1.1616734748237394,430.89854381750695,57.39139689763821,0.005971411074380203,6097,1301.6714538892368,1301.6605359158318,0.01091797340506729
0.8253932947976423,6.032229908166715,2.7914521336071916,1.4943121812776177,368.7245715457562,94.22017368179625,0.003950692134593505,4221,5996.479731853559,5996.468265934738,0.011465918821189964
0.5952038879406356,5.5250509766201255,4.752727490275716,0.8382350755423268,418.0494839579372,81.54644710597078,0.008892537551222473,5719,1796.9154120420935,1796.901879502961,0.013532539132523233
0.13907127956933726,2.2999283573956983,2.966916977564682,1.1437313752406641,294.7169780791997,86.51534238670786,0.00878142430381324,5194,282.40348405695204,282.3847512197513,0.018732837200735167
0.6698362380346201,4.978595918062675,4.789298922184127,0.8639915843801624,353.8230930939501,30.64786150635287,0.0026089604915317324,2249,1728.1265955207325,1728.123650561276,0.002944959456458143
0.9562630079859913,4.006941868779069,1.3113055877703825,0.9118498934794993,302.2691318185005,83.3477354294528,0.009099539868142548,5029,1278.178676556668,1278.1634634351574,0.015213121510649324
0.6414506381316981,5.696477877746704,3.758611904746849,1.0681268452927832,209.9428387285772,54.638301284599756,0.002363578399504604,3860,1452.702860384594,1452.6989563836592,0.0039040009348335594
0.8372699734841113,6.270889018859193,4.155077923739363,0.9088780640503411,305.9873588125299,21.867094626451767,0.0018589596366280084,4513,2206.464751691552,2206.462692664563,0.0020590269893595928
0.8957858170135671,1.0764602074648857,3.5560797410068785,1.4745810161696558,165.8593996393666,24.80706821946277,0.006876411541313788,4219,1496.5953568206178,1496.5827016011667,0.012655219451051702
0.30527179475403926,7.849053846545998,3.231150261019432,1.4627528437076114,248.12562687835336,74.23263517878756,0.004473136952829055,9370,1795.770037846777,1795.7586376420306,0.011400204746552399
0.290840355917404,7.417128626755668,3.04165751488782,1.0352767523544226,176.34893326710943,49.76099529167759,0.005776665341156837,3199,574.9478790011118,574.9389226236617,0.008956377450040208
0.6498828899658926,4.2965774758587,4.374187171604132,1.2478233984263758,105.29950525762506,89.44924585787844,0.006873137037437172,5930,923.9164924105347,923.9002443694399,0.016248041094825538
0.46992562282603423,1.4764234201193642,4.19740968724025,1.1736273244156503,194.8378353754578,78.74185071006931,0.001475535140136864,5677,715.5521349923762,715.5490396690587,0.0030953233174329233
0.8558751725800483,7.794392858065454,1.0502992453126978,1.370910886361038,433.3942481831468,21.73440093335694,0.003636578539818941,6472,6165.8814243508095,6165.875355373419,0.006068977390841943
0.9100208110582101,9.596576444303192,4.3186444566389515,1.2392119268718595,221.48634678903758,74.95106494688015,0.005148156805919804,7708,4307.057641151589,4307.046479873176,0.01116127841308302
0.4180792413724463,3.1613643641981275,2.363308787481991,0.8001767181433935,386.60164203599106,35.388197818588495,0.003399286688253387,8841,571.746490604647,571.7428080049601,0.0036825996867994888
0.31318350307703385,3.911721523633341,1.6416357349811486,1.3342220699268172,128.83903440717256,53.80660549631297,0.0014407424585696886,8830,398.89758926622807,398.89463268739996,0.0029565788280974427
0.8024729637194756,2.6543160053363346,4.413958556062666,1.3227936849072828,240.98862162543873,69.97881616983702,0.0017800891590794806,3529,2391.8024731957476,2391.798470720374,0.004002475373265459
0.3473254319933225,6.1924251101035575,2.4441115983518373,1.1568058938965367,101.68523120082945,89.81742730365542,0.008215730818783603,8470,408.2011909443896,408.18315068502505,0.01804025936457737
0.8403528866623106,2.3935725518270945,4.137641105795675,1.4320432812631376,112.37947851537037,56.48783107135514,0.009202480832916336,3473,1264.9168228609117,1264.896200345499,0.020622515412587226
0.48136442828388654,4.205745491152415,1.6853162538013002,1.435912343983281,327.84637095053114,84.67923633529075,0.00237009972187404,2085,1916.8813457036574,1916.8750605974872,0.006285106170262441
0.7007949093623235,7.273117125408366,0.5176819463999801,1.166738173693078,323.36681785205496,82.63725302405062,0.003243357615623372,8362,2403.3468859930517,2403.33997472701,0.006911266041612583
0.18598178245120137,6.041043847084135,2.72956636806325,1.2255917618375765,146.017358309688,53.16308102810066,0.006870244642579628,5662,357.7766755663194,357.7637790583982,0.012896507921197864
0.6614733922089158,4.478163078951417,0.9510271548929792,1.4975654503472706,263.4904374299594,60.07841307463223,0.009588445984832026,4434,2122.2113123783997,2122.1883261981243,0.022986180275614367
0.5065909108635063,4.782246416267877,3.8946917998620934,1.0091741643679923,438.48777514007656,76.03880080398505,0.0036963073821994403,8728,1962.9764473194236,1962.969880688541,0.0065666308826148176
0.6279476168579267,6.058997943609065,1.7423381123123467,1.0272320696180341,128.39067890441729,22.491874771755178,0.008696922636124012,3665,663.6975243458023,663.686581218338,0.010943127464331416
0.2512127869703771,1.0527825509844517,2.496405409715654,0.9279417318644475,58.64473988308168,91.26491310393968,0.005554221800053389,9475,45.03356157452843,45.02370379200749,0.00985778252093684
0.7631863704497639,1.7065888160824887,0.8916510429119942,1.4271068574105077,343.39781329860756,81.58529275501547,0.009609027751727025,5471,1386.8457369374996,1386.8208359476544,0.024900989845334027
0.8765173697889057,8.931322609867104,1.789966618012637,1.3211418729644864,74.07419363990824,39.953270512186435,0.002226327961853722,7519,1214.9960274379457,1214.9919109992672,0.004116438678567076
0.29506582008169807,1.7009109018216169,4.016706094663574,0.8739499942091694,490.97310735760067,98.49439625511805,0.00976305158387188,1787,632.6688658389808,632.6519294656485,0.016936373332263447
0.18614309996814557,7.361232365894546,1.1821456035604376,1.487237145838576,324.32912770949645,34.3512282071695,0.0049688076504655725,7905,1140.8452651577368,1140.835336876978,0.009928280758695895
0.12127472744170276,9.280343476981473,3.4122180250713083,1.3116731957127812,261.6783587797875,93.12693389635214,0.009576445513836357,8988,693.0329457777076,693.0086867812299,0.024258996477618575
0.6777743503989394,3.43615243871558,4.628416337620255,1.3953654767234822,243.49664301093804,45.95787666584889,0.005128211953463674,8206,2591.4149232756854,2591.4044789242384,0.010444351447064527
0.6463846324799027,4.334422933535628,3.5592654189097415,0.8337055524212407,307.8817963326191,81.05173681313087,0.005770739207085204,3133,1091.9025067201176,1091.8937961448626,0.008710575254953834
0.592027671442663,6.120292652602447,4.149597601815021,1.1534726432595175,90.78099652409671,56.51012745983561,0.00824297508799589,3421,734.3889822313454,734.3741011760201,0.014881055325275646
0.30875238650437786,8.935380726747262,0.9903723318676211,1.2890188007089276,468.5085764687731,78.91739099600018,0.0075036565066545465,4931,2385.684388461539,2385.6670829375576,0.01730552398138009
0.4518153963149632,9.477150285343782,1.628293217009245,1.1800626092002888,331.538930848345,32.4626438351493,0.00657642988375557,7025,2316.5596767229786,2316.5493968283554,0.010279894623238965
0.6350287016675558,7.656069233001412,4.52542483508266,1.2666532259894943,132.79032392490896,41.560516670918624,0.004752820212306004,6327,1648.0791151466356,1648.070592955724,0.00852219091159508
0.5470901729732525,1.7795778476922464,3.7179752612814014,1.3725118445133309,303.1614741940983,27.98862595776205,0.008131945306596453,9816,1717.6638342087383,1717.649549153414,0.014285055324257636
0.9890069681933986,7.022387399813657,3.3779922186979,1.0620359440721374,109.96542762485524,89.21151851502425,0.009534054999603884,8126,1275.8207554419582,1275.8015968124282,0.019158629529914505
0.22279577730105982,4.6927334968539585,3.48695031254765,1.3940680729330968,57.898722901240454,43.703439021559944,0.0010882980724872416,9192,205.0619275407549,205.05974732736496,0.0021802133899566354
0.7256300986428345,5.236308995419554,2.3639024943708953,0.9140412733357035,333.7326433462991,75.55809835333308,0.006290605868073951,5505,1537.70886719708,1537.6987728286854,0.010094368394739227
0.4638868912938629,1.4423355131065934,0.7005048422794395,0.9896202385184624,341.8175038415575,85.61769581932225,0.008793828360805138,7881,332.7778670421886,332.761713568436,0.016153473752570133
0.4853796534330533,2.7195592541172235,4.029986939318281,0.830341933949128,312.663462261537,92.11345891034767,0.0068780128361100165,7523,706.2426863076766,706.2317145111602,0.010971796516362754
0.7458379890923587,8.11462246780283,3.5542095629690924,1.0550987679346757,132.56744196201038,28.503769224937425,0.008207463320500033,1798,1284.3954528027916,1284.3843247818866,0.0111280209049526
0.7231925361919327,5.085629497430738,2.6276200885072614,1.0659366813768842,321.54343632264516,91.441194681009,0.00905554993464087,4462,2037.9696947476373,2037.9512156128558,0.018479134781474445
0.9921303943319695,3.7149601746803396,4.548918269157158,1.3636894180450756,75.42992341603392,35.78022221845756,0.007758559142677522,8495,1150.0923311779156,1150.0779652705844,0.014365907331215818
0.21555486050871273,4.456171665684623,2.0127184924329447,1.2571914692027593,324.15726000736504,78.95216092727692,0.007453156612282896,2327,714.4245892458146,714.4078213479654,0.016767897849154164
0.1936986844457497,8.689595619931122,1.8244478490405616,1.1057057907089667,299.3076585984285,78.3079215491689,0.009682713022275266,8449,745.2544223480033,745.2353322885002,0.019090059503131446
0.751904935415867,7.740991156644612,4.427583462857493,1.2564797850366238,344.8646738775948,20.68025133927634,0.008773161921024154,9886,4981.538903243137,4981.5256002962615,0.013302946875539292
0.6205482253057683,3.4508385746297447,4.086444446415435,0.8369483453609838,452.9640225885772,37.64991266482034,0.008338400826244966,1185,1484.0693343499588,1484.0597280230227,0.009606326936118074
0.3467445999038253,2.05751656191136,2.8174091479175516,0.9261900752128633,432.6611473577915,59.35268117318938,0.0017776302442468854,9669,627.3756629657275,627.3730393457533,0.002623619974174153
0.17147743209008795,3.267983994796645,1.0883063275603249,1.2388634986692286,491.29438620314244,53.60277653306257,0.003151268948254761,8031,563.2706552734393,563.2646586332172,0.005996640222035973
0.17709242463678748,9.286808059492603,1.467821621592736,1.2489567734577116,489.30846482145876,93.48587839076876,0.006010804218925806,7684,1453.7084956301828,1453.6939701912906,0.01452543889216566
0.9047717871977065,6.234299540647799,3.45302595683963,1.341894261095199,397.5438620181887,48.779269560201854,0.007386040944773324,8591,6274.304713178259,6274.28996723941,0.014745938849367826
0.27268059224686864,5.801321878703046,2.2326855702818524,1.0820998313375216,480.38882997997763,94.95869718687699,0.0037289340397042925,3749,1232.3009702258491,1232.2931034886042,0.007866737244998333
0.3910344059039687,6.367542397232154,4.26412936249687,1.3057878676313093,440.2777486501004,56.75434547140249,0.0018399530180874101,3945,3120.9660941769475,3120.9623280153396,0.0037661616079759756
0.3039907620042892,4.2942543917186375,4.774797541994919,1.2787862327921327,377.4121024527378,97.14823173121326,0.0037998926813372297,7562,1701.5176043413464,1701.508024415015,0.009579926331615364
0.41949667524874357,8.263963182875615,4.125366163737132,1.4743753648588944,83.92291458968984,78.98838480198889,0.007939262625224673,4398,948.1621343325049,948.1411829308352,0.02095140166972868
0.16248145847148404,5.709576243702248,2.1989544034800073,0.9505911584972755,72.07244972144949,86.34676733057248,0.00889660926407236,9386,83.70245805753372,83.68669864040935,0.015759417124369027
0.5671538118174434,2.0507311249191598,4.049088931541409,1.1861756946268476,426.9198053775966,28.39015106792008,0.009216132835099086,9060,2078.093847901201,2078.0798123505283,0.01403555067279882
0.16085130723299343,2.1615861234615665,2.0814875306180753,1.2212351094773286,270.34513604226424,66.89131465938942,0.00440980011229733,1078,275.1924234014503,275.1834356320463,0.008987769403974673
0.8203208570401255,5.831732318523565,1.2519503949453525,1.4990535194539545,416.5730079687144,31.416028786348065,0.004352847173741768,2121,5439.624758745857,5439.616183651705,0.008575094152824548
0.31034087371938973,9.429131962637552,0.6502694218963583,0.9408288995166563,190.81322179484872,43.809680164077925,0.0046603672387461196,4221,528.3341275295318,528.3278220385308,0.006305491000930013
0.5860107231440596,3.7751690950857886,2.2357252074245904,1.1662526139771046,228.94243624535576,69.88523249338145,0.00438228522479303,9977,1096.8813500268498,1096.8726674447291,0.008682582120687099
0.8920711788053125,8.825870519732964,4.566016866637768,1.0423297153995472,365.0840244553694,78.09805637551126,0.006995769467564888,3861,4738.550950560243,4738.537963830923,0.012986729319942564
0.6857896321424748,7.876860279209914,1.5754396449005443,1.1681250780052999,461.8970316194419,23.134702560900067,0.004224909359187935,9638,4085.572496638962,4085.5664196673238,0.006076971638157405
0.5796620078962018,3.2303119861621616,1.4293092421840279,0.9624900214721742,89.49266351549868,62.475498485789174,0.0011830954295282126,5218,223.92828065684301,223.92643051983484,0.0018501370081854408
0.3919003778038381,1.327066734846182,4.8641935335846815,0.8333286648992417,437.6651650855728,65.22511890319092,0.004951221406190846,6729,737.4513610257363,737.4445438460476,0.0068171796887370574
0.39970172175237817,1.9166253862814446,0.6125185078276645,1.2007958177283822,406.85572619571434,26.30623976881609,0.00301736859560729,3723,593.0504985396236,593.0459221568873,0.004576382736383367
0.7025382596783711,7.556445404626962,4.036019676771894,1.0350980211025824,191.9926718284346,60.05504273606108,0.0012592642400615797,1358,1675.3051625955907,1675.303076339053,0.0020862565377986783
0.9947254250990508,2.79702764236582,1.9461648008339165,0.9273589812239036,209.8474763592018,77.10738240398612,0.0052375865638064345,3286,851.4866965638893,851.4780942405903,0.008602323298971275
0.6956552708644408,4.341438284548544,0.668695805913467,1.0267548962546236,70.90766474985934,24.258182790042476,0.0028535910327846382,2765,260.5411021168898,260.5374614284723,0.0036406884175098774
0.6020050756330224,5.515292494057824,4.630111430943126,0.8344961410134215,57.083275002523095,80.82142210591697,0.005074676333557607,1804,242.79555955105948,242.78790212942303,0.007657421636454479
0.7575854592153215,7.529213516051465,1.1283904859431262,1.4653095638630724,264.6527568609781,66.11412039233095,0.003499749879492579,6649,3727.052678300373,3727.044159607862,0.008518692510776756
0.5186850510553463,2.0190810093321283,2.983006776765629,1.2068035404812822,92.99284047378974,86.65817666174327,0.006433379832523899,3730,351.3950314263909,351.380539611163,0.014491815227909127
0.1541281083407067,4.6572976474971535,1.733243933432965,1.3703380769429174,137.30081648684586,37.44500582832559,0.009917896481865637,6991,253.96860206898424,253.9499220952819,0.01867997370234766
0.6060671342901188,5.365656182284258,0.7933676098311097,1.0961827382834113,431.0452397869986,86.66189473704948,0.005925087286404985,8825,1933.4106655437924,1933.3985418940367,0.01212364975573714
0.9618627560548422,5.867443575743857,0.7246511854852059,1.43232026729633,306.9627760627036,27.56487802139744,0.006822063252034931,1142,3993.0421500909165,3993.0296852426263,0.012464848290007923
0.2577726481218937,8.36524577255695,1.0200051447635246,1.1383227550865773,335.13459676975106,52.30637571557371,0.009273481819760813,1283,1050.6050060280006,1050.5889282389512,0.01607778904934999
0.7210044017385991,2.5451037553889524,0.8211515625022102,1.2017617255404687,134.36569887436403,35.95878332197188,0.004366003759525825,8092,470.9954353598311,470.9883017435794,0.007133616251680872
0.2808403197931508,8.270483066439601,3.922511519839653,1.1442557860438598,422.8978120044888,90.08166658326994,0.0024989360480702476,1383,1896.0629733279018,1896.0575380908488,0.005435237052994888
0.5822449160257731,7.235905849269869,2.6850479102754314,1.313294807107356,440.5908975978864,76.39358530414191,0.00354517554637498,2578,4389.549165374788,4389.540952735286,0.00821263950143733
0.18700880468204767,6.002837327790634,2.0430144110704087,1.1966592543214436,285.49741717086954,22.028942172858255,0.004625154466430944,3945,615.1514320061809,615.1446780289568,0.006753977224054423
0.5053338426323667,7.295750833623147,2.3826600955940322,0.9901192465062785,460.65099734539695,20.76186844911649,0.006805159131302545,1623,2208.671173053623,2208.663036216706,0.008136836916956278
0.7805469960057215,4.708159650564907,4.680260310076805,0.9018776719258524,430.17288122956177,43.299940358533576,0.0010412922648674894,1544,2564.0712623257127,2564.0699165698297,0.001345755883022325
0.4128143718150839,2.245578273713121,4.5983831573216625,1.2242870722180843,379.09587950349714,31.46264914244523,0.00868044893290286,8586,1605.394358985229,1605.380387974386,0.013971010843005009
0.6984205520384963,6.991887162388306,3.720544160551596,1.1424259730829254,380.33416206213286,70.42435820481566,0.001684845757448474,1913,3713.8718791591373,3713.8685988114,0.0032803477374675266
0.8159049647107562,5.7220507601706005,4.481070698397595,0.8671829876872791,97.42706327788848,73.10375471060479,0.009105896340266956,3543,609.9348885033835,609.9212194027937,0.013669100589792997
0.9344600375315074,6.754373204884979,1.9384161241443114,1.0769322260552878,171.8762169630496,95.3560722929094,0.00954491069084409,2747,1619.264541799479,1619.2444607152781,0.02008108420086572
0.3111778736699082,4.04198902925641,2.214991967037273,1.1603434954003176,80.08124891795423,96.16319396366727,0.009910925147009206,3163,209.95401910253727,209.9314601831506,0.022558919386696186
0.4593843242283773,9.161799196058523,3.2617048183440263,1.378825263677913,53.9065441518389,72.71173643290764,0.0082855916596619,2377,584.9178594017824,584.8981281513452,0.01973125043715288
0.2371744119973757,6.286328817180192,3.306316762837689,0.8532707390833537,121.23928912275956,20.454009028216696,0.0022766997334613738,6708,200.8299029910358,200.82756300175197,0.0023399892838152723
0.9932351519425378,1.7686223586178644,2.6676492710555344,1.043946743772202,446.219232191123,48.71983332556915,0.007355503389026677,9414,2142.779576780239,2142.768156950369,0.011419829870359702
0.9343008711318658,5.048235916339858,2.30296031797079,1.3758592858972698,157.9433265662232,61.051321059781294,0.0028298916154735885,5531,2053.5033486077377,2053.4970780219573,0.006270585780366405
0.5859614172525036,7.807204492692708,4.937811402239128,1.2538967522401052,486.5692831662748,59.93438052067727,0.009074150520223636,3153,5713.194759895317,5713.176562484946,0.018197410370866862
0.8578299649387792,8.147211055590452,4.19505631752976,1.0029708252626508,318.78094980254275,68.26725036017814,0.003849453330898103,3699,3395.2046328850183,3395.1981362726124,0.006496612406074652
0.568862179544838,5.4513734748738285,2.4574108904962033,1.3917345854158496,156.76631943561065,96.84411862438084,0.00394116379367537,4320,1366.1105011103361,1366.0997041042156,0.010797006120576214
0.6612271192024838,9.05272813748171,3.772816147578058,1.1453055063938846,273.7088615678958,90.8154153564123,0.0092588796632338,1566,3044.8149523084344,3044.7947177726487,0.02023453578573113
0.18021198890441495,3.409015934748678,1.7130276196360676,1.1488463239173223,148.59267021505192,28.71264267603906,0.001119079637053341,3042,181.0306795481292,181.02902475336006,0.0016547947691368562
0.7797433784471272,4.695388275144399,0.9507619680679844,1.483611137440269,492.78810118206826,41.27843131147146,0.002745695363352128,9821,4775.348065962902,4775.342310923528,0.005755039374331269
0.21494213527171135,9.08737219512073,2.085939614987333,1.462981552265465,431.2692427572337,86.6487533935709,0.004797390399071096,3735,2216.829182533015,2216.816082602105,0.013099930910063501
0.8434608672272755,9.06631044824421,2.313377600555274,1.0509728783588907,61.8074549520481,85.94455270553655,0.0073064941057917375,6473,655.2826008868292,655.2683223401041,0.014278546725058208
0.8038252789033473,7.171414919422128,0.5744170605230186,0.8984053900641576,476.499214160362,42.02965792973367,0.006828095494402619,1724,2394.628784663688,2394.620071999482,0.00871266420577056
0.7378702279686788,8.73082492409998,4.166564007361532,1.0279667125946659,374.4792982862993,78.44704245488957,0.0070247068765043425,8819,3765.9035049330278,3765.890618977949,0.012885955078459766
0.13254434247228591,1.798959402606094,2.116370310751317,0.8213382822179717,87.07156340957525,73.76299029742859,0.008920198255695977,5048,30.495190488557153,30.482459742530217,0.012730746026936864
0.37281552035079574,8.784954785869987,3.1118817460106616,0.8145375206972739,351.7869858469005,57.88191719759692,0.0020892737106393095,7980,1035.2102485747087,1035.2075617531434,0.0026868215652670266
0.33680131291975857,3.8855791589520408,0.8328343427193019,1.0768654953759935,341.11701408455843,36.11639621432235,0.005699455265968934,3898,628.6397663353333,628.6314121279244,0.008354207409003332
0.4241227667243672,2.604983611853947,1.2874857293776278,1.458713875888064,148.45493561341254,91.0914544715269,0.007529299201922398,2464,521.5177971350683,521.4968093824854,0.020987752583037193
0.1788784720874547,3.154328527078417,4.50362176397402,1.4099501388625455,391.301015003409,74.22809474454678,0.006725065986317481,6614,1065.6039859377481,1065.587465616352,0.01652032139629625
0.9432620407279565,4.761716572124984,3.2390938754726033,1.158009983742336,89.1791164908352,33.519433990269974,0.005034827079453408,8089,902.5221261120981,902.51434142169,0.007784690408091774
0.5984220166411387,3.260728041440205,4.776278225767185,1.1956584668195815,270.2503315540615,76.38418758726887,0.0011540312728494757,1153,1858.1593788171817,1858.156945020075,0.0024337971068161433
0.3749718795922212,3.8851082741484912,4.9943751547609265,0.8041534477222396,54.46544322338956,79.31469756615839,0.0015440703908309618,7763,117.27178753551541,117.26956103955595,0.002226495959464784
0.4572833653668551,2.2148063746447786,2.1733705189989245,0.9508508090836358,485.9318700026359,90.95042280968326,0.0020704719416845298,7459,881.5998864423439,881.5961271824259,0.0037592599179229035
0.5024822864543521,3.6655908900309866,1.8446137883747358,0.8173418888540687,388.2036342996092,37.82714041935479,0.004089049775518272,5066,718.056114802591,718.0515084105197,0.00460639207129742
0.6405349000245556,6.150554330878011,4.362602248215936,1.3281776728867714,121.48343427184521,99.10032843307252,0.002058881074004322,1810,1443.1350678941383,1443.1296233764488,0.005444517689579772
0.564111484926848,4.976683372819576,4.993751421668544,0.9019520572185484,203.75331797807735,32.2714738021537,0.004834740817563476,1150,932.2949308697976,932.2891629017845,0.005767968013113578
0.9274527758929756,4.1204688511232,3.3333855540460577,1.4083329717337718,122.25307001367932,68.05511134876664,0.0026077779152702146,9137,1676.2731088485273,1676.2669368235338,0.006172024993545679
0.5472671346152472,7.718069159714026,4.078133251301851,1.2503270195730518,394.9778588581916,72.57412042187828,0.008012495777735856,1778,3986.240080528937,3986.2227916394354,0.017288889501555705
0.9929422133409814,9.04158974253986,4.017856364668735,0.9605930735609994,76.50334644247182,53.516231621268844,0.008843388550409942,5249,915.407050952483,915.3940099055183,0.01304104696472647
0.8662824619705862,7.811103006121574,2.0990286869879613,0.9104042219582749,428.1829950036714,58.003016701630926,0.0045068275717135824,4968,3046.7569726914303,3046.7504897725926,0.006482918837622293
0.2876594629216022,3.988006319059113,3.0842167111568926,1.2393372906461373,473.98835247607843,91.27280773777099,0.005601985887840749,8667,1481.1028306489454,1481.0895510560624,0.013279592883074325
0.9375356931795247,7.699979510537983,4.248756235688961,1.4305858861976264,354.48257426283493,71.62193837323696,0.009581466174048476,5596,8127.06601673615,8127.042492327797,0.02352440835350082
0.20472975809692848,2.3678216422664606,3.5965124431747495,1.3028521532400672,145.8344525006454,59.7600766587749,0.005819569798137584,8357,302.28092633026773,302.26881325888127,0.012113071386491462
0.8357047376420724,2.172861892821618,0.5952371629191722,1.0439826561223644,212.04054311609787,30.267964994681975,0.009955658942590826,3553,534.6270953909957,534.6135559441133,0.013539446882458346
0.4425609641289221,4.110643333325431,2.0151755100389006,1.211168516688053,264.7579436640191,20.587010017850773,0.0022791789432284916,5103,1052.92338832938,1052.92005956141,0.0033287679700720074
0.8901768884005626,8.269321321396513,1.1501406346757241,1.017533186760695,322.0811474910142,29.997489452146677,0.008760037785370286,6804,2796.190016083383,2796.178428589251,0.011587494132133879
0.8812510210967054,3.217134225180717,1.5483749543511758,1.4994046967450612,350.8983904152593,96.49476539812044,0.005474827024056689,5564,3313.0666132125475,3313.050482993895,0.016130218652601728
0.825332860105859,1.5692806800881163,4.574702648710965,1.3241874319232958,299.39662189349724,81.12694263930646,0.0012044270012470134,7464,2662.106682272536,2662.1037935022973,0.002888770238649654
0.8110273926763553,2.185385816857196,0.6660198000984567,1.2300671478297276,208.0912643698351,97.36930620081982,0.009750006472954138,7715,728.148787021933,728.1251162000123,0.02367082192076473
0.37421122518823674,8.728704716766222,1.489103203828657,1.0962813999360805,450.9127762542064,22.85669677665375,0.009685431097690222,4678,2072.115271909725,2072.102227037307,0.013044872418180965
0.17282735474612695,6.704049562725588,1.8930620850720414,1.2327066031816902,86.6264261080812,74.41763230869114,0.004449437561645985,4705,195.5942725937544,195.5847060463952,0.009566547359194384
0.46268216088864533,3.2788104703297902,3.2759783238487765,1.0391312437271343,259.81522440957275,23.543482112273438,0.009587278639773145,4358,850.8502720078772,850.837964061638,0.01230794623916277
0.2561720634878578,5.997662427953632,2.9034576053863947,0.8202053876206216,399.0041773103663,82.56451750950586,0.002269086780146912,5182,612.0705910725417,612.0671933329014,0.0033977396402185387
0.7254559800122156,5.748216601828154,1.4822126728402374,1.076561965649643,77.3926993811304,50.476013818815545,0.007120991270086141,4965,470.50457954109856,470.493043766444,0.01153577465461256
0.411489753884007,6.898923805965952,1.2390848025041952,1.451336573705907,367.40084756508554,27.66122880851959,0.0027273608819905113,6200,2591.5193182328076,2591.5142649946456,0.005053238162015253
0.9780491807739234,3.0986879897945467,1.5655911556825346,1.238410766341706,418.87023023899627,65.44373134300122,0.003219825127013449,5629,2930.590508272739,2930.583911260032,0.0065970127068918595
0.6768748696107988,8.779626884749579,2.7613833201574502,0.8587689921496312,347.3740843371735,42.40961572811105,0.00801403693482345,7333,2001.2643864074312,2001.2545854837126,0.009800923718570732
0.8402325072709249,3.7843170587201156,1.7203000357004155,1.4194955293765181,55.821601523910196,72.76591534974548,0.004396222761087655,8765,520.2426399858003,520.2318586695612,0.010781316239077412
0.2192722054676636,7.247184885786132,4.7642112572347495,0.9882123945390604,131.06166220949282,72.65398076110323,0.0010641475254575907,6603,337.09761470735026,337.0957990715721,0.0018156357781202454
0.8758130340453604,1.145121817349934,2.587393496429814,0.9706386451579092,203.95088550137783,76.40059792966022,0.004728145817760351,5474,628.144196604626,628.1361010148518,0.008095589774275902
0.930481471462055,4.353914169047325,0.7645820744508668,1.0079636781462247,155.16051603712066,99.39720630222072,0.003052623885696636,9647,750.8006638413144,750.794528520879,0.006135320435411837
0.5383557269370424,4.165388361629274,3.7816988262648503,1.2040415652881702,483.1934631023423,50.935816795792434,0.007149969222024622,8175,2996.9756035467376,2996.9626096933775,0.012993853359831985
0.6456276439758797,5.891359857247131,1.9798037969404532,1.1812816654037837,343.2172613512071,57.22523795880807,0.0027500382705115027,1229,2433.873596070547,2433.8684884989675,0.005107571579620135
0.788328820812696,1.6546263559947685,3.440700194262114,1.1439896282360171,183.63693080820664,84.36893608202726,0.008580281755928282,7807,965.365486606221,965.3473894062267,0.01809719999424916
0.2573547645343713,8.111182363534974,1.758174667354544,1.302275804458839,468.36387439945054,66.26960184175083,0.003403837108973479,6594,2017.4927976566876,2017.4854273663357,0.007370290351912871
0.5523094688170982,2.960027215908117,3.0683468377999397,1.0215764119344712,383.2673897642841,22.98057685502397,0.004537254324547124,6019,1331.7666091697588,1331.7609088330998,0.0057003366589817245
0.4587967249950818,7.093340333938092,3.974686271633591,1.3474451651007018,178.07324532216887,87.44628162078853,0.0036823317471738823,4477,1641.7757564272044,1641.7664558298663,0.009300597338056996
0.23173659294602422,8.228909109196838,4.676039337985493,0.9227251748650195,220.49670623087994,24.119894555043278,0.006795310130284293,4358,561.4405256056189,561.432743035363,0.007782570255863747
0.4307809800623783,6.056892606173618,1.6750721499488468,1.3478345523539066,139.74298623678052,33.66561091934274,0.0019104718710375704,1759,845.5734617777437,845.5700198882637,0.003441889479949573
0.16135507844694422,7.667948860497869,2.0068562794954152,1.264667073675198,486.9832992196198,28.166397357934976,0.005302894354284197,2366,1215.890391330367,1215.8817959843686,0.008595345998418264
0.1232307162545383,6.95674280993505,2.5891988912867285,1.2782458166833106,282.78342315053294,26.234170630489615,0.004010093336935524,9516,543.5326386837039,543.5261680652458,0.006470618458182443
0.2216496602393405,4.199768174368068,4.67228676981195,1.137087377989082,453.22550937409306,22.054790024376814,0.008957241669594834,1876,1152.3860726707617,1152.3736411872446,0.012431483516972387
0.9668036004302565,8.279726851302089,4.556240855647957,1.2669010728766052,205.92489695758147,24.40221711778939,0.0016607088421695315,1166,4101.676620164727,4101.674002799536,0.002617365191601312
0.5945765823055152,3.6523123289697517,0.9044522604528711,0.8558579325916202,437.37872139386405,55.395135134304795,0.008467255584395693,4664,868.0226118040131,868.0113506793055,0.011261124707651062
0.969239945037898,6.140916259763655,1.0936842158921487,1.3960857819345571,74.24908179222378,40.22818159860911,0.0025091242887691823,8463,1014.7598013741444,1014.7548892472083,0.00491212693609152
0.4892480904971188,7.708579652273856,2.7297912979878722,0.8388830634413522,491.9406428859296,30.1229506735055,0.0017971989393695965,9772,1767.9822667160129,1767.9803049306822,0.001961785330662454
0.3806345197767336,4.410603188312568,0.9797867276244057,0.9041190569100482,460.4154651649862,72.69644341812209,0.002820905723107072,8350,772.2038808724667,772.1994763625828,0.004404509883911764
0.5555276765562197,3.7249084685568254,2.0551139300691386,1.2037527959480654,213.44132514949473,38.08895285074068,0.0019238768381062937,6695,993.0926021354007,993.0894041718368,0.0031979635639164962
0.4955605197696191,5.134114091555404,1.1677342019786494,1.317588018819684,398.6249743915598,21.515932427584758,0.005688855533819131,9052,2161.176579992633,2161.167471683418,0.0091083092148962
0.19509821583556952,8.361671449142383,3.3621815980934864,0.8533760950423774,388.5160669132217,53.47358270138621,0.009893934576242033,9963,647.1758303422721,647.1628721882162,0.012958154055942417
0.6767436832211856,9.369295868310983,4.772729442826228,1.4445353698856238,455.56465869631927,44.83463935826441,0.0013089461673183296,1927,9097.924687391287,9097.921948830355,0.002738560931661017
0.29443436425863967,5.9057507157390114,4.985301966324717,1.4815253541604891,188.264741507965,45.48835450771942,0.005150155143875152,9797,1325.1015505546882,1325.090449668958,0.011100885730199654
0.6576291594080467,6.953195847912867,2.1885850962361166,1.2241651211053977,259.48400239136726,55.621602254524916,0.004474632961970757,5100,2337.7821951675764,2337.7736706992514,0.008524468324839983
0.6851809831583381,9.129462600150227,3.195556867015755,1.1368704187637857,439.2498256727239,73.51311417874221,0.004056457728217604,5094,4794.321679693625,4794.313677846952,0.0080018466735926
0.2368223678157833,1.8869216627164815,4.353204440858366,1.3189764805958248,400.3607543608472,69.31832960303952,0.003986772493900248,7983,1029.3082262858884,1029.2993227506877,0.008903535200617485
0.15521466439960135,3.0887072007954854,1.0285793275837278,1.0298501466290437,227.06002343312562,94.98092878311004,0.00905511480963816,8194,153.9160460668322,153.89786329323843,0.018182773593757275
0.8026854274615959,7.380100056264242,3.6030398497338423,1.1452851038735745,430.5763548104549,61.41733330420172,0.0011707853518756364,4973,4979.084355297516,4979.082190879897,0.002164417618998612
0.5138203813923882,8.413700157210696,2.3397964777628073,1.4413057187700808,71.12931765458067,57.805592778005774,0.007974247486421246,8744,816.4536606855347,816.4355235703574,0.018137115177344305
0.1523474159549282,8.713261254975201,1.4276577212607384,1.4689587976690734,401.92083633334556,37.07315481735176,0.0032763986092534756,1413,1339.9058832516728,1339.899286065259,0.006597186413801015
0.9953796854527904,4.735964591694393,2.312391284363489,1.4489483812358295,143.0446367451653,80.43050310785254,0.004449659597358174,6928,2106.960539153648,2106.9489062089774,0.011632944670569214
0.15200250489672998,1.8040591206268015,0.8418212913421259,0.9837136468746881,178.75440852070423,31.262062097142778,0.0047813492156372,3014,69.57506964051568,69.56889575768055,0.006173882835130979
0.7255317059726979,4.940033295696579,3.629332168651876,0.9627283281517344,271.94667961801713,59.29063118563873,0.0037425857866636913,9974,1567.104342991292,1567.098603601141,0.005739390151145258
0.9853110327370723,3.076611311863484,1.6373420093680389,1.00836515415052,252.38052548148826,53.70577587099555,0.0018420297565185809,9718,1191.93113085487,1191.9282758644288,0.002854990441248156
0.31526209379433306,3.6207680949696175,1.901325402701951,1.1089177786719222,284.2565480914464,72.66407027235226,0.0020289776394649133,1000,608.5376516903141,608.533766801608,0.0038848887060895674
0.22802443181847656,7.950408011537553,1.0448658420865824,1.0199171889543746,295.1490180524107,93.4097175965327,0.003683180116743799,9462,629.755468376381,629.7482028654686,0.007265510912508088
0.209246445480186,1.679743774232982,4.390966012504513,1.0619489570173406,199.18746096417362,95.7276473198578,0.008396281475985257,3531,285.36020167892576,285.3427497752228,0.01745190370298322
0.372947632810836,8.448230957326318,2.7204992567723236,1.2344458664845317,128.8523808576635,33.42394137305267,0.0022116488750867067,2071,817.8810330362828,817.8773903481217,0.003642688161147507
0.19094122990958204,4.8490217724175215,3.074660950038801,1.333767973965783,395.8165531792877,40.94537746137426,0.007683758498313377,9885,1065.3374747344303,1065.323030157423,0.014444577007194235
0.7229452075247187,6.3645753799053555,3.0624470739268457,1.314890738787542,229.98926708921394,84.93082559717652,0.0035998275648635894,3887,2709.993378141507,2709.984624662931,0.008753478576304435
0.15606261831705642,1.8068700811211111,2.3472190154360377,1.3700964969554064,277.62838810657655,61.462380995935426,0.008951184416008836,7516,337.88299266688546,337.86319094241964,0.01980172446579368
0.5584799153348108,4.036231705215517,1.3663846194716276,0.8225290822507816,340.1135232580031,56.24276546845855,0.004854956278605768,8905,694.2917638109946,694.2855245018751,0.00623930911943747
0.9970271684676791,1.807308271133612,3.8530973682428,0.8334136527751292,459.33706503799516,76.85003619045646,0.00254550981967638,2995,1800.5623517450986,1800.5585999376574,0.0037518074412863952
0.832573242555417,9.653893505929986,1.0717531941095344,1.3525680724820406,368.398774013099,68.15399620855774,0.009872600050994593,4577,6018.440848470159,6018.418394255601,0.022454214557576374
0.6536974944079098,8.265354843936255,0.9674320562546472,1.1731551756272423,70.45665151567303,97.65712435370676,0.0025897106730692044,7209,585.2575291459331,585.25152406064,0.0060050852930124375
0.3756282587079505,5.136694789208142,3.6956526691842653,1.2046984716334843,427.35216352910794,66.71797218306136,0.006108578391090426,2709,2057.688439996757,2057.676171229434,0.01226876732307929
0.6615062526624746,3.01242293491304,1.4397665920339273,0.836810802150064,495.2097568073836,57.27790610778026,0.006123578302865209,3099,1021.3033880191355,1021.2953286643976,0.008059354737783759
0.5743373175204864,9.40109594724867,1.8804773810877455,0.9787196608198897,262.61826141712197,63.425388966254054,0.0043553210606000195,7117,1629.9718696139594,1629.9649033806538,0.006966233305660529
0.48347504550133436,4.101369361542746,2.6385236015078313,1.2468480134198345,486.3156514045703,84.68318533575786,0.00956339733294218,9661,2463.634214325477,2463.6121925122966,0.022021813180552467
0.21763933906617955,2.4488598851863728,2.5220809252829577,1.4014273230774732,296.2979340544172,69.01400454281767,0.008594871061705586,3290,629.5928942984557,629.5725364143226,0.020357884133088085
0.8979437937164201,6.068479496085594,3.6886060627924966,1.4418883780269818,256.8271981423774,71.76384731093742,0.00846837604754418,9528,4678.164725500826,4678.143752356972,0.020973143853276557
0.5048061839391903,9.493967083103344,3.3054430704951243,1.1502936470845573,199.13214412735476,97.71511040292735,0.009767367418865303,8970,1702.468565402552,1702.4463514363013,0.022213966250686303
0.2751602606386886,1.0344726145029033,3.3997827302683956,1.1818319629167384,345.8996941250025,69.47163875403659,0.005113984043766852,1755,589.4888530668353,589.4786104216398,0.010242645195525006
0.4309834157895607,3.1431235892859886,3.713244487949558,1.3831347417482935,153.41918923627006,50.422819866763184,0.0018746719805802635,8212,867.2919187389134,867.2880183895973,0.0039003493161565424
0.47271677727603434,9.446028763693668,1.8167572734055941,1.1763372205231482,97.22039833148195,75.30608216102372,0.007889103329048144,3099,716.2716925656027,716.2554237301312,0.016268835471542228
0.8447841060101869,2.5397737017144584,1.9504999031021315,1.161800967876122,62.25669616289633,72.7567517581849,0.004427313215067404,1412,318.77201163000757,318.7631256156357,0.008886014371877624
0.7602529425052619,2.019191064758379,2.470989865529994,1.4335588264326675,181.5710507218687,21.107810840510552,0.002713106366231665,5103,1273.7998741113915,1273.7951637471294,0.004710364262038127
0.7923744042772058,6.13168494219824,1.8835797786508675,1.352952904739116,228.0968744751672,57.38634374286665,0.005349226088982281,3993,2651.7639811703625,2651.752590725665,0.011390444697354115
0.10992813798578249,8.756594409653468,4.932220410368886,1.4363507684529062,298.4345133265615,79.43228823059195,0.00933147046150447,1246,926.5226965404131,926.498646755742,0.02404978467114571
0.47453859836178536,5.293988359245335,4.163233668896433,0.9527729383468077,181.73742133415288,59.92331661769032,0.002542213171131656,8562,740.3900756501303,740.3862020644575,0.0038735856727293632
0.5332097364717913,9.951078310160723,1.240946097152133,1.1670628406587498,492.826807573435,82.36969087483115,0.008638289337067678,7977,4005.8208165412907,4005.802431074961,0.018385466329508004
0.11727304914075103,7.112545295841936,0.5251737014684128,1.3897304900153507,181.28532570852542,56.07069571420915,0.004763844474536057,8506,313.61730948698755,313.60697688913723,0.01033259785030962
0.3338318878705308,1.6666741648940295,0.6925247071127054,0.8778034792269763,248.4389248008839,98.66572781097885,0.002231217826328278,9603,150.7709999789263,150.7671089700497,0.0038910088766304896
0.7842608408099215,9.935489185137778,1.5982855296931637,1.3562635080057732,96.47427448935515,43.4313271363111,0.008635440735897908,8095,1605.2261069181864,1605.2093083370423,0.01679858114411592
0.22339873515609915,4.671048131021714,1.0143107862658545,0.9280813683904087,167.28193100168403,27.369808651685883,0.009726583070722859,4367,183.0151419962454,183.0036442465265,0.01149774971888832
0.5817791183073325,3.586622804609343,2.9000215170165746,1.3656831284897248,71.74946290504599,54.400944092327784,0.003621436442515105,3689,505.0138910662162,505.00625480522365,0.007636260992581871
0.29368168481551377,6.02091265220097,4.360978502273114,1.2284006562898078,301.7788850467976,63.33672198991352,0.0037318258885786202,1587,1388.4319717203018,1388.4244840752544,0.007487645047487263
0.11090869717950395,3.738768326387779,3.815375994109523,0.935265194039407,387.97910740959423,47.92749853459692,0.0045149138473593985,2468,284.34022744547445,284.33398099712383,0.006246448350606278
0.3170813118395873,1.778117564081371,1.4702407838698568,1.1313479255329608,138.06941645123058,39.38249280943672,0.008327173280147265,1232,182.0353643682052,182.02223324082422,0.013131127380965306
0.9782863794190484,1.0128550877125906,2.2968466521160362,1.2773336165225402,215.55992201723186,73.76469531083912,0.0010937547706554984,7885,1138.7607578713712,1138.758330222647,0.002427648724352442
0.8213834006946906,5.046250176282361,2.7855239428907494,1.2436970306184798,57.47730202722225,50.17000798850017,0.0030156089656378096,9011,571.9208389864953,571.9152068544648,0.005632132030371645
0.9636189798889301,8.53177080003933,4.14592632276501,1.099073037362193,427.78492507499544,70.50948232805095,0.007353098299956936,8140,6312.846789871702,6312.833009990878,0.01377988082383175
0.5390686395337262,6.150836670670689,4.2760472139777415,1.4295565702446489,400.98358621925126,82.32571588790206,0.004650755054369735,2886,4606.0541033947475,4606.041981437721,0.012121957026749343
0.19876257880975315,9.992865690490968,4.593732403584992,1.163484390141491,78.46431389343157,80.8802102208019,0.003972660606713148,1309,307.9595906272414,307.9512301113072,0.008360515934217725
0.5931635400763237,3.5816198108247996,2.7916036272629383,1.1541071089700818,214.19042419418508,50.0247448508553,0.008850546000118158,9080,1078.5295461557362,1078.5142219110933,0.015324244642865484
0.5089396011039649,3.524095582840498,3.624236358961383,0.8435754129590181,479.8789762322729,65.43185831601397,0.009256005281316156,3748,1242.381631862091,1242.3687147135076,0.012917148583277391
0.8599213744656544,2.4377451421054976,1.0031016705527172,1.445484272858346,226.41217523553968,55.97265795541939,0.00953187597249576,2600,1399.7718926075077,1399.7504024189207,0.021490188586917664
0.18827432270582015,2.4765722943880166,3.0438003197929193,0.9239815980748611,286.79390452580725,89.66442021677283,0.00345295479388867,1545,254.48745229737608,254.48140111722907,0.006051180147023932
0.5394170233196004,3.5666793640904304,1.619113142620108,1.169841285405588,209.85928745465984,90.30067838399994,0.009212613485851964,4823,803.4020824362303,803.3815731695878,0.020509266642500138
0.23504379822458585,8.135560407461744,2.44272598261975,1.3624973209802171,318.25912465771785,47.49932663104295,0.0076326899925456,4314,1468.9967336113011,1468.9813943898198,0.015339221481268825
0.392208334201054,9.15181111572803,3.3532272873802373,0.9508172938689503,490.17059403657,27.338995830298458,0.002387932736397226,5930,2173.420823890937,2173.4179326746453,0.0028912162915741514
0.7636213696490197,9.775784527369131,1.656436720342015,1.1691613029795889,498.8761265665387,33.40659866592156,0.006492430254773893,6729,5953.207492617902,5953.197366125597,0.010126492305194582
0.5284163164318899,3.090606886868074,0.7348327600854249,0.9684794364563386,398.621740105036,49.360139370470705,0.001237013373762921,8991,755.7886931810265,755.786903813675,0.0017893673514585138
0.4382994566311924,8.931677910526826,0.5460523538394089,1.3317864984599384,231.93999410919767,65.13999638103925,0.007375403401937787,6561,1708.9299311521443,1708.9137103376443,0.016220814500072685
0.4550286507130318,3.9542958034960334,0.5997179099503469,1.1950388175112054,272.49449037304475,72.54296087715434,0.007602107703858447,2841,806.4236743678543,806.4079991611319,0.01567520672244215
0.513502091565388,2.0155649006519596,0.5375738188119634,1.3991831022766004,210.52909765053747,46.50968370288002,0.008104046577354976,2636,540.3699786567821,540.3533658577721,0.01661279900998823
0.8065148894533513,8.83022432968149,0.9965977545104396,1.426190602014168,493.50858345695576,73.39992956991887,0.0025527254871019144,8576,7955.650182845514,7955.643869920924,0.006312924589930234
0.902876220046211,6.724950711792567,1.5776992155655845,1.2541134377117786,368.49213762143165,95.01919869390048,0.006654249468527779,2675,4344.5863844876385,4344.5701097773035,0.016274710335185398
0.9598012178535354,2.4825780647295557,1.4954968138203464,1.307773872311261,252.01915044508007,72.16113017351604,0.0026097101634488897,2790,1645.7151110080918,1645.7092353023452,0.005875705746668713
0.8082130476297656,4.868481317617023,4.940584673809536,1.1844540699208046,55.451871549321055,32.6852183555481,0.009519850750502584,4144,616.7607196788302,616.7457583245252,0.014961354305004183
0.3838662061732115,3.585319253893609,1.8770274734402446,1.069100113147168,284.2175364757468,66.3735130382102,0.007075096234127511,7967,681.168866348212,681.1562818786712,0.012584469540765765
0.719321235477888,7.631151118391773,1.073393525117296,1.2536825461145842,492.76769076572805,63.35164134135862,0.0018579326320365018,1155,4849.384983495642,4849.381178614937,0.0038048807046690844
0.4938428116498527,5.080746075618412,2.955031448754911,1.4358020364411301,285.37740903787335,89.65600887187365,0.0026832900700524054,7914,2334.6765485024025,2334.669241675898,0.0073068265046834875
0.32920355984144606,9.903519505957465,4.360808549288787,1.0916762663020065,132.09200847010115,48.02424441703795,0.0069711408831677315,9767,739.2421816980525,739.2309167140011,0.011264984051447411
0.8567844214833303,1.492704840336356,3.5512716955445383,1.0200870184616568,59.942186197148686,53.8356488045344,0.005290034465436478,4107,269.56593738686706,269.5576359606957,0.008301426171384891
0.1345837140660925,4.1951373952262205,1.8323694011095264,1.0719058569868019,209.61669115589407,67.89272443891949,0.007626678995897907,5343,195.38889456845638,195.37516920075444,0.013725367701941805
0.9115857929218812,5.337101503989796,3.027272719061547,1.1047783411481198,463.20262506347314,61.954024939362036,0.003527099190330932,6163,4310.751159363026,4310.744848560796,0.006310802230863332
0.5153297181622608,5.5282019927348784,3.716851883901841,0.8514927202844014,498.44934867914645,77.52132739241394,0.006921257831623693,5548,1721.7900155965272,1721.779553553449,0.010462043078124218
0.6734813291274524,3.8434224014707308,3.7764702156548404,1.148909288304496,475.4155886654012,23.231119272999663,0.0025926415122739513,6238,3220.4740597700747,3220.470389072507,0.0036706975677749023
0.6934185299852045,7.563162241878112,3.4994230488395996,1.1460199736350418,378.23899696441555,65.08128153655679,0.005893392370249299,8516,3810.693530428513,3810.682380928944,0.011149499569051141
0.9056059666358828,8.872723661400773,4.418646911490281,1.2119106793483663,301.16422779829486,29.733751440310023,0.009620196323949877,7836,5324.206432859751,5324.191307436927,0.015125422824384012
0.6730027139504866,9.448473717800766,4.41547456254847,1.053974021329932,315.8087658720134,45.216719401577706,0.006654000090618878,1939,3273.3247151060027,3273.3145308494722,0.010184256530534298
0.6525402262840556,8.245840391195737,3.1052145173315147,1.2291753171689128,292.5464040913824,72.93014892259123,0.0014499425575442485,8090,3273.9070728748725,3273.9039908556488,0.003082019223896181
0.15998683650462098,8.655221775759394,2.434353661000455,1.4147514171919422,368.17218721534476,32.593136047374216,0.009898859239629642,4941,1307.4244173817767,1307.4058484753011,0.018568906475681577
0.5665672197506837,5.954907705579959,3.3870663300429493,1.468829693346615,238.4929520129086,44.707346840370306,0.0024117969668397904,5362,2723.3869573566026,2723.3818310713473,0.005126285255083806
0.2351521007353375,8.43299403784133,4.181954006167084,1.2085285512987347,351.14180223009447,76.24051862682495,0.0074626219242739465,2461,1521.371338644147,1521.3554438789463,0.015894765200802154
0.7636903918493371,3.73153518233157,0.5254344717853312,0.8298136677792192,104.72545173074046,72.06441940214671,0.005792770351577764,8935,234.4480432995576,234.43977230054776,0.008270999009851626
0.560999728731407,4.58630885898293,4.96398654056683,1.4784651980869763,169.5628879526677,27.283173536779046,0.0036492461902387346,4298,1985.7929973589235,1985.7861300708742,0.006867288049311898
0.712205001287518,3.8522171243668986,1.3230219754813966,1.2941034426273794,426.2013674638833,66.18147947938591,0.0025957943688493823,1060,2630.8081816791896,2630.802599267011,0.005582412178908937
0.13750561054214586,5.206486019031329,2.616120435469893,1.0351745539875565,456.687018834526,31.780356953491157,0.0025993212784904416,3215,526.4058040303293,526.4022581487337,0.003545881595565073
0.1763128144412229,3.5702165461477273,4.4241338067929,0.9030103906746064,292.5537069021349,40.18171029715941,0.008725597130873446,7275,336.25784230294846,336.2467969586165,0.011045344331927633
0.744691049256414,9.654502980290022,1.5126817956988972,0.9003930285653925,64.23602774581958,56.7369022908623,0.008856212627470812,5817,433.0871458573141,433.07464754370363,0.012498313610505529
0.16487590239880603,3.815601652051013,2.6455785075517246,0.917421084297722,467.1381068562957,28.74774586385513,0.005186309694622408,5102,418.84961285865364,418.8434870024568,0.006125856196842319
0.16413105498873273,1.8824008429984584,1.0966198108153062,0.8319007651296743,365.9289161122789,99.49175743348535,0.001932593166324765,6831,123.8269856572684,123.82377837694743,0.0032072803209681764
0.11089762771139872,5.741354494453721,2.2778434642468666,1.431507932057038,236.31256568991236,33.22956488432009,0.00895748593462111,1250,430.6701297582777,430.65304611465166,0.01708364362606248
0.9608512584695321,1.5138917060065873,1.2971095465685114,1.1785377629791354,319.27052443977334,82.50501027428835,0.005383148375575802,2599,1197.7529027828639,1197.741324220349,0.01157856251492107
0.7637575235131062,1.9948884967772247,2.1363248694702066,1.289971588899686,243.39867549861475,86.387107601858,0.004948861805802224,8429,1277.9553245952131,1277.9434258451893,0.01189875002383521
0.41792626765185775,2.9745045027662167,2.180588975567249,1.3796759564878152,259.40265202942294,99.55711759168011,0.004666213219938583,3167,1063.8246807547505,1063.8118335425347,0.012847212215689855
0.36688202315888974,5.179152248939275,4.969268553192498,1.35407870443324,449.06443954673074,54.29225742818147,0.004285127564732851,7191,3065.6505527878535,3065.6416001339376,0.008952653915982135
0.4147329067712646,4.899258390781251,4.976658631866975,1.417823936610189,122.48791111270019,89.92756161114721,0.005734048632477348,2468,1008.5336977109815,1008.5182568444602,0.015440866521283828
0.7971881780630637,8.19722675802512,1.0165382539727559,1.4770782357674663,96.65111096700655,96.60315512134808,0.006440871039505338,5033,1548.8775126094233,1548.8588084331864,0.0187041762368409
0.6952335499633729,7.6552718849570205,3.7668595069775628,1.1073494303193576,51.22793503085708,33.83153159157337,0.005197889832156604,2502,498.83946309522173,498.8317599124001,0.007703182821624549
0.26667601108072114,4.836864645916312,0.7328546585109552,1.4652348266678734,191.300169025457,58.35488712476261,0.009069833471095402,7600,610.0452644026908,610.0242199315131,0.021044471177674724
0.25669840180067593,4.003337868180669,0.6358640690173488,1.3063029638399715,116.33619491799233,24.800865508487018,0.0038589510567654762,5814,236.41807569009183,236.41178452937683,0.006291160714981859
0.1885560847420576,3.8482190565534875,0.9740025241023393,0.8494677332156549,148.99347281215003,69.65792096193613,0.006204806711081033,6044,97.76613715565979,97.75719485464765,0.008942301012136373
0.6942724477312043,7.965955785646081,4.844685456535703,1.2772481848486419,55.057542199419615,66.51249254852532,0.0036995852817458675,1027,798.8633290690993,798.855460873295,0.007868195804330973
0.7879353959995624,1.4686516559914278,4.733885965526138,1.280701661723394,152.23793660946646,36.33010277305577,0.007780150214132809,8898,1220.3479810720335,1220.3343970706453,0.01358400138814402
0.33854178549250363,1.1153948455954525,1.372675191263062,1.434102394654769,199.72021186956826,83.83222071153008,0.001919089893954121,1100,345.9900203674225,345.9849609895972,0.0050593778253450366
0.11885046492782153,8.159899527339832,1.2275255099917017,1.0610524927290645,64.2053733844466,22.981497821083188,0.002698290971157993,5510,80.65131322704464,80.64779223188317,0.003520995161468484
0.17395450072878463,5.2943173839014435,1.5824078893217615,1.2094380501902724,323.55685593371646,84.49818593020456,0.008210812689342558,8394,566.1731383133462,566.1548167776527,0.018321535693439313
0.9710740313605275,2.177930246982184,2.8199614733381395,0.8085312857082197,305.96015699769106,22.131623293109392,0.0026487783569758487,4240,970.7309738349392,970.7283582394601,0.002615595479030918
0.36590029972967825,3.120093411350511,3.0636708441593443,1.0324526695269352,93.66610032946627,72.54630497090803,0.0066317171157526614,2488,225.92336249016543,225.91154835847613,0.01181413168930855
0.7923008330543203,9.392535577876442,1.497170436977513,0.8435706083111467,317.7543998832804,26.3015611131921,0.009732191067137774,2453,1950.936025563664,1950.925656470302,0.010369093361905345
0.6621972119688374,8.735526780624081,3.9048025464047535,1.165311080935428,499.39426337399493,40.09804154498583,0.005706015523893692,2801,5676.4099322782795,5676.400616762854,0.0093155154250754
0.4437456756876063,7.388065452015753,1.8929892623119284,1.3722133553548672,475.0110287651933,77.75306794494686,0.0026865680170606236,9084,3683.6572697152164,3683.6507167692434,0.006552945973155502
0.2851185359759996,5.340027073035939,4.649590964882346,0.9445098844903483,51.20194701544848,42.43238397003094,0.003886219411233738,5559,130.10418831596604,130.09896023183927,0.005228084126770979
0.20924777634346578,5.682912635722472,3.4552521790552877,1.169208731890445,407.92024009866185,60.89390789741878,0.008411122688088144,7240,1066.3152918707892,1066.2994689877385,0.01582288305070725
0.65351167123498,9.777200817555627,2.4635803743662525,0.942806045557537,209.1223743064187,93.21986156160915,0.004164948218079764,8817,1486.9964011367472,1486.9888138983251,0.007587238421995976
0.7971704025740092,9.691933994958584,4.054604007662804,0.8844819274923683,78.64311665058234,23.97074832292627,0.007511602231268323,2515,674.199539849771,674.1913033864554,0.008236463315608969
0.6795138281870177,2.9374214120725086,4.180615817209992,1.1576977543540397,183.19244617229361,84.88638349885389,0.007996150565956093,9215,1187.5796767672387,1187.5625616025866,0.017115164652154884
0.5772719199242425,8.299941096747864,1.8071672252402464,0.8554040346648094,194.78143234083302,25.221759885479162,0.0055106456252064775,9587,831.5733822096196,831.5674794706122,0.005902739007448413
0.13775610108847264,2.775183995503151,2.0287154472623796,1.2111482417965926,285.4599076890756,30.143587546934132,0.008048920459297502,2427,277.11776061582975,277.1050736516684,0.012686964161350043
0.9716398998349455,2.9218373009555627,4.7117981917787155,0.8219362224737085,347.4876952709846,29.54552831113687,0.00385212703985393,7085,1741.2192219677152,1741.2151202936384,0.00410167407681431
0.8188427724891172,7.084837307481191,1.2413346726347236,0.874700480307863,387.0750254937836,99.52818265685809,0.005645436820447653,2013,2019.1189164496418,2019.1090636156982,0.009852833943574849
0.3635398330308683,4.6450098872879355,0.689676876333204,1.1849982398411505,160.65636915347,34.414905546522675,0.007179024375749265,8279,437.52778323682594,437.5163483843928,0.011434852433115286
0.9819732964229656,9.383899663958681,2.5432489517429713,1.2139851890292397,194.79675661182364,91.74094770050145,0.002512658325739424,5226,3362.3704640258766,3362.364615294241,0.0058487316356862756
0.6416934306726899,1.8010876140640795,4.10544455109633,0.8202908510656307,188.77176808688085,99.27457303572433,0.0034625977064397075,9611,481.43543404673994,481.429773976873,0.005660069866959949
0.6241803923865219,5.6037307672854375,3.972506478398356,1.2013637516010909,213.2315906543944,50.702781632983836,0.00686832943054287,4349,1839.5370916375825,1839.524656605508,0.012435032074554452
0.7732658614865789,9.266693773988091,4.637887830107746,1.386951767726546,499.8453390303524,70.48388348229483,0.006898241078465981,7076,10338.220985160657,10338.204674067953,0.016311092704570818
0.8305928092811238,9.137022944315547,2.899402989660681,1.3056213241057677,400.07448627234163,82.327300301089,0.005439723818076811,8757,6818.076424752,6818.063475467081,0.012949284919237813
0.6908307465983524,2.4087629207416708,0.9502910220493999,0.8918295727445591,488.7457093709137,51.411606546896664,0.008160268211039086,6187,902.0708271649153,902.0598080815136,0.011019083401770139
0.21528617172958003,4.299739300868108,3.149100384512072,1.2147322532945304,361.89997679617574,32.94513123982458,0.005338494118044781,8018,856.364815980067,856.3561946997031,0.00862128036380201
0.4044407553950486,6.572092600420266,4.002780264589452,1.2705767500519494,232.82181574127793,54.70101950340489,0.0089319003887236,5270,1607.5344574932133,1607.5169009928081,0.01755650040504555
0.9352752762934448,2.4345539629426196,0.9199765412142188,0.8260618412266043,225.38488263213873,81.75101160023557,0.00762313087784751,9655,482.537873018783,482.526427834922,0.011445183860976843
0.30215405065946677,9.712199548411649,1.276958304939154,1.398743368078536,269.8615152387703,82.46102101987225,0.003832253769730072,1389,1753.1226098450095,1753.112829314745,0.009780530264311025
0.434950321453762,9.232743958548943,0.555307975200519,1.4343871781028812,237.59140251399683,38.44310337367307,0.004557286076361,7891,2081.140111277486,2081.1310613726587,0.00904990482730672
0.4888691946497764,2.5025516113102224,3.1714366075106466,1.395316591353581,422.7468107417356,33.99725119125972,0.007009180171928612,1135,2283.018606437614,2283.005501472431,0.013104965182616637
0.495464490725007,2.0903991513488687,4.49030476375657,1.3772420275923793,259.2509058620118,93.64485616802797,0.009050073569411423,3456,1603.364412836559,1603.3402766673446,0.024136169214478514
0.651645624245073,1.7686763452743877,3.5179849220094477,1.3214756389226252,183.02646209488069,23.519922444664843,0.002608378594331579,3271,1101.1002343624875,1101.0959767434488,0.004257619038820332
0.9487682539702369,9.18499297632968,4.919180394159419,1.243402421897372,398.6871209134933,78.77907806120695,0.005631971848677822,9792,8248.292738995297,8248.280219440723,0.012519554573740734
0.31662344064925446,2.742614288159147,0.7836514362489271,1.2750389034917764,434.48918422162757,23.713710835740322,0.0020690597919193906,8113,788.6525991738863,788.6493354432284,0.003263730657874144
0.20935123867082625,4.746564356899192,4.563504883181733,1.3644767053344882,239.19303026320313,87.03200406887903,0.0035150963978811812,9810,867.9879705018367,867.978999947262,0.008970554574722178
0.2777234408739436,5.039662290868027,4.163307293240063,1.2637489208529133,350.5138573574894,92.43318506688816,0.0071738322336391816,7096,1430.7791646393175,1430.7617187954263,0.017445843891292483
0.8982324101883425,6.391099397922108,1.9140868422477721,1.0294088696774497,76.46204024973714,43.79352993832792,0.0016996117172334555,8355,604.4516935401628,604.4491777352109,0.002515804951834749
0.6812297313896855,1.6456180937268248,4.880869483267633,1.0631727715129478,288.25918338715996,25.914851481335806,0.006961227236999628,6506,1448.6609264157044,1448.6516074735944,0.009318942109898419
0.35731611031524413,3.0408275566046434,1.7957198667713676,1.4279402278606046,70.24151198547862,58.45476290779429,0.009107300088507674,9200,247.5358536613154,247.51524712619528,0.02060653512011535
0.8343522450717555,9.383413482270335,4.501871257226983,0.8119854600580134,63.135878222510634,43.877042939638145,0.009724332619166196,8611,482.26660580417445,482.25524524884287,0.011360555331549862
0.8752329967270924,9.175690965417125,4.463368596833853,1.2891744068709974,325.8161827352326,53.37089142483032,0.0029496898092296396,9785,6464.046943494522,6464.041111313911,0.0058321806106631175
0.8618629048212503,8.03161582665123,3.909459274713376,1.4683442866976508,186.5009220777442,73.19883627909442,0.007740081609470884,9797,4138.285631782608,4138.265947553682,0.019684228926144822
0.9270338802755991,1.1746112105639388,3.0356171321578334,1.2943597189705816,384.14172310495945,36.78608287589736,0.009337334038349769,7020,2511.9186683534163,2511.902136566545,0.016531786871163766
0.32701691815602546,3.943060916464919,1.0400123732759963,1.4957383917622475,453.2371522846665,48.556125561126905,0.0018223237976449241,2469,1652.3625547455765,1652.3585055220465,0.004049223530001334
0.7795377358716505,6.65162861808617,2.893872805234242,1.2812814338698315,112.72602817865781,82.6049992234139,0.004726212476402848,2695,1377.0593203806072,1377.0482625371208,0.011057843486519999
0.514485547546726,3.476711905961281,2.1055831504472056,0.8240541204518028,376.03527736051575,71.50095599622573,0.009274687901849495,2306,733.3879830572546,733.3748755053891,0.013107551865449056
0.8577986976010554,9.186280255483997,4.064976649199083,1.3789069171528465,281.5339992297545,46.10203929209909,0.002825087484293471,6332,6084.762233530398,6084.75654207772,0.005691452677498819
0.7556416094454519,6.705005156491977,3.911581429235802,0.9992409383575234,100.45366257321449,73.14412802079428,0.009403846154090578,6797,804.6662101639489,804.649940315724,0.016269848224806784
0.7988027018497522,1.6471604558480104,4.597756283176723,1.1122400579651086,343.2166729163261,81.22503383135734,0.005744728639790007,4983,2118.039200479835,2118.027621074919,0.01157940491633797
0.6905456539129644,9.181050299521328,0.5667357309426855,1.0184643411349574,324.26006139791275,67.398846476223,0.0018990377428380013,2735,2264.0401349641274,2264.0368972993156,0.003237664811893549
0.2596858925227362,9.619899923586003,4.140964475703708,0.9879878743467756,282.0388403303522,39.15974660008068,0.005048895850799636,5328,983.8055904205054,983.7986487873966,0.00694163310879839
0.5905242270072445,1.6994117655255294,4.7230792390610095,1.1019839925688497,466.91204205184613,20.019623240959447,0.003936350759203597,4359,2150.4429366546983,2150.437730448851,0.005206205847002675
0.9862027655720574,5.791242113751834,4.051852020986676,1.0651260139084717,284.4858632468074,84.2279285590625,0.003539837444966275,9876,3133.0079079794664,3133.000961899486,0.006946079980390054
0.9436492598474071,3.730278539927534,1.0858750694166501,1.2433370072898127,495.7318019525956,85.81068442529316,0.0058732801807031545,7327,3482.8688967918365,3482.855328028662,0.013568763174684095
0.1388563622173105,4.535551688332621,0.8657559717839949,1.3692058406912575,279.15296623164994,75.80836011154896,0.005352334216766831,7941,392.5171957918071,392.5043117688385,0.012884022968659509
0.24833333415649342,2.616860961598077,0.5938035791346536,1.0079620572310686,102.13341723561541,26.126474509409103,0.005337704436580828,1304,82.74119746476845,82.73441160371598,0.006785861052470621
0.21855589610910572,6.202648918111713,3.3293535162263197,0.9496048069754123,261.7120629837637,66.81778300064369,0.0017932755799280379,3397,491.6530421525087,491.6502014072924,0.0028407452163045615
0.753381918986766,9.621814179240015,3.333526933369493,1.2668266896092397,132.04794314978207,85.68165370172858,0.00822086362924423,7067,2068.3982210146537,2068.3788833669505,0.019337647703332198
0.8360067968712506,5.527653402444481,4.941111713981956,1.2692240460815472,318.71006834784225,51.17346560865325,0.0053329538382021575,3526,4493.43661089391,4493.426378395516,0.01023249839424827
0.29216022967960475,1.7462312325503304,2.291194283468431,1.4307918675003202,361.9094788371205,35.840058737620325,0.008388152458316868,8159,873.9500392528446,873.9337361360795,0.016303116765169157
0.5552674236566462,6.580012001296676,1.9935782820387353,0.8111619805173176,260.79587541819217,67.01018377931766,0.008421351773958554,1186,816.9338244916876,816.9224158917848,0.011408599902758679
0.85663272521008,4.062006950061313,3.309912172329766,1.397128463481557,93.9663354574167,86.10453018407023,0.003854217923632389,2564,1158.3077234942516,1158.297702067599,0.0100214266525749
0.7595213902896255,8.70332670632168,4.215239026284173,1.1647015210638498,260.8886293625988,23.909596696565245,0.0010391167342685113,7813,3472.473440156764,3472.471940527437,0.00149962932701673
0.5880134849426635,4.912103334848232,4.715482772853508,1.2349114624204691,86.65439663048018,67.75609737285886,0.009201211097123067,2909,748.1316172509585,748.1125556606687,0.019061590289739864
0.6313129214128956,2.7355564804802106,4.114058747805673,0.8639600083929904,356.95667997794027,71.45390362714735,0.007846252237776163,9469,1152.1738893876668,1152.162266787894,0.011622599772764511
0.557524492224652,2.7199506042203048,2.4200329127711213,1.102830453010432,405.6657011892894,68.18936314786237,0.00196526761141124,2482,1413.880115508274,1413.8764702443887,0.003645263885285517
0.3677936061869385,7.918877626490444,3.3571140589042887,0.9591116850669666,483.0711472521676,72.00269473896388,0.007315543306027913,8904,1842.9401393926773,1842.928070955927,0.012068436750256924
0.6085197935731145,3.3902883847662393,4.3533469702225265,0.9779575210577564,116.96094820780539,70.51002460833236,0.0011802094180199255,5882,527.1110095796507,527.1090415620233,0.0019680176273984508
0.7199967718450816,7.9051005474330065,2.7077435974028274,1.1528665802732192,289.5891509899869,30.432310798427924,0.0012498316229862863,7978,2941.0540139133673,2941.0521345284064,0.0018793849610544379
0.885990624274727,2.8529857968993944,1.4750898966742672,1.3687191652821786,305.39181539093835,38.794942155913226,0.005732409156380583,2924,2193.8767209835414,2193.865831051496,0.010889932045106548
0.6726622185813232,3.8951773183117844,1.2637554788654284,1.3206466511013992,465.11444020144086,69.51952042312081,0.0018643368631271198,3698,2815.079354586027,2815.075180794661,0.004173791366248873
0.7850093833388422,5.189382751957295,0.5007098506012553,1.2136999713601677,332.2744882684314,21.415452890941662,0.00967902870236427,1271,2186.334947125821,2186.3206839221557,0.014263203665254699
0.2440644714591157,9.488762647241057,3.732070977415779,1.1775927349274269,115.47934054039449,70.77956149785956,0.009044481039852363,2323,516.741357060144,516.723167815491,0.018189244652985347
0.515401726977811,9.385582822784421,0.9999374398069573,1.099114230264143,246.35809578343515,73.23092990280256,0.006848308281230964,8751,1593.0528415307028,1593.039802312003,0.01303921869984592
0.10839845784438397,2.8618468788005904,1.5972759486317318,1.4808969814929704,344.6431378278127,39.133980788932675,0.0015733807375448196,3243,365.338737916612,365.3354960742887,0.003241842323298487
0.3220109780694607,4.223971371187655,1.84044349185257,1.1921347879639634,365.1279944311838,67.85062638025117,0.003923517320263586,3952,1013.3484340422077,1013.3405830616509,0.007850980556793462
0.7538155436017043,2.3445944960839507,3.0217093706154574,0.9777764788185556,438.3832993657581,62.727204857901164,0.004345506981154395,1330,1695.4121564871236,1695.4052423147516,0.0069141723720376885
0.9926289562144271,5.5898657138214745,2.2908077478309616,0.9610635544280277,131.22820392997872,40.8553238522491,0.005327918522458297,6871,948.1673087964394,948.1600963442146,0.0072124522248824385
0.1892602896284943,5.145242956251999,3.536032964104228,1.2279471215425992,478.19396603997427,57.03792094998037,0.00252012586605807,4557,1184.6996611728432,1184.6948015067026,0.00485966614057523
0.46134488427515946,9.106841462056591,0.7503739669791623,1.16597926911765,76.61273540701652,92.76996235297452,0.0061976047851747635,8564,473.6694292087547,473.6554991140296,0.013930094725073686
0.8200638718292436,9.370048400119654,1.0577263741899774,0.805388462068299,492.6929605560059,54.12822243679063,0.00492193583118301,2827,2732.9233876177136,2732.917277866579,0.00610975113496457
0.28363207116600897,4.452106519065628,2.7464517658997,1.3810457605370456,435.99519178988385,70.38753415036014,0.009525672670535728,8949,1697.8699937752026,1697.8475786308159,0.022415144386754245
0.5995764543720576,5.425641487170905,2.016341545310734,1.2928856479627042,347.12275224297707,22.828065683255538,0.009425757066626973,8184,2589.041819426506,2589.0268510751343,0.01496835137179405
0.7597641664267073,9.066126242315198,1.8311601323811186,1.2632805027746725,380.74797511898976,26.224009065767902,0.006089265598059752,8872,5030.778520796018,5030.768811076593,0.009709719424382953
0.6543869052341611,8.260370269705554,0.8016263556688523,0.8481464603883613,82.7114026634584,26.504645864265477,0.006799144023914818,3173,352.8373645066847,352.83006940130207,0.007295105382663788
0.26922226115387454,1.0329068021018435,4.530736286366007,1.053439095120744,68.66593830250358,82.25926109011564,0.002240168209963682,4709,114.1423520118153,114.13805091055761,0.00430110125769574
0.41984611181716547,3.8805360776522426,3.613183637562728,1.4547675825129502,95.79460844811449,48.02055158427621,0.0030099091495615444,1129,637.8525413174748,637.8460599145583,0.006481402916467886
0.8054126060368575,4.795968177425133,1.0472817056884223,1.4038124689389546,89.311916598862,38.20893506926507,0.009106438637817188,6887,828.3421209766809,828.3244527166731,0.017668260007738672
0.598803862718815,3.0674465531490855,0.7927068098171328,0.9998800565086734,296.3215550612458,79.78596547613782,0.007292493306061616,2558,684.7886017757234,684.7754924687904,0.013109306932924296
0.10470665218862146,2.796144543063449,4.8869264004405935,0.9099412188693972,146.94979420030512,33.59680500449396,0.002704871775547698,4200,97.88572578418837,97.88243760033401,0.0032881838543533507
0.7848916840252845,1.340060559361117,3.565276476977772,1.114361570018004,437.0925367430269,39.71940200562245,0.006131892754659006,4724,2089.8071381406025,2089.7975909103798,0.009547230222558309
0.13178021944621518,6.790327525627845,2.3785523199218366,1.0490812650673627,250.58688038063246,54.47451546160167,0.009412851254405042,4533,333.2444921264595,333.2292380061,0.01525412035948139
0.771160404458109,3.362592614348491,3.657789683401032,1.2775584636941937,362.9797144062237,46.51504552116906,0.004106539955457133,6065,3207.380225006859,3207.3725383222745,0.007686684584137222
0.2822325041487137,1.4711246058818177,3.9034930391607157,1.4765043670590237,343.7928918365719,66.83137688293155,0.0026723833796717675,5693,1136.903182186551,1136.896599377888,0.00658280866311232
0.9622661321074422,3.078813794752573,4.009829910749507,1.054101014987793,193.93386751836954,47.02724952598781,0.009478227492181886,9806,1469.8763776665965,1469.8616881605408,0.014689506055751162
0.431146676171876,8.21722557552514,2.6504478754387595,0.8435569208565694,159.42540808657807,51.43613086871135,0.005151388242628893,6262,531.5612602174427,531.5546795767248,0.006580640717989583
0.3942384547042712,8.663402634818919,2.434472411561816,1.4283298058396696,204.10532838348584,89.03092865995887,0.0047551779879648984,2864,1821.8525114013105,1821.8396724916126,0.012838909697786222
0.23399924529920021,5.347596206739724,0.5496263792100515,0.8265648111679096,408.49626823242687,90.76251517024019,0.003408104798134752,1687,385.1323103742636,385.1269365570147,0.005373817248958145
0.3750437939411934,4.744636033678176,4.669507018138271,1.4669361280073332,313.8245817888283,86.2168952650726,0.009024267654524298,8300,2384.386392376846,2384.361740939091,0.024651437755077308
0.8889856856453805,9.800683241516035,3.2148854527502437,1.2652055996063278,164.0923981336289,89.18647461637062,0.008610550902006176,7407,3039.2857552885757,3039.2651450922726,0.020610196303253777
0.9967009038645226,2.805081936292629,1.4141927173548565,1.4591824459093643,418.0308993771936,65.57829354712936,0.004626913594930787,5242,3743.1008047170467,3743.0896256801843,0.011179036862167518
0.4314785774561635,2.9382335456914763,4.638215387396465,0.9397617806542848,74.64172374963803,71.69865718011071,0.0012755195190737097,6959,215.4995183845977,215.4974602594168,0.0020581251808895772
0.5037495678590883,3.6268045933275976,4.617193557966334,0.8284898566776654,364.6325187456329,64.57385332439524,0.005019862874555256,7023,1039.4060033120734,1039.3991588410795,0.0068444709938282125
0.7498638443824633,2.554815864529786,4.9513287396474315,1.1417469847935442,247.5953625871899,82.8470467242336,0.00262772214922048,7198,1816.698698739466,1816.6932129736322,0.005485765833809516
0.8975762024185671,4.414290383837679,4.433254534125405,1.1154363901990876,379.08067372964973,64.08003886091554,0.0022846066313399306,2617,3745.5521838462223,3745.548002539832,0.004181306390178994
0.6337399007681057,9.197508042907785,4.9900297451902915,1.032044591278418,467.35757610954204,28.886157164062443,0.004537842507058813,7080,4475.740308973445,4475.734272904994,0.006036068450738957
0.4523731283600464,6.538130565657169,1.6010878465547267,1.4703595320720884,387.51534407610677,84.76640963654879,0.0018916924361016448,2899,3084.7232852617744,3084.718146043206,0.0051392185683432805
0.4713596567637614,4.707518937510373,4.290123133396554,1.3758086125130025,248.88440989012207,80.84681365420292,0.009617180562384985,3034,1998.0210701299645,1997.9971415649416,0.02392856502301603
0.7260563318471261,9.409697151140932,4.20362738958094,1.2631074149629153,117.93905668124634,85.62404762261002,0.0014278526360315363,7322,1859.831145150432,1859.8277973627216,0.00334778771018611
0.10289643724385082,1.4361780922824008,1.5392316164933018,0.9140008041464794,412.85793911244514,35.23435707118095,0.004612326646588545,8529,105.60010654922725,105.59440551464954,0.005701034577718304
0.6576304037138566,2.8924856011167526,0.9429689705044585,1.3140263857529673,257.3174871146172,41.729364217197364,0.0024643243182852544,8375,1120.670599961114,1120.6660104990156,0.0045894620985210705
0.41994370939722164,6.092997445915831,4.907392311549199,1.3089087182898067,83.8905455557084,43.6601357810824,0.007199301893758806,4973,663.9566845006201,663.9431470770231,0.013537423596964944
0.8147775981493759,6.539973608738612,1.8321104818427467,1.0975477215312053,373.5749289995897,60.64644289485389,0.0017093030429310558,1725,3069.712025998224,3069.7090122040295,0.0030137941942972404
0.18369157584081894,1.3560175590635182,4.419013057105127,1.4473501367998096,181.33338466246536,30.710166733076782,0.005921250167877709,4503,402.977301670604,402.9660996495342,0.01120202106979088
0.6293820402535515,4.6273488211641896,0.5185721960357175,0.9168845175603073,71.99970327733335,50.830540261989384,0.007957913456817439,9031,196.0477342932176,196.03672896148905,0.011005331728527704
0.5328756008975114,6.842385683477855,0.5946116324882099,0.987136293688165,456.23795673833496,34.572652886322366,0.009550538515440738,3340,1761.863427262329,1761.8507401789507,0.012687083378347272
0.6780929733147046,7.282634917630615,2.5964208891336575,0.8442570374754436,267.3954914422595,41.18101704261892,0.007286748066724714,7539,1276.7653751421299,1276.7566898436103,0.00868529851958692
0.1583682350346715,6.743259122646424,1.574216077707786,1.3568156707243113,176.4324739278597,76.51101076467418,0.0018954258187112516,4041,427.8429940397823,427.8384546294182,0.004539410364087581
0.6219854086853182,3.885069019248321,3.604285775461839,1.2352315702667782,372.3739510482102,88.38489250538248,0.0017966849474272694,8100,2646.6794557879352,2646.67527492063,0.004180867305432854
0.6053361291635714,1.8416811123811856,3.0450394650557944,1.0204582139768748,448.6560699571537,21.83246932777471,0.007584382436842594,2559,1382.0414373786348,1382.0320080994134,0.009429279221492476
0.6045940849745538,4.844012017774007,0.8486860885272115,0.9146695645160208,50.13818376518997,65.27175706840003,0.002937964645031218,1400,144.3751542698699,144.3707129767423,0.004441293127607466
0.6431388999368094,2.158789936312499,1.2318273334207268,0.8281034390201183,359.5334832689692,22.88478096498137,0.005025153777699239,5210,537.6457258958544,537.6406122335547,0.005113662299647639
0.708821143503726,9.528612926686003,2.2462217152628643,0.9167218980381556,395.15526230828965,26.819939600924023,0.00978958991216223,4331,2771.636327896854,2771.6249466551353,0.011381241718506732
0.8244900997126928,5.276537794203654,1.3352182877994492,1.1172992524363607,144.46734227577184,76.40672276912872,0.008379161185634882,5971,983.1465592507448,983.1300439995043,0.016515251240419603
0.34283864811539294,3.855332569211808,4.065000562597679,0.9730238783074243,270.3307241345785,78.84864852016933,0.008619340215701807,2249,695.0003121410317,694.9853124199309,0.014999721100788246
0.8425444691620558,7.896736640070101,2.3723160599897604,0.9812875242023767,90.17865451307111,85.1184538538239,0.00874692914255271,9805,751.3264969449987,751.3106077607864,0.015889184212239733
0.5484301140371083,5.481537333240375,0.9204434007912468,1.4129034566674001,386.0374471319064,57.939320941624395,0.006575908061094022,5226,2705.7796246693465,2705.7649503324087,0.014674336937701257
0.16935245122089806,3.7903062161120507,2.679543060224562,1.1605963714227705,431.3552083535086,88.78459856129506,0.007695405314762306,7407,636.6410168850252,636.6241560426602,0.016860842365112767
0.15269583631958128,8.307709681517215,0.9087718147763637,1.3104763811898903,98.68399579609726,33.34706333132995,0.0042306482317085855,6643,238.51238455329457,238.5049915726345,0.007392980660055586
0.4008144868264547,8.804369359010098,1.0802178743891773,0.8249976643197002,417.4071140447756,39.97731309080021,0.009986016039155658,2954,1125.5678579930366,1125.5563260462125,0.011531946824046032
0.8064072794003209,7.057073496598093,1.5782442441269238,1.0556143489746201,397.2065767180401,30.760171808157708,0.003516599526891806,7977,3082.197375459604,3082.1925214159155,0.004854043688248962
0.7369128412668242,1.4226798016690057,4.367874673613704,1.1354185431768093,206.11099416690377,83.80298084655013,0.006310066629731676,9540,1133.846969314922,1133.8338006278361,0.013168687085962473
0.8097534682051658,6.096905921498789,4.660756395498374,0.9304917986471293,360.6302884701125,38.29400947092951,0.0035385551048907403,9352,2719.936405653312,2719.9318521895907,0.004553463721304967
0.5655421507974484,7.869654207975534,4.218159781994311,0.8841340790118771,50.02165575244029,32.440899420663655,0.0020086394550406584,9305,267.3073457534907,267.3049937268239,0.002352026666824401
0.4961790981599415,2.22852710875224,2.0033474783803125,1.4092126449498898,469.30894450969936,69.84885500704449,0.00610827233359309,7161,1956.9800265926856,1956.9654062501877,0.014620342497958957
0.23270727403565555,3.0580367624614304,1.7260089849897424,1.4576021389698577,297.6724558887678,26.166562108853952,0.004180138037795258,8271,704.0875562809222,704.0798689798664,0.007687301055690792
0.39537347824838043,8.942455945613228,2.9712006085560763,0.8551646886317852,329.15248882789973,23.592022177613803,0.00624897340771049,6461,1133.8400728846887,1133.8334682488871,0.006604635801550622
0.49061742955648774,1.1810954966776663,3.7483392223990055,1.0443130987797102,349.09673609259437,28.537411884196715,0.006028106289984936,2628,920.7699727989706,920.7618810727944,0.008091726176207908
0.17974038671165551,7.774544240433784,4.9701775467207865,1.4707999397011315,302.616057748265,20.01927071897341,0.005880310562292055,8980,1499.6096049887021,1499.5992248095192,0.010380179182847005
0.29855075744009013,5.263959632629806,1.092068203455168,0.8582132131927255,435.5437493927584,75.75921233774339,0.002109710098418765,5238,608.7352022752032,608.7320200121538,0.003182263049283895
0.6384027646573649,5.020949429556461,0.7218139956071199,1.2505489610151084,324.3658244681948,64.97882573715829,0.0049616269691532145,7596,1859.749989840185,1859.7397533042022,0.010236535982860092
0.7620968028152709,1.0638687924539845,3.6246015004787195,1.4805549596769039,458.49199605821264,36.79000872301791,0.008308035454589127,3498,3591.0724622454813,3591.0556363862215,0.016825859259995402
0.9985127602536547,8.374584078698435,4.245016025767574,1.484756568006962,312.049230005304,38.64039583820767,0.003836291459901723,2995,8668.286028576556,8668.278131676532,0.007896900023801584
0.939801998209202,4.238424105729099,4.308569509398905,1.1298563316326202,127.00508989125497,84.87748787760317,0.004994483547628587,1595,1302.329254478755,1302.3188217517838,0.010432726971192062
0.6783086795816724,5.866890681704886,3.553085970847223,0.9139243754476665,461.1031501276863,60.14560926882403,0.005444484312882413,1939,2460.9184225569293,2460.9104539565546,0.007968600374782794
0.4791232479646648,7.095706177020935,4.793071118536342,0.9414590204842073,356.73237426189957,75.88226856653917,0.008764581813325704,2299,1801.081235860452,1801.066722944543,0.014512915908827041
0.6725596282374094,7.323666187941242,2.7995214359506413,1.4227209765870763,364.6575474960003,56.22043610199324,0.006900397923034171,6414,5025.439885254761,5025.424548562038,0.015336692723699231
0.8070864562722088,9.60382052943465,4.612166592512956,1.4381781030308152,493.46678775722074,39.01744208166338,0.0019018228135358262,4016,11710.636331617729,11710.632529268361,0.0038023493663456027
0.2065025718310486,5.7820595791294815,4.855154616461854,1.2255157507114884,83.83844939431062,97.63222405463254,0.008786538872245193,3869,276.609960875254,276.58867975479274,0.021281120461245022
0.4689144007266594,4.597475958769849,4.312208556513985,1.336323479628938,242.8666731928271,65.25180507003179,0.00848859377933881,7381,1811.9721232143302,1811.953377863963,0.018745350367187785
0.8558220570720555,9.583332638425372,1.8939135346637928,1.3179518760292857,157.59292684397684,30.47855230143299,0.007782813825392579,9987,2688.8040929972626,2688.7907093240565,0.013383673206287479
0.44544965673973963,6.77899211522969,1.3829704302663286,1.263275118592375,333.6919091211457,52.48720337471254,0.005194522164869539,5130,1936.141224246334,1936.131217867392,0.010006378942175913
0.6146850441044679,3.6833532064890004,2.9665402924181827,1.3790938684103573,413.0652576866323,46.34699295575206,0.007817908451372263,8463,3211.262398339044,3211.2466197483195,0.01577859072451705
0.6289924247759784,2.1381782086321404,2.538566376710848,1.2797846361282248,484.8398190015857,37.12699748708171,0.0053086785637848155,3917,2335.946349553802,2335.937033193225,0.009316360576941407
0.2660286278202754,8.582990513186632,4.449912539867299,1.1738016140232495,254.56824812962404,94.67519913922077,0.007629611808944467,5353,1216.100323168146,1216.0828887373978,0.017434430748216097
0.42601189748705953,4.259634425147365,0.9501425198021918,0.9658694538117097,403.7982037891719,90.47359963678021,0.008920991484752828,5365,836.0853783377996,836.0689661549961,0.016412182803480217
0.40106015986773896,6.944227492279881,1.6598302759018337,1.3207217008830334,462.6732164181708,35.93176932160931,0.009014874266175373,4118,2784.9176086533653,2784.9014244265045,0.016184226860592277
0.12357703767885832,5.237347774293083,3.8830952503341885,1.131406507486792,357.4964446411481,48.17183112444134,0.005091207167687092,7749,515.7865028336877,515.7779678029461,0.00853503074156839
0.12177258750221973,2.790368018155345,0.9274399023979045,1.0063541788052566,159.22964860239705,80.98523133366572,0.008734084114168265,2741,73.02250861721882,73.00660077181901,0.015907845399812413
0.8485273393081961,6.415179477584186,1.9434398630976508,1.3613623930192427,323.5343679985061,36.680483851217254,0.0019131164245694183,3458,4252.738417289481,4252.734857521789,0.0035597676912356904
0.3457637289755312,1.5461476205561409,2.242199273242924,1.2876995202471198,486.478421517734,67.32518900833955,0.0019163747573810294,7355,1056.6314167763223,1056.6272876677758,0.004129108546475591
0.5662708896149339,4.72008213884073,3.301672084532105,1.45613769418729,494.39922298770443,75.98351536998533,0.0059344025218073205,8063,4761.87118649178,4761.8559792155875,0.015207276192370313
0.36885301622989575,5.9195344569730395,1.2115969057371405,0.9158091480132144,339.0619206725502,72.31778605686131,0.006866601566106421,4337,748.0093731775521,747.9985369795553,0.01083619799676221
0.9466113206038065,4.924422767067211,4.3727202065736925,1.2544324992455453,449.14449104239515,76.51269122204005,0.0023769439838056245,7278,6220.169827811035,6220.164564704263,0.005263106771704015
0.33336708297919637,7.738049577258917,2.513940059598234,0.9709676276617232,140.15721373187125,76.53596712230103,0.005249620403253937,7003,451.6109707704787,451.6019723589155,0.008998411563195197
0.48669113146504156,8.451324590907813,4.6265977034625045,1.4325080897111493,160.73537222849754,97.18447358791427,0.0018492640103433076,1789,2099.417883860835,2099.4126602752317,0.005223585603366472
0.8854572254361417,7.941187666298602,2.605414611352692,0.869649589979631,478.79942579818686,47.71991116162557,0.006418895369979794,7458,3381.609289404719,3381.601043399014,0.008246005705043958
0.8577402101126278,1.349316530306219,1.7376811652333002,1.259313264511414,110.85591897266356,90.28723395006716,0.008695846330775633,9491,465.51958616294246,465.4987481987445,0.020837964197928383
0.2674912760616496,2.7471589340137497,1.138229729094537,1.353760005069621,135.9978971420655,21.744565001208542,0.0076387507841757145,2321,259.04830209078966,259.03571244234666,0.012589648442985395
0.8223789788161394,5.829467583373969,0.5168529262007817,1.048442488255295,239.24686960402326,43.05623706586266,0.004404623971863442,7422,1372.560768628664,1372.5541622989078,0.006606329755994827
0.5123681980641034,9.413398363994212,2.8947086824317605,1.4678966555686666,315.3129294890077,23.892462559930525,0.009944144169734095,5469,4284.577523479115,4284.559438926128,0.018084552987579328
0.5346719848768197,8.514610975469052,0.9822051361711555,1.3955114792102261,321.71774853572225,72.09631679646722,0.006966414788195231,8655,3181.3363593882673,3181.31962868032,0.016730707947463258
0.2201319751743494,8.582810575166215,2.262774936340302,1.0062328097794324,181.38920389950397,28.063229658529565,0.008337235909982312,3109,438.4854197550069,438.47467627414034,0.01074348086654707
0.17254136238141218,3.728873743837074,3.15172292556689,0.8052787649011991,464.2762540776567,87.6565490921637,0.007027276485625595,8022,357.43838757952653,357.42776825205226,0.010619327474259553
0.7551453762763887,4.865031073708323,1.7405865360621513,1.0076600232826427,461.7949584235382,71.72733470322078,0.00990474661978414,3385,2338.968780369233,2338.9516409213124,0.01713944792080594
0.5468150371197698,5.236353525843437,1.2885093156475187,0.9969173293295198,226.4306238735676,22.305232084288455,0.008392237904959958,4446,802.9173164517941,802.9070839467294,0.010232505064751134
0.4931656323536616,2.416344250149194,3.9862473017420372,1.4229752252506362,245.4312962436337,77.18218923476984,0.005674808961058966,6085,1569.1959545842751,1569.181646923059,0.014307661216301634
0.756557405787157,1.279613172200107,4.760560275267292,1.4769848247783233,366.1237025707603,88.96279578055689,0.0043019160655383085,8436,3649.830007136491,3649.8180006960265,0.012006440464667268
0.7889616090919988,9.522126095144651,0.951981880378847,0.8493079901791822,348.34815337950533,72.88968061297196,0.007139393462339582,1618,2076.43835621676,2076.427872975056,0.010483241704318028
0.24301735090241822,3.1664132709715607,1.2001564597325354,1.1299063799733218,222.03365673243306,22.441937274802576,0.006311996279263081,5890,300.81121459159726,300.8024820756492,0.008732515948064849
0.6492026345298771,3.1595401335126816,4.820056957637234,1.183832398970857,236.40991318445154,88.63356387683253,0.006664155319247908,2703,1716.3708457504245,1716.3559639902307,0.014881760193623927
0.22181867404991698,1.7504114839188358,0.6700289981551082,0.8650381629307924,206.61752453969254,78.5971130347228,0.004087105896553813,8753,83.01627385144754,83.00995954591471,0.006314305532823159
0.7762375774261412,9.356569767494006,4.899345514477125,1.064248396396266,155.92325312898853,50.276104998718736,0.0048585557851349905,3419,1954.2872186623604,1954.2794483204664,0.007770341894037677
0.6912596406404256,6.217634034457948,0.5209001738824495,1.0219576921750655,256.16226331586284,46.29042066524021,0.006022869174015849,9699,1246.208652327476,1246.19964798022,0.009004347255906039
0.9609531589751122,7.003331714128185,4.431508950430991,1.1752394480289612,358.8953593561432,58.38561451259521,0.008553550617296589,7371,5446.9597932668285,5446.943871600277,0.015921666551335537
0.16206221472077906,9.204191985367473,1.882963314444873,1.2628336298123566,383.88501739143186,89.36814007502967,0.007866180259866129,2417,1100.0255368118135,1100.0067255924937,0.018811219319766107
0.1513492490361289,4.110581520107106,4.723649861797835,1.2924395773475967,400.4931417151832,40.1647481495646,0.0020679028345251134,7158,894.4713605278102,894.4676144294345,0.0037460983756932103
0.35396836722388014,6.593565800242757,1.9262537988601345,0.8957285165293714,218.62940605390466,28.07710489929609,0.0032099882501745265,8148,529.0043596207154,529.000677047878,0.0036825728373758118
0.3355351153623154,1.3491950925599872,3.444378446903252,1.369063391361235,394.08619742823817,89.170909836884,0.001239919524397247,3860,1188.055928084213,1188.052716854239,0.003211229974042326
0.32228091916479984,2.680952754080164,0.860146563946715,1.2749794208535312,52.932342061343874,22.103187910457834,0.0010716451116903228,3385,98.19910735338378,98.19743902643518,0.0016683269486096176
0.915629122468933,8.481212245809482,1.5904841515418255,1.4223524417227038,264.672471972597,92.87976177952517,0.003019379223522176,1925,4937.944116683338,4937.935833227791,0.008283455546991895
0.3245915798645555,7.9009152070450215,3.9815570591566285,1.114535241604804,407.2569800597109,44.459615544112054,0.008193888532083967,7221,1951.2060899380824,1951.1928973406057,0.013192597476793102
0.3447547535157679,4.155784223114322,2.8790863415546886,1.4257228339055341,333.520124288609,60.65781613506141,0.009142728923569484,1228,1644.2360273234406,1644.2150855812997,0.02094174214090634
0.7834584361761674,4.391295649967912,4.675860778041701,1.4060418856492527,263.32840586952847,30.583641980178243,0.0045259152930873835,2768,3698.1308393058985,3698.122529450688,0.008309855210433844
0.504765858205486,5.801989901982215,2.4293813375360944,1.1068865326514887,340.0889029728571,92.18039755013481,0.006068787369460108,7591,1731.2670668601795,1731.2541572207513,0.012909639428342381
0.7990395012596632,1.0021690421662108,4.414155646162654,1.0668003207050851,458.1257014168988,79.98689787075237,0.0073544734175984275,5542,2256.4545503313043,2256.4404290009843,0.014121330320011637
0.15882954180794673,3.1711990243422505,2.5202994686520688,1.4529684104791798,304.8718102745933,93.93244692864273,0.009576430293265539,7575,581.8454787969011,581.8184945500444,0.02698424685676009
0.5388140743060459,2.87408627747393,4.906617254158934,1.3006153141769063,409.9037861570478,74.658324089453,0.009216390135676886,8336,2906.9702240369766,2906.9492877818275,0.020936255149060546
0.13025224016495437,3.254346520747871,4.819254716294946,1.449771742506653,491.3342263513389,34.77550213938609,0.0015147307304324193,5893,1086.0003363908113,1085.997376702171,0.0029596886401346383
0.15638788310981908,8.253152582800972,1.9811151750023615,1.3578823452270692,367.50569093400503,44.661360238899945,0.0032334925888835276,8426,1084.5529796703524,1084.546628020392,0.006351649960351727
0.9157937080099698,3.5170647089179887,4.486656516875614,1.2265082075039901,307.9965937500786,58.94788600827787,0.001442300895596594,3596,3396.0712986529606,3396.0684868745752,0.0028117783856345417
0.22532083400583566,2.7236918984513334,4.314251183970422,0.8810969439026352,66.86867620640312,68.58065642881655,0.006548881788901463,8221,82.33197437390423,82.32224693332184,0.009727440582392426
0.5791786140476954,5.538371147137283,1.4480617879740327,1.004036470805369,218.5150542145644,94.1167549869019,0.007394439848253752,9660,891.3645806308848,891.3501688453189,0.014411785565968798
0.4699860423406359,8.790805327354587,3.3093068035247137,1.478189684968874,304.44923008180325,50.71611726313112,0.0037745507112086035,7115,3783.1236438966152,3783.1152346879485,0.008409208666544564
0.41260899363295844,3.172147334537499,0.8270704201541669,1.0235954690999431,408.74295726771464,76.24576175257167,0.008684667173198931,2123,706.6923056063094,706.6766380878015,0.01566751850793838
0.9098500111185452,1.7068261851351882,4.265198242625577,0.8652784088497596,247.14715534140933,96.88070791286574,0.00507531475370348,2620,1005.4545988323835,1005.4459526974266,0.00864613495684842
0.11964105709794055,4.207642622646983,1.2854564757657343,1.295287349143524,482.02622409414806,32.18992507323624,0.009985433635873115,4974,531.5138184307398,531.4967209780789,0.017097452660931513
0.6974107175580302,7.7288664210848,0.8186661562359403,1.313802978180579,172.3071886806537,89.01676710236386,0.0010035972333039243,8943,1772.9393248884735,1772.93683264752,0.002492240953388866
0.9670549907921954,5.956214902253151,2.3009859299246505,0.9998204042010056,385.0552378446424,53.656485631455894,0.00198540737576701,4029,3073.6292161784636,3073.6261660191585,0.003050159304874387
0.6041513651156578,8.351140326169126,3.0961496236983956,1.0083703855424127,238.56413768785737,78.59374207434695,0.0037161391864180635,2470,1677.6273611959086,1677.6206688513669,0.0066923445418022205
0.9431402158297827,9.636329328483106,4.347126313518969,1.1282250898561488,268.69482255465766,43.48306709896669,0.0012295683815834184,9284,4510.677418245386,4510.675427805381,0.0019904400050718943
0.1470320913574214,8.133962290764554,4.884091364847814,0.8152522648335789,411.12591523944815,46.71873746128013,0.008041055119644258,2276,523.0281449355358,523.0185268057239,0.009618129811880654
0.47691398716674527,6.434227709593781,2.4777163065643864,1.3525261072528145,183.29686774326748,22.17065798944529,0.001474946090841585,4110,1425.1468246941351,1425.144387507898,0.0024371862369902625
0.3341420118658461,5.440074292471424,0.772011153433716,1.021962151091888,93.5654254678144,97.71233225335676,0.007740816699644446,5641,202.85560440030835,202.8399637302534,0.015640670054957895
0.7577388684826568,1.3606217771344,3.871020105616418,1.3976341714013842,284.1150130760422,85.07620601846276,0.0014731161291059447,4429,2200.085349718404,2200.0815392261507,0.0038104922534122716
0.983167381447522,9.858897809326372,3.0432796530077186,1.3618412951200236,287.9575753116869,27.513436634097637,0.003274545381877411,8176,6774.423509317327,6774.41782296895,0.005686348377581776
0.33087705619982305,4.4513301031753825,2.5155110518000843,1.2629814231831482,408.72549750141815,99.96070365310196,0.008571491340926768,9379,1502.9151893802596,1502.8935423656733,0.021647014586310204
0.688757141326667,2.3700539252518014,1.8917099545648535,1.027412406969502,485.7436428044458,68.40196777623531,0.00955985764813952,7788,1505.071074324483,1505.0545340240653,0.016540300417784346
0.2782878694837661,7.000379698568111,2.7607933752959104,1.1614215931628191,74.88530884775678,88.29829103715065,0.00473073708394461,7282,274.4031429296452,274.39279710562386,0.010345824021320603
0.6087972291144489,3.558594601859134,2.0240582200566393,1.1113804803185714,316.260263184399,25.33286106222952,0.009729450678812963,6375,1327.663079768754,1327.6495273741218,0.013552394632132347
0.5175392380195026,6.272004438379429,3.9065534048631214,1.037217320374072,356.57533864166,51.156094279353894,0.006641928313826884,3226,2020.7965564929302,2020.7861431635406,0.01041332938959182
0.9748047966683834,6.280911170601321,2.947521634216885,1.3936954025122248,493.6106078368348,73.57208978428879,0.004742516101896383,2280,8625.145073537778,8625.133601077207,0.01147246057278672
0.6476745454268199,5.011568388125823,4.445814983693504,1.1384549522043657,474.1655964246102,28.514697495976122,0.008225212095711252,5313,3764.3582920752515,3764.346257915998,0.012034159253070966
0.4145557348781369,8.525067539905384,2.9459476159224893,1.3829061684580026,370.6028441203899,59.112227092320055,0.003657956681261811,5093,3370.38872818931,3370.380679320913,0.008048868396844152
0.20268620639914003,3.384703553998987,1.5721808600296852,0.8736529318992771,284.80523506000964,55.41422996353133,0.003392166352241966,2340,218.40772248017734,218.40311666123458,0.004605818942757505
0.23612214586144112,5.037693324559608,4.32991347004465,0.8987173520202351,122.68576503466757,37.28321795788638,0.006908929092199669,9782,219.19098751173928,219.1824633572333,0.008524154505985525
0.3027852369561116,5.839229157318743,3.0074857021851975,1.4841242135790838,222.87944984198782,44.021586868144176,0.004514386257712855,9870,1315.0141957099127,1315.0045463932775,0.009649316635236913
0.3258699952062682,6.9726224869056965,1.4307846716460255,1.2114379238242627,313.30504627571946,97.36946835959859,0.0022232622425048163,9807,1259.1322108083477,1259.1268949692287,0.0053158391191147755
0.8655544520570241,8.055746654550305,3.3057851448029996,1.1568387714493342,376.34017846808916,43.09187888079488,0.0016026781176091793,8983,4952.879627197297,4952.876974216361,0.002652980935354442
0.6051005094542724,4.5532655459043045,2.109725442240924,1.1662092442008782,335.9298008656005,37.074090717472885,0.008090583186236297,3007,1842.0494533223928,1842.036519953025,0.012933369367813473
0.5710518202369298,6.814422496869364,4.299825255314296,0.9506881418230019,371.35526082248356,62.89673368546667,0.007083196586221102,5170,2130.2156189341026,2130.2046496130333,0.01096932106946176
0.20329198468229573,2.355498577616672,2.5398488239094426,1.3030927646513812,243.11862704835397,73.67664272562382,0.00470618402145943,9527,410.85060714143617,410.8399562574615,0.010650883974687634
0.8741257240144915,9.393832904882307,3.7689861114833754,0.8593464366108281,377.43228075695407,78.0074488855652,0.00906604871653951,9995,3207.009831586738,3206.995963245952,0.013868340785969983
0.7505328728876354,4.447529257789032,0.9299129343630672,1.2013265991721163,114.68356520887365,80.3397747597533,0.004697710771983396,9554,667.998454751467,667.9882773034996,0.010177447967361575
0.16090152571000144,7.565692797787946,2.282109558360558,1.199538157610131,123.1638402934011,22.946599321180248,0.007392659243188452,7333,280.8197862787912,280.80888364872067,0.010902630070515677
0.7370515875067918,1.1830697369395988,4.924586464125794,1.4399318968934578,123.27446562325827,51.50083203036506,0.009182037476865636,8639,1150.6336269701285,1150.6135962745298,0.020030695598702696
0.5891843956083814,2.846684286143263,4.138071302647168,1.1683279670734024,450.88923066609925,81.91664638264722,0.008566439128375992,3021,2532.8238090664277,2532.80560210185,0.018206964577564856
0.17355281117210045,5.383742898912202,1.219733610651179,0.8959438871819257,84.21532848888552,92.38816814401035,0.005599942987056211,7213,77.48384506963819,77.4741925037308,0.009652565907383344
0.5124705773757908,8.904272209591118,1.7499382226476479,1.2009272814737137,410.6787677300641,68.17600986662266,0.007125727532020595,3569,3233.9091194949833,3233.894727865576,0.014391629407346146
0.5362266584170423,5.745296349556094,1.9841711398536248,0.8639293510557327,155.1069041210317,24.184548280774855,0.004722991990546322,8381,479.8330406844076,479.8279735432834,0.005067141124196937
0.2491970861469482,9.368834340644911,3.4266450222295055,0.9426556847099452,260.7934732228628,51.7316644684105,0.006824774550647027,3075,738.9382670561297,738.9285055322204,0.00976152390938364
0.9511283323002541,5.354172069245167,3.90647641770345,0.8217760089311913,462.1804679595551,25.938169269476372,0.0033179719451085633,7054,2749.1571446952507,2749.15371082767,0.003433867580835545
0.8649778343325958,5.414041870623549,3.872869739635594,1.1593055077216488,313.67175335937804,79.88302901476676,0.00491267902392598,8997,3386.4823331805883,3386.4720883099017,0.010244870686522986
0.7021201035961975,2.0777210965047868,2.7944332533788128,0.8591728307055007,144.55295880456137,25.080437542533218,0.0028859116384165515,5458,365.02633001920594,365.0232286536702,0.0031013655357810307
0.5160660049005465,8.223906197369978,4.14869242027168,1.1285760649719303,177.84052714346322,34.85848533881418,0.0013436645741159324,3085,1446.3027020252819,1446.3006569938846,0.0020450313974020016
0.47058898742605765,3.2226887122035626,2.466851372408638,1.4530615247269008,464.2009807531036,53.356673917181936,0.0062968586551783515,3711,2624.1901670017633,2624.176135290839,0.014031710924452009
0.6858761204358588,9.096512404350836,1.0574625438300287,1.3038329891135325,242.21476629949026,57.01186936918976,0.00877986410815718,7847,2867.669112024091,2867.6511381272994,0.017973896791958675
0.590888682466215,9.197417982973565,3.03998828744216,0.8541881719577051,314.14346735305526,52.51853602520099,0.0012302044716087236,4704,1657.4125003338374,1657.4108976292403,0.0016027045972172506
0.15604579529369705,9.489791006867348,4.78535623070498,0.9569468685461903,256.96948848142495,57.07173172848,0.0027642676665636636,6802,524.1955392976828,524.1913843462529,0.0041549514299012375
0.5612523838932986,5.68207440192781,4.068471431266301,1.271563693925404,220.2971396218023,77.05913216161599,0.00514166553343378,6229,1949.2825846029796,1949.2710085562085,0.01157604677120718
0.8257632555095555,7.093844063052799,3.104152914615091,1.4262913027169286,150.47560711958087,49.54150583644332,0.0069930713515802805,1143,2577.8373855914583,2577.8224700871133,0.014915504345044564
0.5133158898372623,8.006642920554972,3.410625471570936,0.8230430107347677,358.7861752180709,63.82003673204953,0.002541062743028978,4268,1424.3893770640125,1424.3859509253252,0.0034261386871418166
0.14676091979884157,2.1791315678541903,4.687529121660077,1.3687157922044157,373.2089118224542,44.26954060229858,0.0015102534607356185,3185,704.5898988435991,704.5869166367272,0.0029822068719056005
0.8076503794456298,6.408614754977475,2.427542574957322,1.1932697162368162,173.69829122332976,48.29019960723861,0.005671438459542003,3537,1765.0706543193319,1765.060618697385,0.0100356219469218
0.28122740392237694,1.308681111729805,1.9912736252418681,1.182263927707475,405.05487937467365,69.10391672336647,0.00836838741751578,7745,525.4388680049118,525.4221374678078,0.016730537103996343
0.3327587513992349,5.478094750498533,4.89758704250202,1.4704692279273506,434.5408401357558,59.2395721309616,0.0013171141838149417,6697,3244.061089405379,3244.0580052917594,0.0030841136196171656
0.2482357180890663,2.3935841345820466,4.3854941007965005,1.3233512288177411,464.3037933078337,77.84290358874249,0.004144325053231234,1301,1368.3288848592044,1368.319131247176,0.0097536120283383
0.3971935583843478,2.6463063336587624,1.9536961307837108,1.3950832076392783,122.54558626326647,64.84308704413998,0.006971632685140018,3165,435.786864158769,435.7708315074485,0.016032651320480377
0.7810763551197716,4.285428100233414,2.587012688124153,1.0477968986812667,186.76565762596988,84.28592683070983,0.002176678054922203,2760,1100.670672572198,1100.6664695326294,0.00420303956873999
0.5674472735535436,4.891934500448527,2.367851580535096,1.1880548285798869,437.15900637666306,55.47265703957733,0.0031235209920348114,6286,2541.924932348898,2541.9191628919957,0.005769456902157923
0.2843931467356413,6.608551820789685,1.1709305540214525,1.2307839741994395,139.3430912725523,59.282689589344116,0.005819433794076395,3654,467.01361694146874,467.0022083732177,0.011408568251041359
0.8900470703368368,1.6698557659466409,4.810186957159666,1.0251087582537255,51.56080665957292,73.59770791207517,0.009579085267277963,5867,312.51734434744617,312.5002977396228,0.017046607823393414
0.8916236694563763,5.533225851137002,2.3194059404889145,1.1991736874631798,441.8722896132355,37.69951555296391,0.003586083564193805,6092,4448.9584450744715,4448.952523531185,0.005921543286681972
0.8835205825414062,2.64362617227791,4.438980871870586,0.9656587656357997,196.90224878811622,50.87436295450087,0.005387746790986394,7580,1148.975678696932,1148.967829118859,0.00784957807290108
0.31491659024338536,6.165776575285677,1.3521030245629928,0.9003629697477677,236.5238863125275,69.98729952093663,0.0045993777675797645,1631,453.9498714262882,453.9428320662051,0.007039360083141342
0.5061154097628893,6.736641510350651,2.965418647867489,1.0617791814941329,250.85031157428708,22.31010154125891,0.009076570048270722,9553,1388.6738790192308,1388.662091611772,0.011787407458795607
0.9864906905267876,6.010383308975685,0.6078262330592141,1.317502740122506,431.72357030025285,54.957714690715335,0.0016470087762800408,3074,4892.63274167455,4892.629379187322,0.003362487227181847
0.7948112286789913,7.644659594304769,3.9389921772903884,1.4413310036517213,202.05146506705717,67.90799490448934,0.00609532832206688,5400,3864.564908321952,3864.5501569569983,0.01475136495339953
0.12445067910300384,4.020483198168112,3.1141125421082525,1.1203998360487628,451.5259486354168,97.39004255825583,0.008615077292709498,3770,503.28254614956666,503.2634934089302,0.019052740636499674
0.15868413213444285,7.885959324698178,3.315153125613887,1.2499765817928021,327.6226121216216,90.1613249294137,0.009893058193563327,9960,909.8787124586183,909.8551969360085,0.023515522609789032
0.5175382391310995,4.8949037353737435,0.7327439714959405,0.8721259916825703,287.2790258151579,42.45935623541265,0.007288529477696267,9396,636.4113333664169,636.4022779146462,0.009055451770668547
0.9182981852754042,5.357660484903371,1.4496724859387693,1.4331246309866301,196.5265282073581,60.57680832231398,0.004419419280998721,6110,2523.199402634095,2523.1892323756842,0.01017025841062693
0.5848316181574428,6.832919145349643,0.8344889255911108,1.198022949498954,159.67026332653361,24.513149812807306,0.0047064191728054955,1661,1027.62983706121,1027.6228165140385,0.007020547171639536
0.5480312572308612,1.1652254559930157,1.800114421117153,1.34623677333761,330.8262992498069,39.26035318542457,0.004165139977684876,1678,974.375181380271,974.3673726837793,0.007808696491652431
0.19492632996096754,6.885947992782235,3.3234755345696794,1.3561088406449757,251.10237202545926,81.98846944544721,0.006432517898262582,7363,919.0076749680693,918.9917997601132,0.015875207956094664
0.6911020942518646,6.567266341649038,3.0478369294281884,0.9795363684576742,459.73220446940286,29.865120982027562,0.00765465193646426,1299,2931.1879233052746,2931.1781860055694,0.009737299705346161
0.839892844540203,3.7886240507795192,3.254674197260256,1.1704221172272946,271.23742225132236,40.615241986716526,0.00837520807230038,1257,2198.048809093932,2198.0350252443895,0.013783849542598642
0.4423780067568061,1.7721485640954053,2.9716307212005244,1.4723358260926842,280.307712515536,95.52340013886463,0.004749337987148547,3762,1275.179919515244,1275.1662473059448,0.013672209299211821
0.7980506658327947,1.8184190492173702,1.7286295805413672,0.8627441813745795,237.52547651120034,85.90846403939663,0.007450376520331354,1239,500.47484365003453,500.46289388342956,0.011949766604963972
0.9680289885107305,9.309013722867057,1.6002837380499135,1.2781349286206944,405.16834864607824,82.54621701191296,0.009246003328267988,8994,6989.971498018423,6989.949925364021,0.021572654402300624
0.2833898132149202,7.203513891032534,1.1167685759146158,1.4735848546246204,241.17763914917168,89.16459922417255,0.009287423150056349,4300,1234.8629158528938,1234.8370271526485,0.025888700245310665
0.5709966680752672,2.1439235239366634,4.320818937065715,1.0104039756378156,171.20389988738972,79.96845492658832,0.007336261024431783,8323,645.2047085018245,645.1913681829809,0.013340318843617536
0.358424162276118,4.210508523780157,3.2741571134356002,1.4030135449830436,437.9138934320794,29.646897289458796,0.006732119735312826,3265,2312.5143378585217,2312.5020923782463,0.012245480275578242
0.8135689771304554,6.3323469451143675,1.339299556268269,1.4535602817857902,318.5726996143581,61.324906118818504,0.005783734679725061,5290,4201.061270018273,4201.047707422105,0.013562596167632708
0.6198340292930418,8.520145345815838,1.297442209195578,1.3229603465763775,316.1795988960508,55.53951366418576,0.0026487790136391575,6647,3367.5061699981056,3367.500719536425,0.005450461680453487
0.6711241757952734,1.3929483584170768,4.428660206867615,0.9619298186148708,324.8699932237669,44.89212626163041,0.0021126668734487665,8931,1174.4738398151262,1174.4708952633462,0.002944551780129358
0.8181227436543047,3.12969818323008,3.842288886934937,1.0338005031786157,373.47788669255004,86.72323277756844,0.005371399061104423,7706,2276.7502248321116,2276.7398561749237,0.010368657188046528
0.4563734253962094,9.00774091265842,3.4672958595741714,0.8250665060924115,190.88059519065507,57.131136189938694,0.002434997405867134,7683,739.7819487130733,739.7787918938625,0.0031568192108384135
0.9235810615663389,1.0824899516543485,2.330888483926849,1.3820172639717487,65.22996687485129,24.823808108603977,0.006192999331024024,7771,392.7763832098451,392.765699749824,0.010683460021084092
0.579725980521526,2.8125919251449867,1.678890039253329,1.394727830557756,414.76692239465433,41.99724669762146,0.006811324572710964,9600,2100.8655549347377,2100.8520652758984,0.013489658839038509
0.2421593405518132,9.631217583756694,4.907528434007707,1.2428972169763348,108.00727424673684,38.28968464235561,0.005730540377680367,8608,587.4337495509824,587.4238999059645,0.00984964501785219
0.7263092063519222,6.52061661869954,4.0875780876026,1.046769495884696,374.8188817447449,90.99831078490269,0.0013278404126135228,1520,3164.367919715781,3164.365264948437,0.002654767343989872
0.813935215394429,3.355042299737558,1.858006504113244,0.8537677193479444,87.04188422929793,71.79504805111999,0.0015195516292209896,6642,269.21110427231946,269.2088754993498,0.0022287729696518223
0.385085509360774,1.6029198495626285,4.314041583253226,1.3271403269404367,218.88852891282144,64.830101270566,0.0020200706621333695,4884,878.4454430696659,878.4410241110659,0.004418958600001451
0.8714613312988777,1.2537220640249993,3.9151937687660667,1.308568335526946,78.36173142419221,60.5319393342964,0.0023828122448950515,2876,604.4327890873232,604.4277835848231,0.00500550249999505
0.9155289292891898,3.2027057167323454,1.8368624744509927,1.4388217652172306,284.99615583247606,72.00904220331724,0.009908943523924,3741,2722.214294320522,2722.1897706411432,0.024523679378889895
0.34921403864002803,8.933372376300195,2.419487844087379,1.3113724147037535,343.9110977517088,80.39004374216998,0.004100455151768103,4532,2344.75278183639,2344.7430818600724,0.009699976317597472
0.9851693254436998,4.743222888677585,1.33679050425962,1.3800864595708013,127.14491353018474,64.35077646652078,0.003627760362771576,1650,1450.5391710108363,1450.5309425871346,0.008228423701669454
0.22664037524388259,7.483000322493937,0.9997359997014921,1.3221682325327997,217.23242829728093,95.06283321220884,0.0014703997209780616,3158,730.08528861162,730.0814963642591,0.0037922473608007837
0.28181410156224096,9.26456531841962,3.7524291477786353,1.2414810318186216,468.6077709693741,98.14673365203076,0.0067178835161703695,3651,2649.5115256152662,2649.494999930077,0.016525685189335847
0.2658023553142235,4.672364154425349,1.7038033580924,1.0988764759337064,249.07510269835555,99.62738532870584,0.006869717066181527,8462,509.7526042401672,509.7375344277781,0.015069812389152955
0.9045907390070834,2.7214963393365736,4.190267145858141,1.4314821160495945,411.1446060394505,73.55128880709158,0.002579038206207982,8625,5267.541722567342,5267.535315319173,0.006407248168681168
0.6888632970924657,5.654061377712275,4.980239201814918,1.2556780003352288,467.2331352770941,94.60963734047027,0.009273173868321518,9129,5396.771202652889,5396.748542072369,0.02266058052033366
0.2368938549000456,9.17275318353869,0.844789162683419,1.0788487253761363,488.4556212397789,52.35837562463637,0.008204441919356147,8038,1349.1664739834005,1349.1529882077186,0.01348577568179143
0.4962910765315141,8.239369727239305,2.628658062876651,0.8584285066273701,454.2449088611162,88.76739129979083,0.0030728738512675728,9704,1805.4552789931085,1805.4502996066135,0.004979386494985203
0.6537682225628219,1.5924685902683842,4.109281516898614,1.0034933991330675,192.8323981215361,92.73394389917448,0.005372647578248837,2235,723.8478079743721,723.8374168849497,0.010391089422435468
0.17511767649044496,7.233155200698237,4.050279034435551,1.1806087143811153,483.1577987725368,92.33123778658205,0.005125517705789649,1118,1330.6874155665332,1330.6757771593013,0.011638407231998334
0.8941747315666049,6.147077702130584,3.919987212489358,0.9929447590113362,415.5778587857211,86.46770263267052,0.004136683999080887,1259,3688.3212495475227,3688.3135903890675,0.007659158455167345
0.8232431818973817,9.16716858711783,2.070477208858599,0.9548647435425315,426.7290126377695,52.527932931300036,0.008358712415430519,6518,3599.488894045272,3599.476720120147,0.012173925125123828
0.5546860962189745,2.102332751652675,2.5423396505827354,1.169175459861493,56.827842877325644,32.71259855845875,0.001983380370590359,2198,200.13802023353014,200.13494273499504,0.003077498535108757
0.9704139537332535,5.8063250188419095,3.177357608036616,0.9188742421270143,479.40748849323217,46.71650850755567,0.0047378281584501344,8581,3528.817417361563,3528.811030104935,0.006387256627744231
0.47598488134758976,8.91516424160703,4.882732626079657,1.3602870443275725,400.1406007319333,81.38308554384744,0.004852280174942954,7277,4862.737941411467,4862.725969232047,0.011972179419724917
0.985699287132848,4.690214080675687,1.973962719223218,1.1390577059398606,395.585373428555,38.63084090639802,0.005218530441527617,3432,3371.5041039631087,3371.4958634585255,0.008240504583375372
0.7011279989232644,5.337954259595803,4.654147494725859,1.201703941773855,86.68612891786381,58.261765186077795,0.008752149919887658,8229,877.0149208842705,876.998275714104,0.016645170166478342
0.6712041459285474,1.6341460990026246,1.7121061318122235,0.903168287318144,154.65584348299907,65.23196143877377,0.0029635018318135116,1959,283.3503649856595,283.3459424846748,0.00442250098466074
0.24935940576620652,3.5032927640401974,4.950835094631671,1.0272034349405572,483.0177493120546,68.30868499503002,0.001926308561610455,3948,1074.4146666152453,1074.4113362731664,0.00333034207893186
0.8937349824741796,3.920559842520526,3.5161865907241627,1.087062778282807,275.30468366246436,94.85804387030389,0.006560276165389973,1565,2162.307094069576,2162.2931979006134,0.013896168962661742
0.48474071912855365,9.506102038703983,2.585801661613479,1.365748981361552,229.03610820676525,72.91944163314541,0.0025645102748024246,6936,2504.0959111084685,2504.089854644286,0.0060564641827108665
0.24601006520423144,3.5440062448704315,3.260256926286222,1.3391116661603069,427.97336771611117,82.90390528618418,0.0016743887726915778,7658,1284.6525891454994,1284.648488085952,0.004101059547269718
0.11134676797818314,5.147818617426868,1.7263902606809305,0.956084232351377,89.30318635127495,66.55026783133067,0.004839842985139482,3379,62.49038066461205,62.48267388812394,0.0077067764881071
0.6037801152745443,7.041739812078518,1.7337823588015997,1.2313253571249054,237.6239073219767,86.68642550895706,0.0029768178777232687,9636,1908.9260726148716,1908.9192297521301,0.006842862741379378
0.5746596599104087,2.4596503516708967,1.0109954472957223,0.9704194504403983,219.06534848993763,41.093089045581024,0.004250949569811853,7478,411.45260909371547,411.4467887157573,0.005820377958162408
0.7474182601322428,5.37798148427687,1.0132263396742944,1.4917730089831718,207.43312416367675,36.79021373350314,0.0033373997209221176,4539,2205.1167261945156,2205.1099158983557,0.006810296159785242
0.901232247716022,7.646851355283168,2.064522836610101,1.4664867146916094,188.46150964388292,94.10560390063758,0.0018337281645107418,3708,3547.292348521044,3547.287128753506,0.005219767538337684
0.17146592617872658,8.801696917243595,3.9328496505336723,1.1942853043644344,144.53373055553513,75.47847010859027,0.006043124826317815,3335,450.1517298049997,450.13906514623056,0.01266465876916778
0.7583468413063261,6.636333471961841,3.235870254191731,1.2892318003259,127.80986134573499,73.72204616465768,0.0012431657623553712,4044,1590.4101321696578,1590.407347876333,0.002784293324730611
0.268670749687824,7.021481637852531,0.9616305214895937,1.3610012675460514,338.1827526138533,57.38361909027599,0.009697378131949597,8790,1343.5933521669176,1343.5725804503486,0.020771716568922613
0.8723593478414476,2.1365512532611204,4.335064362391599,1.3046988940314328,463.7276785439053,50.13578074348084,0.004071974695614697,2286,4456.485703510163,4456.477727245216,0.007976264947595058
0.8371571624754905,9.511988475217125,3.206154321455299,1.2898800837576947,278.9832403624467,64.4552955582911,0.007256417594408235,2630,4942.069349439552,4942.053956574307,0.015392865244325498
0.58671437948699,2.193166697360341,4.823850095531509,1.4709878055646697,184.08854855598992,29.64530795373337,0.00829326585292705,5027,1639.941495563254,1639.9256797523565,0.015815810897598325
0.7392185187609804,7.972056434636185,3.515834603350434,1.2175192744150982,121.62208897500186,56.37700488664862,0.0035119431598559965,4116,1531.014104154759,1531.0074176953226,0.006686459436373998
0.3829151018653736,3.3833468960048694,1.2882868866688146,1.245411870273339,423.5645142736674,56.42941635723847,0.007738648381990615,6665,1175.2288020276278,1175.2137256662131,0.01507636141472918
0.5240511090395332,9.402338293311264,2.6320251303852,1.3944881253067267,487.17142541294623,63.06692103554121,0.008491787698822388,1263,5974.610786767975,5974.591476877102,0.019309890873403446
0.8394732079394245,7.479635854325316,3.418239188962419,1.2689236075008847,207.11993066053333,70.77484914937618,0.003171855104304522,7444,3051.0019754381506,3050.9951020206017,0.006873417549038164
0.5133386774558926,7.784323416805321,0.6271911547248996,1.3130528354122657,180.92769149845802,96.58546927882897,0.009932452092064656,6575,1346.9637287733958,1346.9380904220732,0.025638351322583536
0.42201843879289763,2.97153255753895,0.5670961886966355,0.9639180803376497,320.67182883872357,72.17353016734054,0.0011861981455788043,8393,444.94815553338225,444.9461869049583,0.0019686284239286652
0.5447912025252699,4.9873597897164474,1.0823135026935555,1.0598868468805496,398.8980414290416,90.69801215627292,0.00295300432211987,5199,1481.7606577751944,1481.7546892126222,0.00596856257215584
0.8454243271934966,6.560318751303578,1.6324899577046184,0.9031109419983252,254.93126159734896,64.50430891753311,0.008020186806492937,6082,1440.178927275658,1440.1670120336883,0.011915241969685993
0.40168724263378547,7.929762563859408,2.4329710558430397,1.154035809634364,333.53291743742716,70.15423061019918,0.002747179225501776,9412,1849.0170383900893,1849.0116439170067,0.005394473082576908
0.25638543382216944,1.9356343832115062,2.6934821319190476,1.1190091804761724,372.44708061048135,25.586956248765567,0.007284338769755859,1333,553.5175119059985,553.5072750093282,0.010236896670338079
0.7408126182977027,9.661287848090755,1.1211242402205355,1.4980139699956199,482.26652953528065,30.661097830753246,0.008699773644846134,1435,8644.58206122958,8644.56503297559,0.017028253990223608
0.8433803914372736,9.011986034991004,3.5302621060212385,1.2278460569708798,124.26679873403754,66.37363481580317,0.009632928453708342,3441,1981.737607374336,1981.7179291113885,0.01967826294744086
0.19057373067118,3.433137314460259,3.1826212776344067,1.3505113762360963,498.82212222141624,51.65702959664234,0.0052682276386024265,7877,1147.0674869707518,1147.0566968743497,0.010790096402054222
0.31588670148035025,8.404842187290988,1.825088444785221,1.033810269530358,226.47049485855294,83.90484158924014,0.009739982106839058,1042,782.1816563543964,782.1631384360862,0.018517918310154428
0.22777479078489452,5.664915307358411,0.5614694754588141,1.3820817319399576,375.4400642269492,63.45422998993408,0.004704600670135108,1965,1017.0779039389107,1017.0672759117219,0.010628027188763394
0.41314727042395,5.156258334058168,0.8494156190898083,1.2305594765413783,307.58647008784874,90.58328311610703,0.0029631523570694722,1215,1155.690908061388,1155.6839587560248,0.006949305363169336
0.5053158810148713,3.8299069523026485,2.2626264897987776,1.2878946321189069,269.0008776539781,97.7865342769833,0.005625296677762528,5320,1373.6616146800343,1373.6472854621736,0.014329217860762168
0.7739437032669758,6.228717279684332,1.1928845802455776,1.0061015445646182,364.1339159292139,31.8108148097188,0.006848409198803434,3705,2117.1598514699394,2117.1507694476722,0.009082022267340126
0.6860328263935067,7.56900205933238,2.195688227665869,1.1840468741869041,228.0892326006178,51.58622013245012,0.005121669844449494,9964,2142.1397939990165,2142.130601360159,0.009192638857507783
0.6588357107305881,4.698396144664824,3.326821720296598,1.243825881389526,106.74949160156288,73.19848201904247,0.006102751995701125,2822,873.2236613437462,873.2105142611284,0.013147082617776747
0.41713745194868895,6.662972737074629,2.9625684254567757,1.2123662730716067,270.00202240455786,44.43910043202798,0.004747682689544698,5111,1593.4605465780312,1593.452232763986,0.008313814045105174
0.8573027977762839,7.293816290397734,1.540291474118274,1.4406355979971965,284.8621418070434,41.36258701771961,0.005722857586191249,7436,4477.556590512632,4477.544935800127,0.011654712505448795
0.5241584506583481,7.400096353137573,2.0472012106643858,1.4287908651447874,140.85596902997264,85.09908485030694,0.009573361047519055,9122,1423.936079858107,1423.9107613929484,0.02531846515845307
0.9811944442136391,1.4676948831806222,3.2631403930189276,1.4796888405138093,471.0287103478957,98.43027752469943,0.005498480372826989,9249,4787.210757567087,4787.194613200241,0.016144366845688235
0.6707279244661631,8.737730251165603,4.373847626195519,1.2671996042048925,152.36404099083109,81.90426649979851,0.0032786166952833424,5946,2151.6687463633307,2151.6611888562966,0.00755750703391455
0.21363826740805247,5.124279832885431,3.8894604743249475,1.4803398910879793,234.15241733784396,61.894129824329084,0.007828719593613137,5743,988.1295007746019,988.1107385952971,0.0187621793048112
0.7085598058678906,3.3617447352659298,2.9903001207503674,1.3827346000223362,119.71835908012548,55.400898555625176,0.004038260120033945,2843,1030.2251388928548,1030.2164615522256,0.00867734062927876
0.3925936138885291,3.1758805673171344,2.130318492424188,0.9895824982379715,291.10849078412485,63.17181764242919,0.008345864537392517,6450,593.8756360502446,593.8621598179499,0.013476232294730854
0.7176944770174877,5.347127015595554,2.1427307489381247,1.099204968685908,188.43692364504034,57.027176175018866,0.0015115779008549664,1460,1223.8761495602637,1223.873540500438,0.0026090598258769904
0.16267703334616518,8.981483855220633,4.457377896189782,0.9668747095323069,270.1726339892378,60.231044542853446,0.003989601793978222,4815,552.173232217307,552.1670513927696,0.006180824537464603
0.2573932934583635,4.405128235143822,0.6765960921824588,0.8029380125813956,151.07761240619087,36.27624404233821,0.0018492391743457552,8292,127.40291843423138,127.40089497127104,0.0020234629603340815
0.8701635330152078,7.74753172105189,4.945921899891174,0.9316341272028361,74.19880757692209,92.29935594474621,0.001767860418212483,8629,711.3286763007552,711.3255091320979,0.0031671686573656235
0.3044616013211634,1.8713685788849674,3.48968934883203,0.8028424104008131,400.65199298701486,80.36280012186145,0.006925506032551936,1289,421.52300264506175,421.51297431112704,0.010028333934692359
0.853337012718646,5.284510319359556,3.5651196458257575,1.303886922945343,338.4888277818463,74.4781938154576,0.004468013212182468,7392,4345.81174060553,4345.801575882833,0.010164722696891134
0.3513484796089694,9.925175263534621,0.6709902678713398,1.0978740084048397,203.3327100699558,95.99399767795785,0.008843310477866014,9924,912.4480049221892,912.4289761771302,0.019028745059043742
0.6785937190528369,7.933940225131033,3.224881737010725,1.0188023089545009,71.37240110704501,42.75154655302704,0.005647646240861763,7668,560.9765298258844,560.9683161373925,0.008213688491931848
0.7247355161588479,2.894756395965517,2.6815012704070114,1.3332046237666315,439.50877821370443,26.492752871489138,0.003658088990550545,4576,3157.071390438124,3157.0652214104025,0.00616902772169317
0.5613892778305477,5.5129732632811965,0.9760050810233014,1.3827407422337514,126.4077522210557,86.09109282842654,0.007487999991659754,8985,880.4509579603827,880.4316901581059,0.01926780227679089
0.37477960902705815,3.102622872837099,1.7506490484621158,1.482709677054916,468.8339982266426,99.87335709194039,0.006616151124271298,7848,1874.7633830707698,1874.7437758316319,0.019607239137999603
0.29137993873398654,4.686048345362583,4.50641505296143,1.249409509272669,265.36792036818133,66.27459504161595,0.008196351587462831,4782,1109.5739620511874,1109.5569345356482,0.017027515539205965
0.1298704191061836,8.020756213614684,2.9749478713967883,1.1230702709780362,203.1740194588177,24.70475103301455,0.0067922944870769655,7915,365.9540937383837,365.9445809806236,0.00951275776011584
0.37355176111665145,7.9410233376136325,2.360374588282589,1.0136850111252051,383.79176460093373,82.4374432123953,0.0025031207538902824,5937,1517.5743504836,1517.5697213597205,0.004629123879482049
0.6878465114781547,3.0529034011214664,0.8270697012836492,0.9556227464499585,444.57773273383356,25.899923907667322,0.007032790339003595,5058,1083.5384053781506,1083.5299440289912,0.00846134915954422
0.9444743366036344,9.300009863393742,3.713546873310375,0.9490481653378209,216.82110364056982,63.2011189007425,0.0045239427785422935,3156,2400.2998498282836,2400.2928428868267,0.0070069414568478565
0.8840840340367468,6.333113644883442,3.6628287052821467,1.086432562303859,233.30468847658426,42.20259793684217,0.005168287272318113,3877,2433.5917761457213,2433.583791476127,0.007984669594468462
0.7894582988817723,4.419318618658131,3.263196231376536,1.4942504487015509,244.9211987062388,93.20214244739164,0.009294081181636103,9134,3316.7236103161563,3316.6967790112462,0.026831304909838167
0.8096026089279689,5.5174202270277455,2.7961819079929215,0.8005975882061823,465.0453776654011,56.1064970607588,0.004239676416679724,5437,2006.2551730989092,2006.2498744155525,0.005298683356595186
0.6984864131283958,6.445641280939693,2.452029809933177,0.9380441280617006,361.6537961814497,91.87706787828427,0.00650763228691755,4920,1977.7730238866213,1977.7613108541384,0.011713032483009825
0.3342581718094027,6.039014786612069,3.1697199184459652,0.9318750876825017,161.44075267054498,43.926486820365405,0.004271335600710156,2127,431.53531022190396,431.5295814422048,0.005728779699148499
0.9164755276352469,5.377645319825604,1.55027953277783,1.3019836398726046,133.24986387589075,50.9890067057081,0.0018525473682201258,7601,1434.1777216718028,1434.1740798375477,0.0036418342551631554
0.7036590807152506,5.544395236804601,4.735665788799414,1.0467393093186432,153.66544854116722,95.76953505976644,0.0050817280784347055,5067,1217.9094456336647,1217.8990321733622,0.01041346030262556
0.6043965678823959,2.5877071938509757,3.149575381311033,1.1200825632142744,168.60375013348283,36.105156074530825,0.006373553540136868,4486,733.5019722643021,733.4922558448957,0.009716419406496743
0.19989052229213297,8.314596138742115,1.9003659995946944,0.9040368913289335,153.58257110030067,66.28009213209161,0.004667529628338389,5727,256.30382844060154,256.29681205428165,0.0070163863198996
0.5023499894257829,5.875842879469138,2.523559328983208,1.0834979272138634,346.32790123657827,51.08082628480891,0.00451599566210366,6509,1715.5378237484997,1715.5304312549833,0.007392493516447612
0.5143224440817337,2.1797187553423276,4.125581549946015,0.8722398683340853,102.17007979587785,81.93335080549818,0.008383406625049574,6481,252.09241071847842,252.07910713058183,0.01330358789659744
0.878107248570403,7.895413914245001,1.2272722732863386,1.1731303015220083,224.31132036858233,30.34370969370859,0.0012671665506052319,4454,2472.9443037811393,2472.9423661547967,0.0019376263423975999
0.5919833981690097,9.391995805396157,1.8177603010711718,0.8685568557679992,331.2741078366649,54.97719752037348,0.00366026857066108,2051,1658.406455361987,1658.4015284023028,0.004926959684208327
0.4423604940733687,9.52576209313266,3.557786102314499,1.3533558668212093,180.88698827431887,75.91461014762105,0.008305815388394906,8274,1917.5102734939762,1917.490499418201,0.019774075775311113
0.9791202956595935,4.321159591700555,1.9197014291700074,1.1966212022783427,79.37347311574611,52.561298800492786,0.009284771337500474,3587,694.5122891183372,694.4953390176062,0.01695010073103804
0.19964853399368412,2.219651862046786,4.066257568376597,1.306777511641462,86.82076528068573,24.682539142030137,0.004710696272567455,4257,186.07116345057344,186.0634882029889,0.0076752475845218125
0.4802935854807502,5.665596639697586,1.0870406922981237,1.0929614706568787,106.68504933710885,76.40898090682751,0.008999148188764688,3242,413.3440685952529,413.3267174978862,0.01735109736673684
0.13782220765426476,2.013483064142986,3.932087767045738,1.067043905269559,426.12936119066984,60.255866214798644,0.0027903710991252946,5867,397.5795244228672,397.5747528870229,0.004771535844329099
0.7659137086902373,9.405886766613555,0.807582716827548,0.8687462223342045,346.0385775222364,20.90469493440804,0.002992843610741554,7832,2042.980319394215,2042.9771758460545,0.0031435481605781787
0.9262688969792356,2.652216646196314,0.5566667570037265,1.166698924929976,79.03508499394015,69.01247161826984,0.008615722389263232,1127,319.78023088462174,319.7632418286375,0.016989055984229683
0.3520335965954405,3.2748927395604768,4.54200583474473,1.1601515153999644,225.98099561813893,93.59048180230292,0.009129319672065565,7015,837.009851299367,836.989347368592,0.02050393077507486
0.8725075091192088,4.6597287419647335,3.116026476195344,1.1276714311147238,175.36332778117952,28.882075856935117,0.0030052519116640078,9297,1512.9234062467908,1512.9190385147913,0.0043677319994805805
0.362996407415708,4.448480217032132,2.0832210368906514,1.3183628552777145,310.1180502329601,67.25369880073352,0.0015339177097175001,2406,1277.987925270545,1277.9845429656757,0.0033823048693802796
0.9196931454795237,8.151966031581,1.5466758663373268,1.3827530800226482,285.26267735254106,78.29351054101042,0.0018129172334975898,4420,4865.0633065625025,4865.058837070669,0.004469491833243393
0.7785657132371055,5.106851384958661,3.2759860246736725,1.3255527724639558,266.5058105163717,25.661893611224436,0.0033524275183872696,6600,3056.2426887792876,3056.23710459144,0.005584187847323744
0.8244160991572947,2.536914340030032,2.790509825915322,0.9007060199647907,191.5305666676759,21.809236653134903,0.007853041694321154,9182,682.4541009244522,682.445485013728,0.008615910724172494
0.11620590004040905,3.404889059374667,4.9621899898849335,1.2354416564974757,112.00989741979583,57.13566933159578,0.005589926450166546,8488,166.23837422524034,166.22752239192886,0.010851833311488032
0.9665293213666234,5.582020466687698,4.924471939941856,0.8562261739826734,384.0693722926871,83.2949349787491,0.005100299580184927,6097,2859.3062617089317,2859.2982572007995,0.008004508132146941
0.754003892863291,2.327085256835214,3.3576105476372433,1.2862356012083336,445.9355459791945,32.85755280794626,0.006257259380494009,5112,3162.2443882887533,3162.2336955013357,0.010692787417686556
0.37427598584752,6.504901080814127,2.4929172774765074,1.0672873675927887,474.8679091547678,86.93098177719384,0.009012008021159677,2393,1821.6671678925914,1821.6491881187078,0.017979773883623526
0.8464551983729622,6.0917257589603135,2.7101343611059794,0.8927492693864006,76.3785367761112,72.52618043388769,0.0018138734160909184,2871,453.5356759866237,453.53288221123694,0.0027937753867421596
0.35336907857343697,7.4323208474403195,3.571155798065879,1.4034355998832895,382.9589202149973,46.57386302307885,0.007252517148729233,2089,2932.903991974316,2932.8890730405055,0.014918933810544956
0.8854784556095152,9.43934153841431,0.9570854490592162,1.2298058373272562,376.9265567331331,61.26606387939596,0.009341117610898647,6535,5247.995782502576,5247.97725664264,0.01852585993619951
0.2013223513707433,9.210291049910401,1.9775843321482318,1.0483074775632693,476.19932636551516,97.24599837813908,0.0029201503758256,5166,1178.7127550354392,1178.706716910414,0.006038125025355548
0.7333173797147162,9.514680562619482,0.8387250845162173,0.8215090257553497,163.81156752399446,37.314957650587104,0.00853995084365651,5539,839.3622580303779,839.3526244980862,0.009633532291684207
0.5866286289804193,3.2024403732133084,0.8301234178261381,1.1761171813025273,383.98056723282036,59.96283181952322,0.007282222396835521,4016,1256.4918331652143,1256.4781327535686,0.013700411645797562
0.18688102317589675,2.1840877597541914,1.3812765885240519,1.4462581149403628,74.58182994491806,69.95892448860965,0.0011302168246583022,4315,103.94542534414117,103.9426472206231,0.0027781235180648215
0.3177044454329551,3.7204903044680364,2.683639645669521,1.217465882891656,334.0605743427286,31.041168438053298,0.003084505123259154,4892,1007.4520198888741,1007.4470989264074,0.004920962466674943
0.11116363264958332,9.055766554896831,4.031484445232552,1.4801554232336451,207.88152082348088,23.48176708986477,0.006452602848062928,2393,662.5969296945741,662.585136129925,0.011793564649096068
0.5218911689180553,9.748481271611395,2.6847315102464266,0.895515782789321,396.0092477963638,21.0767962345177,0.005521603055420906,1720,2060.70769427529,2060.7017074119144,0.005986863375845815
0.3711387346840003,8.733924559634284,2.0096447475239136,1.1978135732163857,438.48692889592706,45.9754285280013,0.005751426272741794,5326,2508.5440146577034,2508.5339582112415,0.01005644646183648
0.638521735867983,1.9901594901478923,0.8705884565154116,1.3586875336045006,214.1694689978823,25.91578355878923,0.003087373821461404,4597,722.1961983772072,722.1909164917319,0.005281885475387775
0.3675140269377555,9.526851982538139,2.9763298543240833,1.1678785117880013,286.51374171468524,84.30159620328917,0.00707503123637764,5959,1795.721331369241,1795.7061029394292,0.015228429811768642
0.36992720035628623,4.810222246157074,1.7207086391742954,0.8637464491912309,102.83182806361995,99.78556217293968,0.0033977653384309925,8758,185.35538088820476,185.34951756605022,0.005863322154550155
0.768873878858443,1.0837926168611831,3.2672038006271635,1.2080202010830523,237.60813435056446,24.904305738757124,0.004504914698306085,8636,1159.99488799326,1159.9880906660187,0.006797327241184469
0.14332855238051811,4.981543666733742,4.897344826095883,1.2282165340897302,212.36017696662617,54.618102074675164,0.004320243242920687,4880,453.59850106621826,453.5902967294813,0.008204336736983465
0.9126054956727886,1.4146225270792083,1.0009144466489757,1.3100964739327468,132.40555690303296,22.058569838605983,0.007048225199079087,5864,500.97875325970097,500.9674825483704,0.011270711330532247
0.8670374869520633,5.894901290450058,1.4545642942487296,1.3328480606158317,452.51538114504916,30.71927126058106,0.0018122748551489566,7673,5122.577499291085,5122.574341784047,0.0031575070377655575
0.7010242149037659,4.046986246933462,2.628925421447186,1.339540881747425,116.63952711807211,45.833804872853925,0.002849877109361667,9481,979.4984770334611,979.4929097887367,0.005567244724402798
0.6338994130966459,5.2609144023464385,4.858762169056683,1.2644110755472762,336.08271088858424,51.49585704461199,0.0028044736361656107,7243,3446.7549933349255,3446.749621280432,0.0053720544933620485
0.903072248325687,6.518533246688054,3.97314399321498,0.9510678304930608,450.56418956594945,95.18263571429121,0.001975822067041391,7292,3861.4239535555,3861.4202857989444,0.0036677565553806025
0.266797161575843,8.819209862360383,4.542031369232736,1.0829650290876356,460.3858609384516,51.66694470055167,0.0028683548095281316,9586,1924.7747631389216,1924.7700518662277,0.00471127269374129
0.17107224597174575,6.957114188247357,2.0017168181410683,1.343290980830079,406.9578649282558,59.70221272459217,0.00646354241131019,1375,1125.4491981162325,1125.4353321022086,0.013866014023848376
0.31555915291858433,4.906439816303626,4.964173132003675,1.4673988883805693,129.26351024337947,39.64666946190931,0.007589513537867694,7245,866.9718801052728,866.9563278739223,0.015552231350469525
0.8151204508301713,8.374850683033285,0.9627476722887083,0.8552628753856354,417.84413414624134,20.01001110052604,0.006942731022722105,6746,2326.332889345245,2326.3257633186827,0.007126026562170292
0.131203240053835,9.15023923815819,0.7383780772074537,1.1748756744580364,174.45416558703107,91.94675653865082,0.005276693241827941,5877,312.4365540276653,312.4246543680913,0.011899659573982445
0.6245261515751407,2.077839697889775,4.350211821743127,1.0187655899270145,465.07911234462904,26.537180562904386,0.0014719111398645728,3139,1937.7858188147543,1937.7839213487075,0.0018974660468111682
0.9958937645721789,5.7873967979751235,4.672691915931438,0.9577757260217808,369.0890066407323,97.13990728289832,0.009631063096180977,2974,3527.0318559406305,3527.01367097008,0.018184970550367583
0.8701264844537855,3.560607637681997,0.9076341089574579,1.1540674784638005,403.3704024539989,30.46752832802082,0.002512688147537428,5501,2088.7490732577567,2088.7452899451387,0.003783312618010701
0.5693011201392305,1.4235507808925267,1.0104234203562867,1.2242625383895758,88.26460407587174,68.39027846003522,0.007015792333651038,7164,183.32765018006802,183.31318684987244,0.014463330195594717
0.1572768183579781,7.016920256025868,0.6492837099009822,0.806840561993637,312.244301049595,99.95284702853095,0.009216015539339,7162,245.09892012986685,245.0840519257793,0.014868204087544032
0.8482361629471389,8.76493699713303,0.9702840318922584,1.3461446005408337,419.51395710440585,31.077167685574068,0.007279993863828898,9604,6277.59552632997,6277.58268086659,0.012845463380482411
0.6390806573594895,2.4661238902965463,1.442389175601264,1.3739174918816133,437.7156587476247,53.91544679518594,0.0029624467617005525,7345,2063.8681468824093,2063.8618822814237,0.006264600985445848
0.20343969735361014,8.311722918615104,4.8653447850950045,1.475857577197553,62.88426713013868,82.43389351771812,0.0038421666888762075,7130,367.1957250586055,367.18538016141986,0.010344897185647383
0.18447155634102058,8.680561601832474,3.505371000078562,0.9264506132572865,472.62165464980365,22.575211987997463,0.0012718528030998565,7155,911.8996185669534,911.8981742524325,0.0014443145210012573
0.9186641374929332,9.229063983998351,4.003488614833439,1.2161867936526636,69.50242998611587,75.18262009120356,0.0065148241675790225,7278,1249.7000026726203,1249.6861225277341,0.013880144886066875
0.7022802366442706,3.3875658017744716,3.9926273166118493,1.0986377614334761,326.53340585368244,26.42986703126396,0.0065169368279341,2378,2042.757247318928,2042.748195252872,0.009052066056122245
0.84635811938508,9.135577586709003,2.9078318740064657,1.0343794960887456,362.0243874268904,38.92161138185811,0.007529505232387415,2093,3948.2299701693087,3948.219150446,0.010819723308675045
0.8910810102540406,3.88596479262789,4.088700399708578,1.1959434160062532,98.30538102555941,32.80609299946883,0.0010989666034805922,8135,999.1460166884949,999.144271215526,0.0017454729688701862
0.61459511684349,5.971042121099526,3.181133895754863,1.3476681652564853,71.60533952413671,92.5869145317549,0.0083605715994202,1710,731.5393619669799,731.5176626674179,0.021699299562020973
0.5657017165795372,1.4545672374905392,1.9154574392151091,0.8161369484116471,403.2104695028281,34.436537342534464,0.007648398616602774,8461,512.018408420175,512.0100167023522,0.008391717822795098
0.4873846692888912,1.3949297953186925,3.0249954894578033,1.4785800787963308,223.10178115884528,23.234727641212576,0.0022679794857167995,4486,1050.7060649431562,1050.701932403002,0.004132540154213862
0.3852519290120074,7.483358914589826,2.9007886376053107,1.3669171099939976,98.20063189180566,67.01005427582098,0.004128639483420808,5892,734.0402775191228,734.0308522934309,0.009425225691832777
0.4911363647728406,5.000319801800119,4.205538741916943,1.3258075925519048,393.2005173744389,47.694474032776164,0.006746724036137952,4499,3124.9516978974434,3124.9384868365382,0.013211060905132372
0.7964916901571407,3.306631378322958,4.917772478217466,1.3322711675263526,432.12338156462926,52.45649765130931,0.005462171874462952,4227,5024.347402071541,5024.336307668745,0.01109440279629094
0.6417310879136184,2.713721464224192,2.3496915443941875,1.0723424967330568,314.32378584146335,29.525019589003758,0.002035848375111362,1730,1174.4695424181716,1174.4667147228474,0.0028276953240853877
0.9032709609593615,7.029581417732962,3.9352580529861183,1.3261343855913696,122.55656379559052,79.85875931465556,0.0017861083762293092,7420,2134.6802942698755,2134.676034099809,0.004260170066653156
0.499042012941269,1.003613896228059,0.948933518171601,1.0707391460220703,56.85011217117086,68.12429197148144,0.008033106691972824,8432,63.523769656300544,63.50930867767562,0.014460978624923392
0.6463806208468786,8.253020522771688,3.9957411625172985,1.429094780702355,365.36111658587475,49.137363579862395,0.0024037040621602886,7192,5907.793151624935,5907.788028576145,0.005123048790165096
0.6681767977827898,1.7132464551693594,2.1713761039695445,0.9240556683145288,297.56285367139253,33.725995501050875,0.0025488340653739925,9801,659.5037641471789,659.5006145461917,0.0031496009871685047
0.632527446075693,2.723406534173075,0.67725573300359,1.004643196950606,342.8587137740358,67.47613913364484,0.008478308128210819,8188,744.3721006754092,744.3578356028743,0.014265072535003457
0.7323703957769647,4.4761275576918065,2.1346078035297973,1.1859362798893534,415.9331015898181,82.28778236059019,0.006509256711068954,2467,2832.232521258567,2832.218449437111,0.014071821456172064
0.3136901215373257,5.363728657444932,3.2478923791474017,1.0234477251210907,245.40249964683744,44.99178270937559,0.006442440473385752,2558,694.3877390317241,694.3781789970135,0.00956003471059297
0.5611273997912116,4.194956042325477,1.0366257545665996,1.0969660717066914,106.03196097512918,22.068830683087768,0.00531411194227006,6257,374.5639106774227,374.5567947963942,0.007115881028529751
0.19380232252751292,3.8864094848586452,4.658155215936146,1.1446958825790163,472.99247842587187,37.14751878023872,0.006120955129620619,1229,1026.3310364203282,1026.3214269982059,0.00960942212228923
0.44606019488033133,9.675244108658696,0.8495258597277736,1.3994473441694562,295.3679572610858,74.59182551142634,0.0064159272133463,7981,2715.720641782512,2715.7049656149647,0.015676167547151378
0.538900361759138,6.774217131190548,4.685030239249248,1.166234577526085,326.8823535898431,99.12771019655382,0.009710436113592224,6524,2745.56316937778,2745.5406188687984,0.02255050898159674
0.6870018335909253,1.2108965983064939,3.682118830710589,1.0537218940301925,470.035143298288,21.07009915270212,0.0030067597672082135,9732,1754.3561709890103,1754.3523351388646,0.0038358501455851794
0.9554779473275832,4.871583175998818,1.9837047893639164,0.9734153148245811,469.21264533961835,44.492284970568065,0.002931061777304132,3874,2912.145317574158,2912.141195006368,0.004122567790213985
0.6405859598935203,8.875078297695731,2.2583765646909195,1.086073185154538,307.4425730276781,24.961669635907107,0.0015149663893478413,4092,2586.365522546607,2586.363466471816,0.002056074790696953
0.7692345245589038,3.713105677696012,3.8336421412973487,1.161015273090059,183.92514112464175,45.307943021042576,0.0069237891892839016,9021,1439.2594650429114,1439.247784282282,0.01168076062946519
0.5556394535456824,1.8510071029694941,3.206619953965433,1.3222804000422654,498.70113530573263,52.4731474501937,0.0059413796274003575,6730,2450.3576526879147,2450.345674138505,0.011978549409629306
0.6706936282386982,7.82546294430926,3.5223931465472536,0.8847341433206372,356.3676904790912,93.6689673557004,0.0020011528346197583,7957,2123.0616203142613,2123.058191427972,0.0034288862892206113
0.1638389945203961,6.454124487424732,2.25124077431066,0.9551264317674056,233.79650460142545,26.4448639523983,0.004280850416063685,3692,304.20853478938466,304.2033647707324,0.005170018652262055
0.3289524227576623,6.132812570438535,2.6951606681341955,1.0657578111080712,301.9265612841154,82.1707242452616,0.002607968847980835,6224,995.8975748439943,995.8925114758058,0.005063368188489787
0.42566778388462484,1.4821890364666714,4.95440367817052,1.0522788835836603,237.12532262061336,51.64275168503707,0.003983335663607754,7766,719.3997696986105,719.3934134713518,0.0063562272587226925
0.5252440195058622,2.264491088159656,1.4626529172487297,1.0742236613236482,449.73731853349136,84.90102797335422,0.009561377524551492,1003,1016.0001251555118,1015.9811338637384,0.01899129177345191
0.14108387095214536,6.602944565918024,2.3803528393495914,1.3554648852482272,267.12471868958573,61.072174826049704,0.007149869549924761,5759,622.0347739683958,622.0191638243012,0.015610144094541208
0.22602168779798593,2.8704145731295223,1.813204344082853,1.0269080820735212,420.5877691915612,23.142563107472807,0.0010681219071562776,3934,469.5184874306385,469.517136725403,0.0013507052354959814
0.3491328770121752,5.536630717735819,3.943001796979324,1.1513287262818652,428.0793340203518,95.6964707771871,0.003272572664057113,5633,1878.0489078428955,1878.0415343777333,0.007373465162216323
0.9743794218109456,5.903935174264541,3.9380568154957434,1.2367349230005276,420.94955198086177,26.61872507476175,0.0010932539237000114,8361,6174.396739308865,6174.395027341011,0.0017119678540878935
0.3982123063927457,3.551564712438455,1.8160045744882813,0.9625249851285236,374.9848756140535,67.81468020270049,0.0074338164889181275,3407,742.5695461883942,742.5575386551624,0.012007533231805563
0.5338369523008742,9.535826399873436,0.866256424848423,1.3030867710032772,434.69497256341185,90.21342103468126,0.005224796218499306,3567,4098.845996462314,4098.833046042452,0.012950419862081487
0.27648794146455363,8.582176961520176,0.5514470450249183,1.1829779238167968,224.25331083033615,26.38158382001551,0.009946168226329506,4149,792.5371284960581,792.5222583157617,0.014870180296349872
0.6497020639681914,7.501361568695186,2.4235273995911846,1.1127468141219647,101.59844276388216,64.31147107328103,0.0076022493492039255,8827,811.198456158064,811.184556428407,0.013899729657084662
0.3526148939643769,1.7019447976846818,2.346519174510969,1.3668488187168197,429.1043919676315,85.94319004195617,0.005661216484370938,7838,1144.4591992347187,1144.4448109003492,0.014388334369413872
0.2862933205945841,1.955170173781175,4.947754453879384,0.9704466814296274,274.1757870593054,98.90597669166367,0.008242348853873217,2357,510.3056125344343,510.28970252254925,0.015910011885064062
0.5649153656013812,5.435032112784601,2.6141093406395584,1.4182231794300262,107.31921463753295,77.94619206512169,0.007343232861106685,7228,981.5395219556113,981.5209900287153,0.018531926895991965
0.10495521924437874,2.446420142718871,1.6538826630893928,1.1927341147566926,101.89063498190357,42.26675003706349,0.0031939855987238846,6615,62.38486695120425,62.379447191828355,0.005419759375894826
0.1068976293843028,9.804389171765267,4.510532484641603,1.2264224155657608,121.65907730445171,75.96562638763275,0.00577232447344765,9270,280.02773488517994,280.01527773629533,0.012457148884579964
0.29716192819167203,2.426682106246685,2.709805773441103,1.41254127491826,387.9379668501976,76.46134154461114,0.006003988523506638,8473,1181.4885457637204,1181.4735802862679,0.014965477452502695
0.13304922625073903,5.387210519175766,3.1962903584476003,1.372307881494535,369.8855030598265,75.9972809683694,0.0050610852874702315,2605,795.5251385487212,795.512914891245,0.012223657476152307
0.19722317871762224,4.277089511573549,0.930509196926957,1.2210934481753302,141.71840608319746,88.34083496744846,0.002612733605698258,8284,217.03588668266624,217.02987787194613,0.006008810720113897
0.40497458440487644,6.754477793086882,2.2231238329839833,1.3272313926937218,431.1155381494078,26.990405001559274,0.0030103214649209835,5975,2761.0601198765494,2761.0550461106063,0.005073765943024984
0.8223271116218316,2.161327680004824,4.7490065351320405,1.1033236431630278,176.5826579877102,28.673587633234668,0.0035294266086036545,6569,1221.5165121038892,1221.5115014259395,0.005010677949664649
0.6148437790323708,4.872847852381518,3.1527742287894145,1.1831644274498223,406.84351249172636,71.24936993804465,0.0010922963444034736,1027,2810.3566219109593,2810.3544087420205,0.002213168938712867
0.5614009533607748,3.472345295264293,2.0502583481410777,0.8434490956959578,269.96265848072386,96.31048768785503,0.009252495029525585,2352,595.4559576564062,595.4406375691319,0.015320087274301302
0.3641399408873095,8.989763722045193,3.315502312842169,0.8629005426000328,379.19690714235475,57.26709111353968,0.007174863924251311,4734,1265.170152715673,1265.160416005006,0.009736710667033773
0.9385783474895347,1.3652714092122558,4.596849903101522,1.3805977829304323,221.62444838310464,96.845016130054,0.007206555842060238,8531,2363.8882860533245,2363.868701243834,0.019584809490240322
0.4573135371134725,9.223547446058133,1.7329577021266553,0.8417701589777477,206.2132686926492,95.04682076129231,0.006150975524282092,1418,732.1427276726853,732.1326287185356,0.010098954149776036
0.17838349011619434,8.496947246977005,2.7730252331180347,0.9185793879428251,428.61181953169955,92.23277905874556,0.0072037972734495335,9452,727.0807485801474,727.0680280379472,0.012720542200216026
0.6553598645060211,3.678136447967339,4.814107942602899,1.357082861265309,65.88601453133134,92.78807798912682,0.009836762948862729,3107,675.3436866378404,675.3179507743026,0.02573586353778517
0.20245455412894128,8.103615892093941,1.275782644843037,0.8008021654397794,488.6316262658783,91.86550346623888,0.00446644303871044,7306,595.0310099988719,595.0241474739257,0.006862524946215784
0.4107008285215229,1.280922043048728,3.738487665185202,0.997683030192105,341.6808012194181,85.59115068313457,0.007412730281889075,5291,701.120191836809,701.106466340796,0.013725496012962291
0.556670744846028,9.701789952640542,3.265164536913421,1.2088270604786353,244.61752468974893,75.59831668842642,0.004235761039397754,3226,2580.202621395094,2580.193630229978,0.008991165115505127
0.8868002722166582,5.739354483308104,3.5585380901328567,1.2168149520285076,332.62453901769135,21.95265428740866,0.008688599188721434,8660,4060.832551085125,4060.8196577414774,0.012893343647764647
0.5441919223061068,3.729529234589007,2.0804883380040637,1.3440070357606315,105.23342590654227,30.5802873724842,0.008722257462010316,9759,601.031718478518,601.016410844717,0.015307633800986282
0.7320328894284979,4.263248913352093,1.9124571806769421,1.1541483781445194,281.3236048820964,30.738564362517373,0.009120397828811366,1778,1694.1435485104166,1694.1297865869017,0.013761923514883331
0.9935351550991633,1.5976481811444763,3.578943517647667,1.1565813086716792,493.29298550290895,21.883222742367188,0.0010491699181769051,7258,3393.7872865441614,3393.785807551809,0.0014789923527175736
0.21834020790818348,9.904145626378353,1.4699447829704542,1.3077174028784904,155.87124703101807,29.336141473890933,0.003683723004964854,8521,661.9852297791863,661.9789993097498,0.006230469436405059
0.34725837296756756,1.353627506356232,2.388446351865523,1.1490371242863986,375.02514456635726,93.5797146853685,0.0022053191608143647,2615,643.4234726873366,643.4185673897814,0.004905297555232611
0.45511846803788175,6.894164108330731,1.346785907238131,1.2259437605945318,245.7371191242653,73.10434295286288,0.005085875781011412,2849,1385.2143457820575,1385.203552730289,0.010793051768630496
0.47964536068494823,4.984623349358125,0.5373717850549838,1.4284418477785357,343.60616681957913,44.965841463633794,0.005459046784113681,2943,1856.9704417395521,1856.959137403442,0.0113043361102889
0.4699189677389912,9.540245963698435,4.865258120171313,1.0810157053286604,142.19925291129894,83.4688009789344,0.0033031363854669,3370,1124.9035469298444,1124.8969957317431,0.0065511981013463534
0.9168499023008995,3.2139976627611566,2.442663403953886,1.0695875496434555,261.70924217792106,59.06955895638808,0.007511018428405634,8708,1552.79352940151,1552.780750243402,0.012779158108075547
0.7426293800201708,5.788781415442102,4.862073264889213,0.80248429430534,491.0417212366738,31.370162953270125,0.0034279274547007244,9233,2501.201554102689,2501.1979402961247,0.0036138065641915028
0.6471146926816334,5.341205877244777,1.1314558389552174,1.2293983830648623,137.8792179572043,90.76016649811942,0.008685022377550228,4190,872.8877346974664,872.8673665621211,0.02036813534524722
0.37843544607650387,7.325797996450913,3.1431505075586874,0.8208403351849924,336.4002625319407,47.0929556989178,0.002598934313276082,8834,897.9870900021251,897.983952053226,0.0031379488991904445
0.8414113457991652,1.6120920875717846,1.4043831475605781,1.1529039428098213,309.0189869450579,75.90873844239154,0.004305117652887553,2820,1042.5170790417224,1042.508348010062,0.008731031660250185
0.9595544603364901,2.7441021702101938,4.055333571334736,1.3629636523225586,304.27321383068147,43.24753283996859,0.006600139825818746,9632,3687.8758286799552,3687.862942489042,0.012886190913599337
0.8390784542952039,2.9310833808356485,4.0266634494243885,1.1849447493637641,326.8054803432277,60.005700053904,0.00644801563416928,9295,2678.913594515093,2678.9013692119465,0.01222530314626688
0.10140859467232562,7.643356793575207,1.006732170676903,0.9887453156516732,276.0070881597026,85.30021692243324,0.0017022620080462917,1568,236.69559420450182,236.69247540990506,0.0031187945967536827
0.6727612331650663,2.7022482669406607,4.604290037943751,1.3503178950145598,57.6188376159461,32.54218771394942,0.008616327509718535,9648,516.442685365098,516.4272643715258,0.015420993572247037
0.14602184329789067,6.16142587501879,1.3758334124145108,0.9888019028577772,455.043565158403,98.18011161914227,0.006382584400867977,1310,489.68177324112094,489.6692658731062,0.01250736801473262
0.3318464983003497,2.937194384508583,3.2583980371521215,1.313122246662129,422.14047236781386,25.617273828858096,0.008828735938364517,2907,1496.5513234549098,1496.536760381098,0.014563073811818683
0.15357223031299452,8.754624550755805,4.935351290394668,1.227180918633162,128.3754564145046,62.72071277924033,0.008808720204050817,4455,406.4745470911731,406.45695715566006,0.01758993551303315
0.643415907654449,9.479669090406746,4.4707844064486375,0.9189974077236008,235.97292982049106,93.28204154815583,0.00591326821337528,2691,1788.847948668869,1788.8374451850996,0.010503483769635355
0.7179309221433461,5.6664367744801645,4.804537678525261,1.43359371239093,396.7470413121056,95.65551079060202,0.009197033115802942,8332,6129.675146684534,6129.649349879437,0.025796805097274604
0.2030388742593146,4.170779957882605,2.0416944704815374,0.9404505780700371,491.028041924278,38.56871703038208,0.008635670189321104,5502,547.8112957156214,547.8000419667072,0.011253748914224216
0.44545499474048156,3.106519975157492,0.9750903899875851,1.492710951898469,478.0116708988039,31.51879849718469,0.00962310650105594,1580,1936.5537364780594,1936.534844438594,0.01889203946523954
0.5106128580599878,1.448029013707394,1.3475609298025255,0.8051173420584585,454.71163985427836,77.95224002543128,0.008654485587034659,3015,420.7580650414058,420.7456655492116,0.012399492194223273
0.43214771958482495,3.4165006857774585,2.752227027844762,0.9844383640000322,121.26825378461284,23.35788546209897,0.008390834659010346,8643,313.3041412904542,313.29395160894666,0.010189681507543154
0.20892250043667374,6.888122019507861,4.06953355222995,0.9399022080919393,461.5137977040522,58.819117522425145,0.005224244326092204,7862,933.3757602478848,933.3679617864622,0.0077984614226433505
0.4770530111687279,5.802552381782897,1.1756913988274384,0.8097953871193239,445.3002108279857,83.70841814345455,0.0029082795434013497,5055,972.1162645045616,972.111937966739,0.004326537822584418
0.7760602430275764,9.496371504528346,3.468791895173407,1.312657530103121,219.6274600248753,64.82037796134671,0.009196378597679375,8583,3807.7217685312944,3807.7018719169537,0.01989661434050763
0.16390689807992992,4.5664953624253055,1.9560992181778034,1.2853980614697174,227.53516754131792,35.041061261920404,0.007502942678014682,2860,401.93469912145036,401.9216753996278,0.013023721822544911
0.17216201267371312,7.244770080955551,2.035409325764691,1.3546456750484512,256.95901487982235,58.963543957597054,0.0035357307777866827,4875,753.3787749921937,753.3711611750891,0.007613817104602653
0.4192941626523858,5.4039047272760925,3.4786297857106683,0.9796889825251957,345.27903393488765,93.70197731591144,0.004068961504800783,8418,1234.2555615760618,1234.2478400016823,0.007721574379556379
0.9475531404570325,5.613185943317905,2.601497387899491,1.111034616958079,167.37602719235707,69.37703824354215,0.007174706606714986,4291,1608.2237981386409,1608.2102965064955,0.013501632145365533
0.7017153820506227,3.4099688314370575,4.154149818616973,1.2613794651350831,60.32679324797511,77.71925020552159,0.005300355775183038,9378,509.484775786672,509.472893904249,0.011881882422981885
0.7108029610053084,5.094556991577997,1.2016332934827219,1.1078379527217006,113.55328606875901,46.901110373001195,0.0017333430566173144,3943,623.7078678871084,623.7050469991113,0.0028208879969759066
0.4257279917540785,5.237064973114365,4.054767213951673,1.2881280392225412,248.05215840954816,35.07870201340942,0.0022730315117109132,3511,1628.1548108127474,1628.1508557682946,0.003955044452794192
0.6342947120876846,7.359782695740406,0.7890586162583939,1.2437813859083096,176.90115624179083,40.45137839196829,0.007710838151610801,7492,1414.5225152208873,1414.509045095257,0.01347012563016572
0.10911806562496905,9.465759992675025,1.3732424611052225,0.8802534621155236,394.0324524662593,62.654207500823595,0.003957125756336478,7643,361.11062135986026,361.1049556687146,0.005665691145680704
0.672486441768588,3.9638914973425385,3.452673715264244,1.3467301847538777,98.01053174717212,42.4176122888563,0.005568844855618353,8834,886.5954914603267,886.5848105218514,0.010680938475220569
0.9219582528186131,1.379804217231686,4.34716545429982,1.304473451364763,462.8593514996617,63.35718299408809,0.007899593304281733,2890,4158.698439703479,4158.681606056572,0.01683364690745502
0.6513161215103372,5.466656129505758,1.6370583248270707,1.2590840713321838,452.89723097475996,76.62335419009415,0.007760580343354473,9471,3321.916448752109,3321.8991904901336,0.01725826197509954
0.8863287341197106,5.900151989342517,1.9723622262301082,0.9085655243897016,458.9405676199797,78.75167009362411,0.002503135241985465,1854,2643.491423775578,2643.4873584935845,0.004065281993269316
0.7515757499194844,2.515964960187237,2.9170433672903298,0.9875975141567546,382.824499371497,33.17479517288747,0.0018855447795913178,6283,1524.6618566920656,1524.6593767651825,0.0024799268830498107
0.20850257476332124,7.8441814564846,1.4520776292018605,1.0752239221113202,98.14998716761968,80.03446790670905,0.0063203706366858105,1397,219.95400944414564,219.9417746371016,0.01223480704404219
0.9122079765572576,9.864361975973425,4.1502031771437755,0.9959507351595104,247.16190711630506,73.81505116738873,0.007674695865381157,4503,3134.24241835344,3134.229132593183,0.013285760257208635
0.1597994599201974,9.51197245307615,3.9813649025259235,0.9594672034732921,109.13241731245868,20.960410669496532,0.0023413592979586936,5470,216.62779394219038,216.62507661802374,0.0027173241666380854
0.5805707252929874,2.7739543494128696,1.1538127038460173,1.363750369113243,494.4646367424872,24.709774007180066,0.0043475975859454735,8159,2097.043245826073,2097.035851736416,0.0073940896568799735
0.2279234114141119,8.878269159106846,2.5872337931748444,1.2467625724521416,199.867290529403,71.69996014883043,0.008832501963708767,4795,811.8978640983953,811.8789564423469,0.018907656048442592
0.11053594965781366,7.340442727705162,3.9867249499457964,1.1958304920851752,313.3987438505279,50.69631196509677,0.009498008274042891,1631,561.1443843934405,561.1272682944102,0.01711609903032794
0.4798308341148751,5.084619074262204,2.0179828899653667,0.9581668975972777,400.7268744098998,31.68831996605327,0.0050866278485471594,4036,1253.829973238763,1253.8235549628234,0.0064182759395769815
0.3655366368887406,5.8654989489225615,3.3489807022297926,1.442653593588049,464.27723790154045,23.55172473357066,0.0017156434062774973,1927,3254.6451958194643,3254.6421378165164,0.0030580029479298793
0.5374004444178427,8.646401574842123,0.7259590465590773,0.9338281273681214,389.996476628612,32.75186725379447,0.0033192681058213966,9269,1712.9419308939414,1712.9378160826554,0.004114811286008128
0.6194798980610957,5.321214456745358,3.2390994223819307,1.356465652977274,353.5267004448069,96.60111714572933,0.003096729282839797,5583,3449.5128725645936,3449.5046141244843,0.00825844010948575
0.13936516507805263,4.358866321946142,1.1869384100027316,1.4766708666937052,259.6918019171681,78.20525132567758,0.003150673484869513,2061,437.67595484460014,437.6676638314792,0.008291013120941668
0.21070296561137108,5.439227437233872,4.237624963015031,1.3089649104569652,322.4300601877358,62.216433674743506,0.005444935348413251,7710,1126.4210458493562,1126.4094843121484,0.011561537207767855
0.6027781568053828,6.212168236315442,2.099522586112153,1.4950011426292409,92.37371398377341,95.32324000436734,0.006249030865224141,4361,1034.3940221003836,1034.3757744011525,0.018247699231183873
0.4088506178553924,2.7016988840051397,1.7669923822768807,1.2557357818845627,447.7651438825681,69.52883501452831,0.002102586298119418,5737,1290.0107771267913,1290.0063010690833,0.0044760577079642535
0.7562561387945033,9.108169572402916,4.284000395201683,0.9522222405227265,294.6997889779484,78.05161506245338,0.00900420405875501,2699,2706.317724765036,2706.302458613573,0.015266151463244252
0.6870624837327457,7.067682539466524,0.7256481038231459,0.942673645601558,68.06077269572421,42.61214548046976,0.006579764409530034,6701,323.85514885602873,323.8463032371593,0.008845618869453972
0.8610439266909161,6.6994202560374,2.2847395970045516,1.0271949989788334,463.95595654695387,67.11854748713566,0.006375265572412049,1291,3786.923927323138,3786.9129833295638,0.010943993574193858
0.7232435440023027,1.8954660356257431,2.1650159325876412,0.8049910141547043,270.1858882265909,31.47817954382722,0.009885510985458559,7037,514.180634963853,514.1701722622894,0.010462701563604057
0.48693796965113334,6.437565443553326,1.781601684122979,1.2771889290579843,440.8651137024508,52.35865161582203,0.006653295797438129,1580,2878.189801897797,2878.1768551974037,0.012946700393524276
0.7056699601549892,2.088645960146431,4.602894494006646,0.9880674492394793,435.5995793924106,22.65922599892881,0.009360632343710665,5200,2008.1253922153069,2008.1140475418451,0.011344673461752811
0.3478430568298767,1.7082790767585916,3.87917777082525,1.3706282626049269,417.08821435570167,37.33024700661444,0.0035763127512381263,1879,1522.883651883701,1522.876920236063,0.006731647638239873
0.3756821489003914,5.7457980607815395,0.7876542388637244,1.0514208553915103,77.63135868291023,25.989490353813977,0.0031611654131184783,2482,210.65039559388256,210.6462080619875,0.004187531895083572
0.810086643928714,4.6250698064184546,3.7160935224572933,1.1359695454243188,161.179990440894,51.02230556057851,0.0056486681814200785,8070,1405.4182675646534,1405.4085768936795,0.00969067097397122
0.501777564761424,6.299292431406009,2.872846099079573,1.4759822415922585,443.99654260944385,87.44281317107921,0.005577480528729996,7452,4451.692963436507,4451.677532652627,0.015430783880101948
0.8185423064665173,1.8029995125151475,4.5539055248071065,0.969520486133094,454.5459752234422,50.234728507604245,0.003038352845355072,6980,2223.2050296263483,2223.2006040938527,0.0044255324955542455
0.8401801363014506,4.878847565625326,1.908255278067613,1.3048778682008177,256.13098806596275,86.53117007957147,0.00729690091209953,1314,2486.9198943341958,2486.9021336485116,0.017760685684141086
0.8718061038951554,2.5730804354064216,3.083728998243123,1.328582452513792,248.01866044439103,72.519865006311,0.0012667043731302396,9800,2159.003864394224,2159.0009610208367,0.0029033733869973434
0.9249717122570866,9.883900773317048,2.753398736334437,0.9546987102665446,128.8132852487674,60.762355730466226,0.007215674252945075,4925,1372.3963764180319,1372.3853018290645,0.011074588967487291
0.48788669846196664,6.05035191191657,2.703024078024226,1.150697785628537,485.78485491101804,38.95133546090644,0.005114600975109702,3586,2747.0235318725154,2747.0153540861756,0.00817778633951489
0.38698013648902496,7.1869317484678055,2.552474297827457,1.0451413477190779,145.91231391156944,93.77248742753218,0.0072010675976057125,3119,600.7222155299377,600.7076319538593,0.014583576078397453
0.6239788719347025,3.9287645261434703,1.4253326398952657,1.3403343703800625,135.9215529578445,24.33606470736266,0.005293725675773671,9569,815.7845318961464,815.7757098016738,0.008822094472670718
0.4340551810938648,1.8526502330140975,3.9006946512157676,1.2357383233203263,347.32803656712844,75.11304141590523,0.009796004045962255,8352,1324.5402977678716,1324.5190998130456,0.021197954826067462
0.6409667501202096,9.78283776505183,2.5310121473267992,1.133188138402383,159.27993635020147,69.69919142474951,0.004012164559928061,9325,1614.3457179198317,1614.338002482815,0.007715437016627967
0.7350272763794422,3.576331318448649,4.813323237511725,1.3455542855334028,472.4472249564754,55.283321780522144,0.009843156433021496,4245,5274.787619484014,5274.767052982408,0.020566501605488736
0.7195645166429232,4.814273666562168,1.6736379223674933,0.964608899005892,54.90814789300767,39.22567642340843,0.0015847654823107785,8777,238.5161885019127,238.51406018839182,0.0021283135208710834
0.43709759831810924,6.8487752953231755,3.572347278321685,1.3275353164090513,52.58896804548559,54.45567494762135,0.00715384697281801,5488,422.1772531187905,422.1625844872742,0.014668631516253866
0.25017418152887755,1.2222756791750016,4.733226858375988,1.405762018464977,277.1945606460198,89.82181804427366,0.00508797286106421,4135,816.162131702109,816.1485547364377,0.013576965671259383
0.4874764046159868,8.292332174655582,3.4855624535724163,1.4150351177653007,269.6281069610624,86.94128882039634,0.008399238629767304,5510,3099.7307791228,3099.7085607437953,0.022218379004688482
0.22833472967371787,5.829203710257582,4.4207280842782755,1.3485715151137228,123.51380985540972,95.31049999816234,0.008106544627452984,7546,525.7436896025298,525.7223377602951,0.021351842234737253
0.9010873316654275,3.5039546836193995,4.223664318906527,1.085609916898788,272.533803336628,44.62345653001984,0.008201891645883436,2136,2236.572945096146,2236.5600677441666,0.012877351979425654
0.41128971466407166,1.5544718676322233,2.1205297197005173,1.4872656159024789,235.24749732649389,50.968332669509834,0.0018526473937226775,7208,786.5199881851801,786.5158284357967,0.004159749383382946
0.23901377250099143,2.462485739269973,3.2005577297277346,1.065715550675708,450.6482864040659,21.498092212789068,0.008401291298751654,2751,692.7873853113869,692.7765071172573,0.010878194129577938
0.12290298391517579,9.055304729680932,1.2031760291511002,1.247037779371698,54.16426409763356,95.43599957760065,0.0029263614169938485,5961,106.20542689899241,106.19829488580886,0.0071320131835450095
0.6812401476578358,7.174218015423019,2.909866472130198,0.9127519246486281,489.3214122648285,46.35120734538151,0.001231122374731313,7544,2800.5072440639883,2800.5055995018356,0.001644562152502523
0.6732120857092689,3.2491154947320084,1.5368988731645175,1.486314229045475,330.9767439331291,52.33310572263946,0.002959648477159703,9481,2355.840520965487,2355.8338198814545,0.0067010840327155
0.4065437499231625,1.5904068845052657,3.846815667286005,1.2927901453052644,118.32955054037403,92.62436891579156,0.0053135659422984954,8587,437.16644928577574,437.1532172905231,0.013231995252647519
0.16454069996288592,7.215537811479727,2.8762628985145606,1.3273642816724578,71.0420062150248,62.127874413345054,0.007679002239202889,7500,207.8605184486634,207.8439930247059,0.016525423957519558
0.46866600540570885,6.151669533709886,2.350523131842472,0.8460436923878013,292.14754635165434,65.29396334043824,0.0029676923274956834,5973,833.2673890827617,833.2632388862697,0.004150196491965988
0.3800957455570542,4.640675720124115,1.709586932751399,1.3343924699544703,155.70057468731906,34.09862705207335,0.0020170679328124423,8141,669.1822612590826,669.1786519137264,0.0036093453561884146
0.7094085757615084,4.272503042710574,4.994143168285791,1.342306400454421,185.52449165056666,59.89280166549236,0.006813705295215481,1751,2197.487833045799,2197.473209121879,0.014623923920046904
0.6452013245074213,2.9513284833619746,0.8226973439821971,1.2702409084535609,160.30947417553114,93.45668807270194,0.00985508232724016,4589,629.866044506504,629.8418269623443,0.02421754415970316
0.428134355377786,7.026501308837659,0.6960230625758901,1.0043367296532406,342.5775411076299,64.69744704863407,0.0064078327187705635,1748,1142.512537512559,1142.5019382078235,0.010599304735378496
0.2961032988294911,9.736012250144835,1.4776583022223906,1.1427830295126171,299.0880329522601,40.409309171180645,0.007219516277110797,1364,1296.9448800054522,1296.9332957590952,0.011584246356949492
0.9892323695400327,2.5814372125314327,4.8698260638251885,0.8773040599161016,85.08849058481518,22.494469130781027,0.006050506993717781,1266,482.7309844415766,482.7244822705836,0.006502170992951862
0.5086014590765034,6.3740495801395305,4.90657175743993,1.1301109465214068,286.9369399288289,46.90414187632544,0.008041135998056536,4821,2102.5290556431037,2102.5157059116455,0.01334973145844398
0.7194468122022134,4.817665501713786,3.447174806474612,0.9706766968202835,406.03539450348495,65.80727312515664,0.009782239781885005,5234,2274.8316669543847,2274.815922903507,0.015744050877674394
0.22649767082052472,5.020198495701984,4.460480002428821,1.0443678905458575,86.53756586914595,23.40906306966641,0.0058971630646376645,6913,202.68944903126126,202.6818485043207,0.007600526940562404
0.537030729693458,3.2873255211503296,1.4628277887835792,0.913820285882589,450.382539303689,68.7834061832925,0.004751114605684533,7809,959.4298267989807,959.4224987890652,0.007328009915483403
0.12478304788251894,8.426213880952771,4.874189423794806,0.961038057422828,310.2379922514781,61.873106169449024,0.008743087550441139,4177,475.5640031465881,475.55040185616787,0.013601290420255357
0.554909606119405,5.36730043732517,1.142531825628041,0.8535980492740814,477.7810111716425,82.67483753332567,0.009727555093839912,4220,1257.5723868313469,1257.557218568603,0.0151682627437598
0.9676156664059321,5.890652669784377,0.9550633468174623,1.443930956505845,116.66354797506904,22.311053781756947,0.002162634767826112,6529,1611.2051254559299,1611.2013060544157,0.0038194015142223505
0.4457860416872202,3.7428482151759317,1.004951926612728,1.1712874815827823,497.10424970899186,82.467787585499,0.006203538689264902,1702,1443.4354374300779,1443.4221790885179,0.013258341560042563
0.13509641131742042,2.6362761910025476,3.079075654726541,1.0777193798839177,339.9227896863546,61.670163660648555,0.008132139932913977,1200,304.8587304503388,304.844561410754,0.014169039584749845
0.12786021182740917,1.7731934938253844,4.014384803231236,1.1745204489381487,305.37238976647825,49.64234662237692,0.005800054646407518,3013,311.74351894780455,311.73332488798326,0.010194059821265
0.44918808395218257,7.427072268324244,2.150002300435849,1.2398052599370868,281.87583085043843,97.23063810870593,0.004682772713736539,4541,1863.925509745671,1863.914059074758,0.011450670913113666
0.24402244281687466,2.7661085351907007,4.900531945037569,1.4453151553585444,60.64446789424074,32.80956377888424,0.006897068390218786,8155,237.01478089600513,237.0015418576831,0.013239038322037842
0.12101688669536732,7.2106781876991795,2.4548906215324826,0.9250850666004193,472.83763619731013,63.306009527288516,0.003431152850620135,4505,473.318552027942,473.3133685183991,0.005183509542923646
0.7805922525551592,4.513388014422585,1.1770184784794733,1.0068867490446523,339.79751278438926,45.67851788739827,0.004142203686445325,5159,1530.2088124156871,1530.2027365580327,0.006075857654512642
0.5126707079937016,4.741973208906863,2.5968503668376153,1.4830525354408803,91.23191802468105,62.19891030362686,0.009930489929932102,8080,754.9854286902098,754.9615409458222,0.023887744387561454
0.36032029477538907,5.222597464834945,3.555667244400979,1.059835090653967,59.4284766325362,64.18203620643297,0.006728188009370459,7683,211.15076771758984,211.139060274619,0.011707442970851115
0.9100748647148327,4.309376573147889,4.245016012269704,0.8157931555301294,72.85263765653809,27.155859873987662,0.008856345684799673,7653,377.46984431911244,377.4606573766557,0.0091869424567204
0.20452506418047306,1.9055797950033107,2.564457304804668,0.9033504448460112,324.2280935445083,72.89081175346797,0.008269916617334292,1068,241.90454180113258,241.89162576334627,0.012916037786318113
0.9603269460597873,3.786686290025612,3.1712307172212535,0.8184370912239864,326.30693670256335,70.75851967352095,0.0068704529895462175,5372,1460.488451043531,1460.4788492346631,0.009601808868066554
0.38257004563961755,6.973609246245446,1.70305120471484,1.49294619969451,274.85028130164847,81.55738197075712,0.00856656174212896,7320,2033.541431264216,2033.518211135725,0.023220128491040905
0.8995633050778131,6.992059613219839,3.4066243688248132,0.9952095942938561,188.0446192938282,27.25267949273368,0.003584426458902139,4018,1742.2130500318156,1742.2085106034776,0.004539428337823501
0.6426485888315154,3.576018765159949,4.936873747776547,1.4464799298553581,289.2842292265886,43.780683752295026,0.006734048039310686,3653,3311.3274340947646,3311.313428899543,0.014005195221469001
0.8440366237673388,5.140923639019192,0.7207410766450724,1.4971203930318011,282.33581939431605,72.0088479782481,0.006315431405715829,9532,3130.862198006493,3130.8459346367454,0.016263369747965706
0.9856118468894178,2.741025052107437,4.489388018173255,1.21988885480018,58.73700194445453,30.938466073248676,0.006601776407140104,9612,622.914841691465,622.904296649225,0.010545042240001586
0.35956489403687114,2.893348733768522,3.0302712624538524,0.8232374205458932,177.11115364737412,74.20785686307538,0.0025176873443209773,3275,255.6623198928059,255.65870916593437,0.003610726871530074
0.9650219368668337,1.2074237956594667,1.6344439680303497,0.857114141270849,73.93340366021727,24.72213686563384,0.003495187359982616,2918,148.9601038017579,148.95636740777007,0.0037363939878309396
0.45053370541217835,9.070718949169702,4.797003695041661,1.1371123385755144,455.06963815144496,46.794524236770215,0.0035799248691328524,1472,3676.3575674649965,3676.3515917876484,0.0059756773480249045
0.4469607142632301,2.896359985674156,2.6750943637650453,1.0843204090380403,376.35042325331096,87.73688978660152,0.00641751546315487,4421,1101.921738114412,1101.9086741744873,0.013063939924564219
0.40634839382905513,3.0478048924281698,1.9926061325302353,1.2243241140472374,498.2518265868105,81.94330323049282,0.009752921923958076,6929,1529.7215133740867,1529.6997880018603,0.02172537222652338
0.5872668466128267,3.5164128938061863,1.316739327218785,1.1071934667979548,185.97706848737954,71.58085721816703,0.009586607960639334,6765,647.1196788040444,647.1014668177332,0.01821198631112345
0.23873053886063839,2.146672645258861,1.6000349461549794,1.4538537944900392,445.3186314906096,89.6366733300081,0.0030447059769072695,3087,841.9270112497142,841.918616873636,0.008394376078132853
0.5983403368222101,6.753365948632266,4.247820687161491,1.1743178007894577,321.3744205696168,76.74156353377603,0.003743607187600953,8817,2917.2360099398993,2917.228240054573,0.007769885326402371
0.5875343311690037,1.6762865785982792,3.2648450419272463,1.2856082430237095,253.90643310662222,61.55000841686424,0.001324557030512504,9185,1218.2927316747187,1218.2899807019242,0.002750972794448666
0.785711631344383,2.2078218369371525,4.6096052876974225,1.4275396908497475,150.1579000798858,98.37740003086293,0.004589340308734547,9447,1639.123588962749,1639.1105923359341,0.012996626814773121
0.8502849657438271,6.802810539310836,1.5438580347100364,0.9028103130832452,382.27647437876425,75.58848638314556,0.008512067095123274,4869,2211.3165402502846,2211.3030466579607,0.013493592323888135
0.49639721528118164,4.0569455843329845,1.0451235823200566,0.96081425788297,456.86333700693496,68.10937414504025,0.00924176565087526,6716,1068.1861270101788,1068.171199536225,0.014927473953710831
0.3720999244163444,7.371530440310702,0.5273938893901551,0.8751230623318106,155.88877913391684,52.709644876285175,0.003128468316111493,8996,350.90198392258225,350.89780304590664,0.004180876675600612
0.33340140758538506,6.016822702031278,2.7853791692719723,0.8977468794609387,128.92565073812565,92.19299988632403,0.0033921502613995535,9730,304.9398833286318,304.9340304899824,0.005852838649421463
0.2751614530343848,3.3041905575536177,4.992381186718947,1.1588087768539632,363.2998617521901,43.656727648399425,0.0029876483485787833,4387,1113.7224935442857,1113.717519985858,0.004973558427869107
0.1518828239791224,6.857451554403952,3.6273437096838754,1.0248254812772248,489.6379232264836,20.737567536872213,0.0041509321081712085,1857,818.928940817792,818.9238046646145,0.005136153177454336
0.40820318095124203,2.046463122635926,1.8877756638431573,1.0962209876687286,387.4797954968351,35.73924179458879,0.008242834587314903,1131,747.8069732417383,747.7947078869164,0.01226535482188608
0.34322292291770495,5.827693447720273,4.445863623617773,1.4877428822558432,178.06133257144202,28.761399355388733,0.006821717228960142,6722,1389.7176993784167,1389.7046314338884,0.01306794452830131
0.9697756472797666,4.934332945405312,4.017750196945818,0.9096930434571637,238.97994086650354,45.51950193384577,0.0080734682607733,3915,1716.9169219580233,1716.9062344558636,0.010687502159715676
0.6019379436250395,3.410862245356967,0.5693682473444266,1.178568449558653,222.94293595626726,86.0702941966764,0.006247279957017756,3586,741.944295114768,741.9305950435954,0.013700071172584703
0.4125493351274568,6.436044979655501,4.175872162434601,0.8692098085375557,433.44275812117047,72.1223748292006,0.0033195977025323215,4374,1433.6800252220903,1433.6750587568147,0.004966465275736823
0.6224208408943264,8.842002331062542,1.852370407573232,1.022947419284715,397.1168504925007,33.518447138697,0.0030519476219128976,3031,2766.0818996131215,2766.0777311913102,0.004168421811082512
0.22527703121112597,9.99014229786769,1.1735305906262048,1.169268146572219,315.03894564268404,83.10573768738708,0.0010810063527737482,2925,1083.221889153142,1083.2195747217131,0.002314431428885952
0.49963937428198263,6.469864918690821,1.5184887788168355,1.4626422221757365,173.73159967860647,60.33758928795222,0.008028839231866654,3001,1483.455368538712,1483.4365395837153,0.01882895499679958
0.6636108892789575,4.642352868962531,2.6086091196881256,1.073859754898438,472.09483747492527,61.017169929463755,0.008624091035482461,5377,2619.606075287745,2619.591163384127,0.0149119036179973
0.5400080486132063,3.0268639019458146,2.4119056718060494,0.8454346873502689,343.99185114611595,48.96897447846986,0.007914543396655748,7635,722.1296326470532,722.1196647910542,0.009967855999030962
0.46160092058889185,3.3138648045560055,1.7999928471840203,1.071713013572222,486.7144908988021,89.16930918576188,0.0016696185195564167,8366,1319.616388331079,1319.6130034264602,0.0033849046188815456
0.9944635500097284,5.3150948033478915,1.274982449931647,0.9020188231117845,311.05266486891384,45.46618430846341,0.007859994644528795,6494,1658.6211650639646,1658.6108517106127,0.010313353351790002
0.8922832859340344,4.3054993115263835,3.9300385533897617,0.9609927293040117,419.5367412636263,27.531180853575094,0.001411907078352424,1665,2847.1162132918407,2847.114482907412,0.0017303844287910371
0.6610653623434961,9.224330703624497,4.955494026807127,1.2326634362154933,415.89742072753705,44.2183195177556,0.0019503375913575206,7698,5923.66887465791,5923.665407491104,0.0034671668064887003
0.6124396250640545,4.314659208901386,4.000062111888607,0.8471967063425773,201.79794957511643,77.22828370143085,0.004964278356394005,6441,737.5655697427443,737.5581160168873,0.007453725856952213
0.6585944318421256,4.36100132030892,1.8317163545219355,1.1253066293750262,483.8093253307527,72.6065509442663,0.005285323080323561,2646,2498.717219858002,2498.7069538950695,0.010265962932325757
0.28118089704018995,4.451810611905793,1.6016403263546002,1.2266231102075351,59.873660418903796,35.041372284286226,0.008345067729568268,5507,153.35081338168158,153.33699020524992,0.013823176431666848
0.45562396893788676,8.529581893308922,1.479496442296722,1.095300874657248,395.9199089453364,28.942743928395362,0.007115742028368195,6599,2166.0918879597452,2166.081838318991,0.010049640754447925
0.1355135796018094,6.857094887622116,1.1151278352006633,0.8133884454366113,484.50068859381975,72.8692606721397,0.0023798816076809467,2163,346.3034621135388,346.30011576536106,0.0033463481777318087
0.5279914337381441,6.527519652870034,2.9809874736153557,1.4898635498320059,202.50869147767528,74.11014685239297,0.003035321049059212,3925,2256.718481891732,2256.71060825796,0.007873633772466321
0.5887221255618968,4.007287201454759,3.2243016737900487,1.0569810371383748,341.6497645059374,49.291970976845654,0.003571076694328181,7833,1625.0289762645223,1625.023341148983,0.005635115539346696
0.30497476249288863,8.361137591491955,3.674761972984118,1.345004030853287,303.00046242989475,87.42411068232639,0.002113053737093725,8671,2012.0282290582038,2012.0229023416648,0.00532671653903749
0.9676259624489624,1.3452747522013102,3.560960169201506,1.0279525445312172,392.67828935443566,98.25641630399335,0.0035888039772330764,6052,1969.8832457672675,1969.875931849805,0.007313917462452571
0.9185091498435178,8.837174551043018,1.815499900775221,1.1325117298953933,439.7800647402736,36.451617875951634,0.007557383399857598,6913,5519.046048583593,5519.034369927935,0.011678655658052914
0.7499289119103153,5.614749098145366,1.9863995242858095,1.0719245498276977,321.37005618479657,66.16549725648227,0.003172613230965547,9924,2104.913875938584,2104.9082249790144,0.005650959569594953
0.5800479658888263,4.584252113770716,3.5668154094905202,1.0397774606567254,417.1570638716556,20.42770632031513,0.008518236823543478,5486,2132.3621808624284,2132.351514495393,0.010666367035368444
0.8829722436829165,5.474505526459171,2.0725143835263276,0.8152959640454451,190.52850915016484,77.04435168210298,0.005225652956126871,8311,843.9505160495042,843.942973156758,0.00754289274630916
0.21758710944111664,7.00673977480448,1.4568043532869086,1.0520146564981525,152.86417641716758,53.142569085065425,0.0039064218511995,7879,311.5612948896008,311.5550013226089,0.006293566991861179
0.8114588148473966,1.1148888386610762,2.184512691635328,1.422642993279671,243.80046028977807,35.46153815225318,0.004711762940939858,1026,1321.0857821187612,1321.0767019198156,0.009080198945605227
0.21233873257016347,8.84396670812423,1.7243787091008995,1.2832753370155785,354.98146981135244,80.1777537411501,0.007385470665341423,8911,1311.859281067359,1311.8422045543414,0.017076513017738104
0.8147895962944649,5.020655727802535,0.8974072454836002,0.9017960013668079,134.26112702242563,84.85190380448645,0.005651134329213913,3670,526.5016381616269,526.49221779373,0.009420367896960526
0.34819081142622127,4.086698677300704,4.235625060244941,1.2138085032359174,356.15848646835116,28.893320094074983,0.0010655079757755225,6627,1520.5686640527306,1520.5669970462388,0.0016670064918509996
0.8893815229163701,2.244210090706514,4.339001251206663,1.42456160196421,227.34214185743028,23.27966094704272,0.009300914619265676,1883,2701.288326082371,2701.2719918652915,0.016334217079332795
0.9496378844428581,4.955188369225979,1.4888763507509575,1.2900238286753989,408.00887325168435,46.72627533352938,0.0015939640270166654,6910,4155.117540914986,4155.1145238536365,0.003017061350276582
0.2339163724646041,5.4669049415594095,0.7914748978634079,0.9040790746496877,66.57611769648649,70.07923726088285,0.009447592139329473,1126,79.67701024293383,79.66248314537563,0.014527097558201836
0.5164080445588541,4.6328202504413,3.824723468080308,1.4074827477141476,350.5921870232275,83.47356217509065,0.001253375412580492,2479,3033.375032354494,3033.3717956895503,0.0032366649439476056
0.9828886403464167,7.107940844442074,1.4518788163853618,1.011080809302206,342.42005149248547,63.684999730436616,0.007938814014617037,9510,2945.11183729131,2945.0986986523985,0.013138638911521366
0.5350666923758319,4.788068758833034,2.270459702465871,1.1178533010186393,473.42096425639147,66.45990210455845,0.0058120723736495945,3488,2234.2990584295567,2234.2882434559942,0.010814973562565673
0.8771927702630906,9.65275820061916,0.7886086350682247,1.1682999317824025,371.0153991038317,83.98865774023129,0.005551535625436955,1340,4638.249999484573,4638.238066240222,0.011933244351232318
0.6298583699181879,6.393497660412327,1.5182131314129583,1.3953546230647367,408.33585339047653,62.30746993750075,0.0016550065228960408,5873,3961.871858282858,3961.868110082365,0.003748200492583349
0.4377969171276417,8.267301420867181,4.068060252483361,1.4521252466033627,457.0659571339258,68.89235921810405,0.003148705093041247,7856,5204.898428387819,5204.890706098564,0.007722289255204041
0.3572051999732832,1.9842031279853096,4.1197840111184085,1.4507570144533892,353.7733632313945,61.29738719812474,0.007997925853586729,7101,1623.4947080705006,1623.4759926588008,0.01871541169987122
0.28290078197747853,4.5756216365131515,1.4318817119946967,0.8055679268949785,180.56913573198858,90.43665866941632,0.009021338469302448,2605,199.16187313135072,199.14803352628695,0.013839605063751408
0.7856183722399275,4.031629313024374,2.0116123029801027,1.44532193990982,441.3982098125849,38.84132948680711,0.005762068129476817,6277,4377.664701023577,4377.65313825728,0.011562766297295881
0.4478864561407251,6.125341493229326,1.104072885921846,0.8380708762011007,386.4101537641888,41.11948676324075,0.004180090567263359,6836,878.7867880261421,878.7818443111156,0.004943715026496552
0.560147915980676,8.75002168055283,0.8337768362821507,0.9860415597722048,240.99692180040208,30.23691692814606,0.0015394888725778976,3408,1257.891021981053,1257.8890449846422,0.001976996410910241
0.5430929320010638,1.70504395985806,4.964772715017842,1.1604914983094832,369.7381276924829,85.55734011955374,0.007139606734597064,3839,1803.723293153214,1803.7079188871646,0.015374266049222006
0.6195511263098181,1.653173182402397,3.4501727806017763,1.1359479823030758,440.4599947315139,52.942183244988584,0.003506019496176544,2108,1797.0368874555163,1797.0307962948266,0.006091160689742406
0.879019431062097,8.65285937341839,2.9394342913924345,1.2232968557211743,489.04345912607215,47.83151527049951,0.0014951234349293212,5454,7457.258210114533,7457.255506305985,0.002703808547695474
0.9826654092250865,2.9156507743452167,3.944743251823848,1.135612360115904,478.5581767815749,98.5078973669725,0.0069926655618876,7870,4160.555665401256,4160.539901973607,0.01576342764938956
0.46682578771643524,7.0187792900483235,4.280347218594758,1.4540629757482946,196.3975220438637,94.14426931518284,0.005371478141803826,8554,2190.307816957613,2190.292653382572,0.015163575040575989
0.8447670298956728,5.885903191247246,4.130216456201274,0.9683841937502109,239.7621711731818,97.7590145699809,0.0011076593473155155,8414,1902.44885712809,1902.4467358861837,0.002121241906275815
0.7880750151892459,8.496042353985064,0.5744275218044448,0.9918172858269401,99.29147223981707,31.383919740695426,0.0019983163519571236,2925,698.1910229145768,698.1884189316655,0.0026039829112909692
0.6161760563100159,2.1258001885276316,1.340635541857243,1.4445165549851393,161.3949291581207,91.3001450518533,0.007292817363213498,7094,719.341424276937,719.3212715806301,0.020152696306928713
0.9604424292507399,2.1680466915035015,3.4470738595302395,0.8537176596216794,447.08954381912764,46.29676795099612,0.0015730419975920969,8633,1757.3325406119934,1757.3305759433467,0.00196466864662125
0.2804270639755625,6.011365242504768,2.190917065117833,1.2266925753333668,212.38246682571153,21.012541616949,0.008793667583586913,5400,735.1102597272647,735.0972059510356,0.013053776229145162
0.19833778927865928,9.517407880225338,4.921171929774982,1.2772151664459275,329.2486963676965,51.3038668786455,0.0038019364967793946,2976,1538.0987476149037,1538.0914004641165,0.007347150787158983
0.8685657702598799,4.734979825336788,3.4943215668721432,1.1538792064008176,349.68452823816494,60.73570825104477,0.0017979982339278216,5629,3327.8460362692244,3327.842701529245,0.003334739979229406
0.49523483497037346,3.9424789022922546,4.80447008928143,1.285962315176196,401.8231738144904,28.65763388539243,0.00783781640351259,3082,2878.4666316312205,2878.453664052647,0.012967578573243705
0.8622719687863545,6.460203908780972,1.4065091674060721,0.9209282522083769,132.26001361053395,63.0142093499405,0.005719845110077214,4444,760.8913299837126,760.8827431010806,0.00858688263202816
0.9037811846758734,9.37403740490528,4.3878066265176034,1.396842562940078,187.16591057649597,85.55708673413852,0.003759760291413679,1758,4542.161065007512,4542.151319933046,0.00974507446600238
0.1562118342571643,8.532350495601612,1.946085376168514,0.89801798262892,251.75135365618127,50.21207606713552,0.004654885075023412,4094,332.32306061755986,332.316781496662,0.00627912089786837
0.8951182866874546,9.95935249659898,4.953041637070131,1.080568711021025,214.1784775572231,48.211584522744175,0.001192711560443433,5379,3338.1715743647246,3338.1696642037546,0.0019101609700656853
0.50348714983248,1.203117248821394,1.2095990243291628,0.8526803209157441,492.3073547868604,47.104833618454194,0.006964286837854861,1112,434.8226646783849,434.8139291368456,0.008735541539301634
0.559389240103809,2.01572330241486,2.8235291847724695,1.1816477551721802,425.7233614461706,93.84755567069536,0.004291963200671001,3420,1609.157652199217,1609.1478210485245,0.009831150692477336
0.6639332599838892,6.485209870299598,4.067800402267049,1.2688220651979474,265.85903957921875,23.900647903215926,0.007426338127553168,6283,2998.854214522336,2998.8425397339047,0.011674788431334083
0.9337443460570781,8.385187954004648,2.4468911627181615,1.4588551445667033,445.67088173891057,55.60609135943643,0.006653540313572926,1821,9593.544508968238,9593.529404982819,0.01510398541989657
0.11720448498678764,3.567199080760899,2.6063782708444103,1.3175353371272007,206.44382641248356,41.16795633197735,0.0068612876731876426,4639,259.3157781356791,259.3030165680009,0.012761567678225352
0.5291591214860354,3.1528997923079687,4.938601079775835,1.1787720415179057,403.62274575061906,91.50456203099954,0.008136034399039892,6764,2401.3417924444175,2401.323426142177,0.01836630224011302
0.7189498381875046,8.082782194430807,2.41388667635519,1.4528319120192337,150.65401914790414,27.684181086704314,0.00668042270538626,2819,2399.737807911115,2399.7254154829643,0.012392428150512185
0.7504362619284056,1.5074366846790843,3.218324452695786,1.1349057866286136,397.5449203518647,52.915421334432864,0.004768533363177033,1276,1815.9060960872773,1815.8978205552914,0.008275531985867375
0.7232791883833972,4.324443828243266,0.7454284730381782,1.1928439571692087,255.40403143807777,52.54529216248685,0.004509348055611721,7631,1332.602676884517,1332.594471551692,0.008205332824966915
0.2209916164673097,5.552283003330968,4.28994536094617,1.217268969369067,98.37469444650905,91.07155340376181,0.0020762389608837022,9011,317.05335239485987,317.04852336465444,0.004829030205446784
0.3694560295345131,6.043138069152911,3.4167562204079456,1.0869858081205968,172.96810455001204,37.239475603277555,0.008014990718406176,1275,714.2826248710255,714.2706683192837,0.011956551741881403
0.4228439728753121,7.557536411134992,2.318090462882661,1.3869378833960768,231.02358081060407,71.5916328241289,0.007849975975791597,7333,1855.7502264536024,1855.7315445362979,0.018681917304472082
0.8239934869115545,4.193611510875924,0.5727629297953389,0.9296231571915414,387.1818102489967,30.752490151023125,0.003216685303769711,2893,1314.14123042933,1314.1373205308862,0.003909898443839238
0.3508838851730977,6.514159102071464,3.1625096926707674,1.1883895332601255,82.84222162892789,96.31805712644342,0.008764137214283303,1592,397.26566046835114,397.2452135325272,0.02044693582392627
0.2896344674804829,6.268378805118607,0.5569602281787298,1.3055632793310359,346.7961477916878,67.44119674178287,0.006301029320115655,2387,1168.556482276569,1168.5427079065146,0.013774370054579661
0.9617032171342866,5.928544905883724,0.5054162625905806,1.432783320313604,372.2061384197796,70.10053842565362,0.005308181581551106,4995,4727.867077663236,4727.854140710959,0.012936952276966436
0.10797695660212202,6.76434963827991,3.272443529672096,1.418742877503995,344.26461646658817,54.70187213283778,0.0011574667146294628,8093,750.9781528578818,750.9756124247127,0.0025404331690727267
0.9980387701137804,3.3350425396126866,1.350576803005494,1.1561182026010994,392.3013371754,47.38261701330578,0.004444670672778847,6072,2452.1104265855333,2452.1028532344467,0.00757335108663406
0.7091391689716561,1.7618387822616608,1.3634939737314289,1.2502130158143392,130.17587721027724,37.0141143595901,0.006766036914120968,6133,450.9594005747112,450.94781056802003,0.011590006691156125
0.8456223695042054,2.0734450483576907,3.4397220462473466,1.0759664152905108,314.1965097783668,68.31902030658071,0.0018077305391954513,7699,1695.8102056267173,1695.8069317252446,0.0032739014726714255
0.36515745671157385,3.02124144388511,0.7416373457271843,1.1277244340161403,473.51522624174595,96.36493962785904,0.005136105779987935,4105,827.4586518236971,827.447278146497,0.011373677200135286
0.11288374990035399,5.501781419705067,1.9103250266355034,1.4343860548011347,324.85292141204195,48.783276327392244,0.009940923562254365,7890,559.2531464055124,559.2319312164326,0.021215189079856336
0.7640825667053771,8.56398475491418,1.1724435596390859,1.4514927952347318,325.10135612882885,90.65255109296433,0.0074488477348816085,6905,5095.540626327262,5095.520013071014,0.020613256248159822
0.8507301373006082,7.311640078795457,3.1107936640844023,1.4267898406469137,381.39783895097105,31.902105027779974,0.00592183798751444,2903,6884.301919974573,6884.290775277806,0.011144696767789602
0.7664285187581672,8.101365437818425,3.4779431962732814,0.8968596032695468,199.94190445663656,94.89008167054406,0.0057972959644516904,4361,1427.2830869368668,1427.2729538988276,0.01013303803922433
0.22856525857075474,4.158780615334822,3.7451113411956958,1.3950588149314453,365.21415559469324,48.03890271184613,0.0013938857403237499,3998,1284.058545334505,1284.0556666401894,0.002878694315478331
0.7780851300312722,4.641883674836952,1.6485404761335445,1.4638546117150362,462.3052249909468,50.37817692746765,0.009615829936671426,2341,4848.792887768632,4848.771720270281,0.021167498351072896
0.7920305038968769,4.543136973915516,0.901623882364628,1.0528747862015233,54.90296286140435,57.02738056274626,0.009353598942565388,2861,262.47958963763443,262.4641253166261,0.015464321008335181
0.6926864641030495,2.7268586596405138,0.8540764562385402,1.1630524025951685,441.5508684989894,77.45954159581201,0.0071416423960790195,3455,1481.5516031932323,1481.5368632185332,0.014739974699073434
0.7895043395160276,1.5509499232921482,2.417681968028257,1.345366679069097,148.3782490664866,77.57227469512281,0.0018911048471339498,4792,841.4905583143669,841.4860404682627,0.0045178461042058695
0.861329295709959,6.318244835445041,4.7562998407822175,1.193454696295954,255.16547316516886,58.36708677757322,0.002870505070744944,6864,3466.8061828830664,3466.8007575152856,0.005425367780737858
0.6522437028137126,9.902950150785275,1.4797806541116107,1.4954384651943746,433.5565104286871,61.85223194511487,0.0026551858228802674,7991,7198.459313434806,7198.452886821625,0.006426613181664502
0.17974424257271115,2.5014673445523656,1.655337206036972,1.11899935560978,420.760457355483,22.400839021931294,0.00567620636591097,6896,393.6568034791917,393.6490289802705,0.007774498921208231
0.5388650287004898,1.4201633790934638,0.9539996094763652,1.2997598978451643,451.36736515672516,44.34373612466605,0.00287023487051787,2308,975.549586933525,975.5442020227473,0.005384910777708648
0.16988440120444456,8.015785136415397,3.225066232522686,1.354813798137581,473.1875566846367,47.68136593844876,0.0072622050538977845,9131,1658.6282249561264,1658.613694681621,0.014530274505495598
0.46678872792918774,3.273274060162518,3.559427932762287,1.1458702910309075,251.22063054729136,64.69818149806075,0.005907068973724502,9089,1052.0676387630328,1052.0564907798343,0.011147983198594624
0.4663958402130649,8.466794248176356,3.39319043672342,1.399888663997963,345.3637148604531,64.66398138970436,0.0011589235933838994,8797,3743.7152365054576,3743.712565056301,0.002671449156380059
0.15940885972621743,7.3354300033106385,4.3750860937015155,1.1823082138450376,225.71529823674803,76.79198381822985,0.007696515133320865,4213,589.0101261897677,588.9940387326021,0.016087457165541007
0.4139384805725314,9.51106183345724,2.688916257617323,1.088155557761142,207.82252287147463,77.36218369744647,0.0026994586298855366,9438,1242.714181600255,1242.7089717086465,0.0052098916084531155
0.19989828891218336,4.680345121810048,1.10505668345179,0.875476571696363,244.21793476895127,38.81685793696664,0.008423966077126093,3224,216.48596874762208,216.47573102525325,0.010237722368821572
0.8274116890083,6.9577285550557075,1.8023230881698569,1.075389503445297,384.3842606522042,81.61497208838598,0.004195408934106811,3858,3222.0079341869473,3221.999740266557,0.008193920389926366
0.9529192233680237,5.183693027319436,3.480934880396083,1.313755518313299,275.64833621369877,21.568285443702564,0.004047577119834728,2367,3928.1783885324867,3928.171924106356,0.006464426130786215
0.16508482773214475,6.675298275776892,3.2590488818370194,1.4449004881760752,416.32685350175393,77.29295076853764,0.0011063560220038948,6144,1425.4686046871138,1425.4657705274674,0.0028341596464956406
0.9596036865625313,5.046390154069636,2.889514083843331,0.9761755827022173,385.3483147382701,28.16488828155385,0.009889560846307155,1702,2796.4019262857532,2796.3895533143127,0.01237297144058603
0.5703189394030707,2.6976902178166737,3.5733398840990924,1.048664862131352,59.215307505979695,78.37185667369752,0.006508039052546775,2550,232.90928422867145,232.89711079203724,0.012173436634209667
0.3696091101584865,5.571076744030428,3.368258826679847,0.9077726958730984,333.60717069777274,62.16944724547234,0.0048045714956739165,7671,908.3242272446588,908.317154291,0.007072953658843037
0.16917586774854718,5.757257812936981,4.465962002592283,1.2835060259602782,246.45700548886597,54.98036005464737,0.0018695926401520516,2333,702.2074021178101,702.2036831572963,0.0037189605138832254
0.550561841263376,8.295434634341449,3.1370736986523347,1.4721319010069478,255.4830451180137,75.25331118091432,0.007292332577359152,2798,3485.0218925205704,3485.0030785949325,0.018813925637735103
0.8150639900416738,7.619686352142231,4.003706114152504,1.248666553893723,418.2678742414526,22.90966669977862,0.00354457422992745,4455,6178.3493006133895,6178.343860642249,0.00543997114110733
0.7363778295400284,6.974124615472997,1.6191822018491053,1.2319535710043585,296.42359373810456,37.87762605404627,0.009894527365379761,4365,2846.8529597757606,2846.8361530469697,0.01680672879076679
0.1452034103175764,2.0204838599731527,3.551821630650806,1.1874429513503038,448.5298205565262,69.31521139741233,0.009554926232343908,9855,511.7347014323098,511.715491047275,0.019210385034793033
0.16561165183111318,7.485546615973435,4.55987353272204,0.8619190184798756,370.7625165762607,87.77723253046544,0.007617670109225099,3627,549.4792985383299,549.4669694331112,0.012329105218697204
0.4625859543693734,5.502746407190633,2.2357954755492497,1.3106526785005685,298.77800394382376,50.48861095560936,0.009739647372546721,3084,1837.2996006975038,1837.2803903824997,0.01921031500419684
0.36576144464314897,9.046895824955433,4.0059688430239095,1.2214346804845455,389.5420892679967,40.700917810684565,0.0019507047620838656,5973,2774.592238073965,2774.5888856516603,0.0033524223043422023
0.3091458907504431,9.278838407174884,3.761551855379459,1.263033738199401,67.25707291643329,61.498914863119545,0.003519238244828907,3149,432.5428528142995,432.53567432216585,0.00717849213367887
0.3529040490178422,1.4964093154160691,0.7678678859232011,1.4291677651191952,62.18764467269348,69.78522019094731,0.003279189599120612,4426,101.50578944054867,101.49783243571002,0.00795700483864459
0.8231344689671962,8.38577404319031,3.1167873933083254,1.3487725509427126,87.50719711438343,53.60824251245972,0.0016481139261337225,7608,1507.2578177728155,1507.254403167844,0.003414604971621799
0.9363052482686686,1.3392765138040357,1.0858520714036106,1.3466406765081682,246.9043963162142,90.13685461278041,0.009750039381743103,7837,1016.7054990872689,1016.6805344992373,0.024964588031563574
0.4645924250748098,4.304526631255204,4.85293627503766,1.4490286382155433,155.9525655321244,61.875096708801074,0.0015397667798220448,1479,1393.1403785934278,1393.1367668910484,0.003611702379452688
0.9154999019192473,5.880699780589712,4.151333762152953,1.4929544660240996,492.91758248710306,22.8658870056468,0.008710200135948967,4730,10090.5630342995,10090.547056902864,0.01597739663445474
0.3893461311230938,2.332907187644147,0.9937571056120404,1.2068979123727417,294.0305625551151,37.84431637649523,0.007913452821191554,7359,554.7389933342982,554.7258281962487,0.013165138049535804
0.5287932877094125,7.716824313121691,1.0478839894145529,0.8762171312218161,348.0870857365213,56.051762473425164,0.0043828037872431355,8142,1238.6165906539768,1238.6105978172413,0.005992836735351238
0.30342609803439974,1.0751923375492471,3.175132347106785,1.1213909354428055,175.4690613110135,75.81804152135467,0.001169266263668191,2350,284.57267288589094,284.5703675516619,0.002305334229063563
0.6764284379582596,2.5173914359063314,2.052001283779325,1.3513208025231511,194.80860886442395,37.58017950340711,0.0010548631448368258,9891,1099.5277322186873,1099.5257710703086,0.0019611483787761084
0.981083003657328,6.227171468681282,0.6570763658289918,0.8194077273332945,200.95786136352015,98.10059517739369,0.0028359445662453093,3647,911.3171705944641,911.3125671429526,0.004603451511496885
0.6431437864390408,7.4294880583356315,2.937386785248739,0.8398212068493044,364.43106731763527,45.48466065504668,0.005444889220304138,6366,1713.7469175771532,1713.740264951431,0.006652625722252271
0.422032675702194,9.249787924245245,2.245302948586311,0.847010447667975,263.1677934601888,62.59841654884707,0.005121189803666363,6108,915.950710927984,915.9436578944074,0.007053033576706141
0.6830357013914755,7.349469867411615,0.954844215672842,1.3117250308298176,282.9576436385335,21.517310778483292,0.006267633189084348,2721,2761.5682704320375,2761.558279994071,0.009990437966195663
0.21062861061884883,7.046013432293794,4.108641765151922,1.1508166399942206,316.4013419717054,90.79125771446435,0.00794763378694686,4159,984.5364365674762,984.5189862854154,0.017450282060852126
0.8997931722388588,4.549070317155978,4.617845443754627,1.0582285604644155,395.9652453071977,83.10677228201467,0.004396191533741852,1333,3657.488514075099,3657.479995626813,0.008518448285926582
0.5527755557018528,1.0115598297412127,3.904672703063585,0.8739319316832153,90.66638683061517,35.636640343647414,0.0024432732595838567,9855,188.1869288145941,188.18403262710123,0.002896187492870304
0.5044147678356778,2.0814333286205975,4.200900395073248,1.3125681751441225,399.59326049846976,94.65893529918743,0.008200440251455816,9970,2181.598678122942,2181.5777257419604,0.020952380981675265
0.6272783096081673,5.8109909028043525,1.4742075526975282,1.0247138673856298,303.4557809938309,45.26718110379237,0.003994216131980898,2223,1456.1431554166786,1456.13720973459,0.005945682088646138
0.6623054765104622,7.076168972599778,1.6860782791337046,0.9857268490452671,351.09295018486574,75.37490307040937,0.0035819370801401565,4454,1979.750627970382,1979.744435813046,0.006192157336015568
0.16459822560386173,4.757034555068162,1.4383739313463448,1.2566234410874857,197.3982941783429,85.51810544132799,0.007878808345863119,6877,317.8878277971838,317.8694602149207,0.01836758226305427
0.7143554991010622,7.576111103755512,3.942785441145038,1.1913076248177892,234.22407656740214,79.27315689897446,0.009407254942748302,7359,2735.31809346065,2735.298002435305,0.02009102534486734
0.31773851228397665,5.696760657989609,4.7656268552052365,1.0536874492693111,154.0246188442641,93.4066227223873,0.009234651538096814,3633,568.4978064681458,568.4789871596819,0.018819308463939248
0.7425573692559309,1.66758576034881,3.725767430302562,1.2490412295639117,490.6849988378324,89.14198082725667,0.0022369818327146076,7815,3065.8150516751934,3065.8097668921337,0.005284783059921801
0.8402813149457771,2.7281462587115395,4.466600441958002,0.9898550642688827,273.6513376296425,99.5689211273288,0.005528423381223697,6374,1621.003434823739,1620.992513738069,0.010921085670205971
0.8235626567972683,8.559984009195485,3.3741459269742764,1.3563811831230288,498.23461210846904,34.60891300609164,0.0018358325535535608,2016,9009.174035879909,9009.170683998535,0.003351881373692675
0.5972508706671003,7.524214719619955,2.244469552514596,0.9605232652153578,270.40369012756986,44.380944098136005,0.009648783630157599,5533,1455.5436986286581,1455.5303175743447,0.013381054313518357
0.568152903079676,9.052857883112456,2.4159272671863734,0.911186386767411,148.8880689728303,70.8980693945304,0.0029370509728915547,1005,805.4887066441613,805.4841330685521,0.004573575609252714
0.22858836520547055,2.058015242088429,0.8389464447533217,1.3477075866492125,278.3535785315855,78.6437748713267,0.0027768661728919727,4987,334.8063612107708,334.79967563969393,0.006685571076816577
0.797811535362822,9.912002811535665,0.6415573786071174,1.2955244214885533,67.81800730958501,62.768404364456735,0.008999971057058315,7719,958.3941097485523,958.3751314697233,0.01897827882896968
0.34426844240204296,2.884660425549402,3.6296402188508483,0.927847282991259,457.14641063987807,25.914269190929193,0.009710654996097686,4792,882.6304572959456,882.6191124141793,0.011344881766226542
0.5470258805361519,1.1060188865797782,2.4729300140503128,0.8813720268829566,418.3476130374985,87.32761814403057,0.00727869033365731,9704,636.2494140285949,636.237396523446,0.012017505148779879
0.35584668363476507,9.976806451481988,2.984967806245833,1.3868793619406845,376.61923431242815,96.86994848170175,0.0020890453032930243,5964,3341.2424059514806,3341.236702129383,0.005703822097495192
0.22044552669972384,3.529664969006018,3.0094756143008734,1.3436189375376817,324.42202194910703,52.44134750611158,0.005372700494866065,1974,844.287160557683,844.2761560269765,0.011004530706525706
0.666601927202563,7.012175072613039,1.7481911599998563,1.029080161589765,310.9254051516634,37.984998535907685,0.008349445846554435,3733,1922.8531860392866,1922.8413300245181,0.011856014768560373
0.14889883134061346,2.5901408275867466,2.641516298732708,1.2607381857493567,498.5276963357583,21.545100396967,0.006152294653374207,1620,617.2716068453675,617.2621792813342,0.009427564033363964
0.77378071071358,6.222056789792275,2.61842099750466,0.8869121305834676,175.09884530897207,38.98392288748682,0.002193353692555012,8595,942.1918747179698,942.1891710470445,0.0027036709252576197
0.38582811573500503,9.136314878091033,2.2479224955253567,1.1549333613333748,400.8579644145101,75.99350198707378,0.0025469897455290508,9785,2348.568014327654,2348.5628372967662,0.005177030887659491
0.1001212237040368,3.8816305068559473,4.193039225304817,0.8131112044422939,311.63214659614584,92.92715101381843,0.008777275082513247,6852,166.58233978986425,166.56857077064592,0.013769019218327924
0.5600162253135068,7.032285784399233,2.530238016594182,1.074121316645089,489.14624469149834,27.481045314541266,0.005743262473187351,9814,3022.1753844858704,3022.1675202303495,0.007864255521074174
0.14216671767484282,2.6911322991857487,3.2164003602769453,0.8523899750299836,422.51143248421357,64.2607349729544,0.007352530963900412,8303,257.83183526202174,257.8215406743348,0.010294587686930418
0.34855260203880956,6.623158588468527,4.5298405417137175,1.132603026109818,499.3363008453167,75.64249988094659,0.004357562736097584,5529,2490.061562254018,2490.052893613854,0.008668640164180664
0.7362788387101445,4.028053166357592,4.398051302865151,1.095177152797026,314.74624750810085,42.11046568850149,0.005792370246269574,4919,2342.0714548317637,2342.062439810576,0.009015021187501806
0.15642065945967928,2.900874327291565,4.506899917006243,1.1110695186466393,142.04478089522075,65.59176313362416,0.009793928263489227,9509,203.20206269177348,203.18404343466023,0.018019257113251873
0.8554046431204021,3.8186384563327165,1.7150224840925627,0.8317319114335959,276.6591660626302,77.21987408046184,0.003967327332713243,3582,905.9385590729312,905.9327112552703,0.0058478176609321605
0.10343793039272481,2.609569616570194,0.6574211973862827,1.0531314388972828,370.00001032275856,87.01753945083014,0.007073096747574471,2524,138.6877982205323,138.67386746999776,0.013930750534535593
0.322141482281712,9.117244970540945,1.6748005995289814,1.3295386943699417,398.4621737817146,56.199988065598475,0.002552550014757068,8226,2448.7273166520527,2448.722015671168,0.005300980884745588
0.7668136505368643,4.574681976854159,1.754183055293189,1.058240061347534,50.2294950571746,79.82857751351685,0.0020956589673429998,1892,272.9915618695754,272.987573792736,0.0039880768394012535
0.3846431347563761,3.2075137447693063,4.592121470262356,1.3006203668267065,277.26218982603234,44.142637739187975,0.008052761001331269,9819,1407.1120634794204,1407.0969665777823,0.015096901638037351
0.19170314925941218,5.035670569143396,3.421592297770868,1.0586351065436133,155.85556098679095,37.04373974177269,0.008596973889884492,6323,283.19989682839963,283.1874243976535,0.01247243074615219
0.4242105269203851,3.88482550125846,0.8676678182100295,1.0962676090431305,443.7103249646548,34.985099687253395,0.00701480525814474,4021,1075.0776897296944,1075.0673092354298,0.010380494264621854
0.34335395774607297,7.699773284319933,1.1092036820499551,1.1947244789804863,118.80744982260285,48.709818546058095,0.002423762537900276,2454,512.9208774177256,512.9165711852239,0.004306232501669677
0.8584407119444994,9.740979206969449,1.2005425649388894,1.4654773557649576,349.90531230867504,22.87037454310792,0.003165291690782848,1552,7058.251775885634,7058.246076342667,0.005699542967104162
0.38201312582662883,4.942302910278821,3.3368978667601543,0.8762023126526587,169.72798564621618,42.639347013219975,0.009200581372856006,1675,412.1364867716734,412.1249877999012,0.011498971772176226
0.8100392245984065,8.749300599750164,3.809363114781514,0.8230396380628217,210.4439644464225,72.17782595545826,0.003598336439197807,8760,1450.2036223187445,1450.1985231458427,0.005099172901747985
0.9026849303296612,6.092767662036575,4.368397597544282,1.2255700286670317,473.2516673405802,71.83352377281093,0.00836974464577406,5397,6712.523386329171,6712.505760147738,0.01762618143340291
0.4904356776188766,2.4151209858481013,4.732864478628094,1.4643679622498984,158.20165643363578,25.8843045193193,0.0035734356001936147,4264,1189.2675973288235,1189.261010023959,0.006587304864605821
0.9189488294689528,7.215604678732074,1.407670508238988,1.4928061927883005,92.7512428203188,42.99324936644961,0.009455163123910912,5993,1637.9306876887301,1637.9105045832903,0.020183105439799526
0.43958624856687356,5.620910474132381,1.8939761812582208,1.1389149731744013,81.17820564990163,65.56461317423373,0.009230076215533027,9807,347.8646635453975,347.8472589429159,0.017404602481582775
0.9676705748410974,6.855458709268931,1.581452963351738,1.127657134759569,277.076799544758,45.484171000248224,0.0013893685626590916,5227,2876.5086766458344,2876.5063972996854,0.0022793461490725024
0.18036057207301565,9.007186713144984,2.1144270535976197,1.2514746395216374,338.7701670279296,53.43904193510988,0.007933725881806679,6289,1064.3020395062433,1064.2868047635893,0.015234742653892965
0.7183173398529185,4.963911135904414,4.615992983406873,1.1889443300434788,197.28213960689925,77.02486056926112,0.002525155842109664,5980,1919.0642940426467,1919.0589792788592,0.005314763787429222
0.5444326364112358,9.1105986089562,3.088006551227127,1.2438616403298828,360.61688380688634,20.741346356530403,0.0029374446331574336,8814,3705.4849065243425,3705.480494907577,0.004411616765345528
0.4488839249100824,7.756021128534894,3.8218635379602457,1.4117995978765259,77.46517335795701,42.11148352707444,0.005138606910983282,6666,802.4564212689384,802.4461115310595,0.010309737878888491
0.6694406908737408,5.397444332901863,2.705536562570519,1.3224143186413266,435.80059021529456,31.389779502801332,0.006186863347745051,8647,4134.099746913159,4134.088997131324,0.010749781835736006
0.733471382470898,6.428999220921673,0.6298606100125603,1.1478141741807568,417.455244382657,30.208734621159337,0.003932197470734428,8371,2847.5523473255466,2847.546470442861,0.005876882685533718
0.10392694268527819,3.930230192671103,0.7888796869901644,1.1233051213001188,493.4733221264385,96.72321731577976,0.006178450289987884,9662,305.3984396834491,305.3847865317965,0.013653151652602821
0.2502577798724789,9.852375697648968,2.9206536407054857,1.2477212239591813,471.42724140583044,50.12482652499342,0.0025359253420702294,2955,2346.0225177065686,2346.0177675650903,0.004750141478384021
0.7417414455708868,7.006160467453564,3.734550656690115,1.1189943990942082,210.28872376351762,62.16708679277119,0.0012010388894293338,3396,2097.7698756375185,2097.7676961835655,0.002179453953018904
0.6997468722203858,1.3946216724696692,1.4689873738792918,1.120445545885948,229.67392280700972,78.7057509655706,0.006141019495255869,3090,577.7728518384629,577.7605556712775,0.012296167185375613
0.9694427546158095,3.939597151732079,3.7485930829653684,0.8114141312505534,385.6841813652168,23.795797988804015,0.00565673733966087,3823,1892.6249223401924,1892.6192401667745,0.005682173417855965
0.7849340112257047,6.609829903831518,4.147995980675806,0.9218448961851159,110.33724737974244,39.28181108461587,0.007206885676683325,3529,791.7728221524853,791.7635687832153,0.009253369269986388
0.9556954369582042,1.5069995001931582,2.3535386526295006,1.1419595479970273,191.3066196101757,86.571822987497,0.006848398557710422,8544,920.4616176416721,920.4470266166512,0.014591025020873049
0.7322864513813263,1.214957721872285,3.8588865477984724,1.3758574213352583,103.34342163904172,88.95924905423048,0.0090773774221056,5173,726.8786802457072,726.8550807904602,0.023599455246975043
0.36824698777549886,5.0502181557502235,2.3181347764780695,0.9951089047089869,254.6989020827741,49.836073651264165,0.005135217581453914,7959,684.3571038068516,684.3494470325387,0.007656774312819809
0.19482843002577083,3.99421161723403,3.55257783254759,1.1658504031918044,298.40192594839294,49.98892797214146,0.0010753252722364782,9838,596.3527279450885,596.3508475812918,0.0018803637967841071
0.8036414770104421,4.944687472298493,3.9379867219379436,1.0414734593314625,145.02221148323858,80.55175016871056,0.006675874134371687,9955,1122.9020346982086,1122.8894813941106,0.012553304098102517
0.6797342993283243,3.3642397889200466,4.963669782386498,0.8733627926777123,61.98425911134725,43.60561813998953,0.007076191866428967,3326,267.64576344152044,267.63688849557195,0.008874945948519352
0.14336741115396662,2.482459722486828,2.0542849792861824,1.4708089381499105,373.71012428773537,29.367526491199847,0.005693454904563728,1458,525.8369685849782,525.8261353685396,0.010833216438637086
0.4240454193108805,7.202290212823039,2.3496835125857514,1.3982717091752113,59.00232399177583,40.60283601924667,0.007203743832170942,9883,467.2732484373203,467.25908580722586,0.014162630094439218
0.9611198339358575,5.631140046410205,1.245290267345771,0.8549446971268345,488.0311740177603,50.98757853086199,0.003912254319125375,3572,2357.572875617366,2357.567825443598,0.005050173768295386
0.5503610311391811,2.8013879012443015,1.4183287628081311,1.3038510837277992,149.72326553407797,24.176376767607863,0.0023392747287197127,6940,591.1245882856673,591.1208008243558,0.0037874613114480373
0.4894562224177342,3.876304836339985,3.6202775116926995,1.04330593305025,348.755041452331,58.294420336013985,0.00698098297560766,3539,1392.9149934434085,1392.9034643843775,0.011529059031169764
0.5119296446433645,6.326271168969933,4.626705155695142,1.4963948649432548,245.6382768079951,79.20060102182228,0.0032066778629397585,5169,3084.125907231032,3084.117308368525,0.008598862507202857
0.2879944516046474,1.6500641344523006,2.2757222824755825,1.0116789638802843,76.85323715169824,61.099611558436926,0.005106843183557844,7073,88.94039162547355,88.93206843688527,0.0083231885882742
0.4318364537783157,2.327077083395616,1.3093000107599355,0.96711691175382,262.4826229855104,25.751627241160556,0.005424604575504838,9710,385.52643192723536,385.51983471163476,0.0065972156006312245
0.43283193038845896,1.659210436966511,1.7829477472234734,1.1975233838137838,282.5422854335598,55.21197050767668,0.005294795954215497,5470,603.6825953044386,603.6727538690976,0.009841435340897183
0.14711951816872518,8.31085599442707,2.5477326716366235,1.3845883143402429,434.6074436417908,76.71236864342661,0.006386042293119603,8473,1331.0282043489758,1331.012579371479,0.01562497749680645
0.7908108656661265,7.771683098908083,1.8079264821441576,0.9347632102738587,379.55708134155407,24.647732319215194,0.0012650833803327297,4991,2512.4707448951526,2512.4692708691537,0.0014740259988871214
0.4748539887134911,7.779816386913314,1.5511058740483983,1.2965819388035318,85.68611363902386,24.78777517815108,0.009907142454370793,9534,638.2722297459907,638.2562002297002,0.01602951629046884
0.839961898134781,7.446928091284253,3.811930199406858,0.8429846081987852,144.1232075445193,49.64811225447861,0.007446794265447142,7808,968.5707745720907,968.5613803625406,0.009394209550133651
0.8653132010079059,7.024468813028823,0.5353021455828044,1.443254320177348,190.34945789672648,35.59711712989673,0.004828490036188865,7187,2593.7070699776364,2593.69762056831,0.009449409326226614
0.2907946492287923,5.292927238403575,2.926537373014174,0.8567524413031092,102.38345890916877,94.78246330467363,0.002721970272612199,8608,179.63105567974313,179.62651324619918,0.0045424335439433906
0.6916181339531158,6.780503471564034,4.071950631633893,1.4399619634409138,255.60458191152074,66.50748829917946,0.0017215959019902067,7308,3978.0061993793624,3978.0020716044205,0.004127774941822934
0.5250536237466835,1.345253993091772,1.698027288428607,1.143565074616892,492.939135888141,42.98603195247169,0.007049713785635098,5531,1030.0674907012733,1030.0559634440963,0.01152725717699592
0.8921410641293366,6.593179803911061,3.214811797754078,1.113663778957144,281.5757560569927,76.38213832919607,0.003852600534627025,6126,3055.752242996878,3055.744675318287,0.007567678590957531
0.2941666112588087,8.000899349831895,3.51005047528378,1.4813149556502636,383.8469757454262,49.99432410874631,0.0030653061242488125,1443,2852.0590557242094,2852.0522449562254,0.006810767983969193
0.7100318802790399,5.503225243459512,3.447611133822905,1.4932689243887534,357.3220089647058,30.5692515503208,0.004419589484011001,4704,5063.817296343202,5063.808679248348,0.008617094853705565
0.6469769100274503,4.217619955845132,2.5063233538942296,1.2551246881727085,432.4601457914621,38.97857838748643,0.006336307790269391,2900,2963.700265244409,2963.6892124777273,0.011052766681736367
0.3657713298146495,3.4968406132088123,2.0596009454410065,0.888983504299934,147.07557070952424,71.41978275675005,0.007045346950156011,2556,236.2403606676485,236.22962430857905,0.010736359069451102
0.22294081328605536,6.785218451458742,4.261658328625161,1.1543190599586417,389.2218177618627,24.150088479759333,0.006806530624190772,9289,1277.2658997712747,1277.2561454130016,0.009754358273123402
0.6864757844295489,7.235210787669178,3.9130068064993893,1.1704141706689637,446.6098581375873,41.8151232038451,0.008769390251427762,2044,4682.08675733577,4682.072201688751,0.014555647019099352
0.7647377123190976,8.838708398762883,1.9456482803626063,1.1601124996947167,127.17942034110924,36.66491821137397,0.0029688168796310377,9659,1411.6442137868862,1411.6395068262916,0.0047069605945730475
0.38406460938701503,4.081006742148917,0.9635863749899274,1.1986442869640068,206.0609989046017,36.09080885412256,0.00673071546877422,9545,573.6079819906844,573.5970025467122,0.010979443972079641
0.6803493436200825,7.9279507664702695,0.8231339545046114,0.8131072996560735,486.5457939492027,74.6209929580777,0.001910029385674847,1071,1915.1990424010173,1915.1963304342567,0.0027119667607333666
0.45561781685035296,6.052202417704041,0.9242419005452123,1.2978590970293518,401.3545306909066,86.06535334034916,0.005931412209092601,2075,2148.92365621157,2148.9093326452135,0.014323566356337506
0.7418861949543559,8.945528416102713,3.1229121253641927,1.2986760113670917,177.16587464188956,77.2693286451407,0.006255625622407042,5555,2675.3000172363318,2675.28561582124,0.014401415091926374
0.2792937474046478,5.750308974660586,0.7324797912304536,0.8808288426245215,303.77379634001915,71.65822526404098,0.002946135690407563,6286,426.7376688819589,426.7332142801349,0.004454601823963682
0.9011935023725569,5.658668455581705,2.0161709373381727,1.1991676097120605,231.94675528226546,93.31614174542912,0.004525238169921132,5462,2306.9458628132247,2306.9353724759862,0.010490337238439899
0.3586686368190218,6.200893732968182,3.889398658614032,1.1978528277050422,270.4843293472085,24.67139043394375,0.008444736006254222,4721,1404.591664127804,1404.5790529298415,0.012611197962461893
0.43100738898053764,7.74383819628191,1.8245667493192015,1.27771529413328,209.82478612581883,33.39864687809926,0.002335681483776671,4107,1412.7016811109222,1412.6977000471413,0.003981063780993132
0.15228275687231482,9.682214309456148,3.9348863473105844,0.8597783844945568,175.69895833865326,53.152548453642574,0.0049105557785425625,5702,269.33204982628746,269.32558374144463,0.006466084842818006
0.20036099108914876,1.6620701879418909,3.8546016719317486,1.2385523150862674,353.64336862613845,49.79613148030942,0.009394597640903068,3575,599.6490870742756,599.6316572448201,0.01742982945548076
0.5642757124410953,1.4809114215191546,1.6062220968494734,0.9965263655224389,400.34381678875286,53.444128237041795,0.005536980349296409,4046,692.5685921424382,692.5601254838039,0.008466658634330614
0.34083340905517434,9.437953036666046,3.7796998104173545,1.1549020933473204,443.28070523630515,36.51639240341648,0.0075262034064995835,1748,2663.5913728925484,2663.5795068494017,0.011866043146660565
0.851932203167975,5.768880629663855,3.8649948722244534,1.3413264868928536,119.89848529318462,31.960265246418267,0.00844179435599996,2699,1770.4857174579092,1770.470775330032,0.014942127877361122
0.11322404978945846,6.534127131102425,2.288542665501621,1.2939521554541094,420.2849856403583,60.735459796634245,0.002833969373609432,9793,702.9471325618292,702.9412383591185,0.005894202710723818
0.4411846438047426,5.341812414352559,1.446892176836832,0.8832321123745954,164.6603710146786,94.24420192550349,0.0029639551197963914,5715,384.7262591699964,384.72117412806864,0.005085041927756844
0.40361099209218343,1.8429170734672704,2.845718631013411,1.2138293509812512,242.30137545952277,51.35755698799336,0.007827323104885453,9446,675.6003550602358,675.5859745264911,0.014380533744602112
0.11739486782584094,7.912804405767999,4.646289146000884,1.478381571658517,455.649658632161,23.468257129562247,0.00777976064358761,3724,1468.3031715344264,1468.2889708886805,0.014200645745846473
0.21193155910045922,7.725021805797282,3.3782752959442788,0.9097386061345016,254.5266204421709,76.49338743116196,0.0015416498857565716,6319,495.69692377611307,495.6944484591461,0.0024753169669771724
0.47227840742677174,3.805329893435308,1.2781512393226753,1.3970349614077904,138.6785903199423,43.28839244217399,0.0039024841662546796,1835,649.8131486533616,649.8053367037267,0.007811949634948748
0.543578126002702,3.7561532070556036,3.5724061613008393,1.291783656387644,121.94089485670301,39.60760058439136,0.004586792427175942,2850,810.6137443500019,810.6054723993406,0.008271950661296688
0.4638607725293822,8.540572428149666,2.4224136227682553,1.3418023190368318,262.8426949934602,45.940640055836965,0.008461363631240384,5764,2406.5366849173247,2406.5201155798222,0.016569337502402755
0.5778439105708845,1.6512153196719397,3.1618795880991786,0.9973708289998519,393.20259078944935,77.9052419126301,0.004796760298867637,4102,1087.8476020967842,1087.8390908452955,0.008511251488619616
0.6356185074151134,8.929946335209092,3.8032881576039856,1.0015222505658898,498.7423147884356,85.50555094962432,0.009333360013629196,4649,4048.876709553307,4048.8593692962963,0.01734025701086099
0.10893143901505208,3.30995520906323,2.8172630818150015,1.4342136190435417,404.33388279390584,67.04448538711709,0.009969469994265762,7744,555.1407401768437,555.116855572268,0.023884604575693462
0.5176856435081535,6.336862729799446,4.162927885579888,1.0518824224647911,444.6553815242841,45.798300297564126,0.008026535491249147,3533,2674.2789594772144,2674.266649768132,0.012309709082353817
0.9671493167988295,9.423947611015999,3.749700106924825,0.8441107734849673,386.5245624206996,44.838258649382254,0.006997480206105318,3306,3508.945456277556,3508.9369011908266,0.008555086729425232
0.5671290521165938,7.103102513829818,3.267830030083298,1.2204176925056152,452.9457953402477,29.94466799243704,0.004527074493884105,1493,3967.927360743445,3967.9201814021453,0.007179341299762741
0.7097880407130579,4.72986831220333,1.1785676712455817,0.8873723683292899,84.33209449126096,94.66408385881556,0.0016033550144683006,6700,278.49039442198165,278.4876247940795,0.0027696279021537113
0.38067747212519487,7.205807880148736,4.261770999102057,1.3576173689855358,468.4692195417405,71.05115191750556,0.006158248807565175,7933,3769.349370300663,3769.3350694912037,0.01430080945906078
0.7965922403374863,4.095816726847332,4.7115751339391725,1.2492225097507401,228.38276917654525,22.157969588469122,0.004255344149895919,5040,2500.503437286637,2500.496943525704,0.006493760933165172
0.7956293336885036,3.495325747142675,1.1163430571418267,1.4123085536548456,464.72640047620007,72.98936761493445,0.004158082682491093,2776,3401.1572956366467,3401.147136843404,0.010158793242605263
0.5691664428887251,9.970149501412116,2.6970850824504375,1.3493860748478448,84.079776856764,55.772273935480634,0.007189383274384922,2867,1103.8016645225998,1103.7865526591465,0.015111863453222338
0.9784124409512923,7.757112080618089,1.6649993388672701,0.8784795538367374,371.85933070451114,97.80463704375356,0.005172754227369722,3734,2645.5360060918124,2645.5270175349406,0.008988556871999813
0.21299519328638805,6.802479796436359,3.895354883415041,1.0667494735040957,381.05993690159204,85.52550598451256,0.007768844602943051,4331,988.0765868590083,988.0612115980218,0.015375260986548274
0.1152528984006229,4.197606788973869,3.7473333620211497,1.342192174940211,498.6099001839977,33.705260306623856,0.004583559004168413,4440,822.5023200858371,822.4940945154547,0.008225570382426882
0.7931423905813864,1.4424474623954335,1.1339830425667943,1.092139031286428,395.98487181041617,77.60888950998931,0.0023577704693790637,1209,965.1750874703213,965.1705140180494,0.00457345227185972
0.8264399836283943,1.2795118843164004,4.446622720677367,1.4806558393459848,222.158167617023,58.84528030682107,0.00515212773571222,9106,2304.866037658098,2304.853920101386,0.012117556711790664
0.2081865062085186,5.987631299039189,1.3143787879010103,1.3150183149254144,300.7618482283454,34.963613093594255,0.00955911262892827,6108,790.6616461810196,790.6446807039573,0.016965477062332115
0.3390245496627455,7.85829448935146,4.087665615416483,0.8108499416832248,214.9479221749656,75.89919258639593,0.008213721662049025,3729,572.3679770786193,572.3562620240036,0.01171505461573781
0.11579712702996603,5.8364127139946955,2.556411618326022,1.4159899840925856,138.20839038718617,63.79100629553963,0.002851743295660301,9122,269.3217048731406,269.31509092688196,0.006613946258661135
0.36397774970250824,8.567065647452031,1.9772253210116806,0.8705633494079904,161.8260473760231,22.42991030172564,0.004521704514804484,5770,470.7017895896571,470.69697022166054,0.004819367996546549
0.7958276865268044,1.3008387978389946,1.2120766820339608,0.8983666069260602,149.90474042344442,71.72703604230607,0.00935012885698484,5200,241.96100797018687,241.94658316785103,0.014424802335827179
0.566164474941321,4.300768687833461,1.2542641526598324,1.3141446804277357,296.9668985734458,70.79896718899525,0.0021132915285390986,4761,1612.9649468456184,1612.9602034665402,0.00474337907835604
0.4132860338514593,3.1336335205676025,3.478507496154051,1.4054779916013362,457.77228553935197,31.52681288411701,0.003285552176784424,7943,2471.1067036238874,2471.1006300165036,0.006073607383928489
0.4345653654156973,5.025456713414099,2.976936745762042,1.1754447395296892,460.7269817397789,47.91901815973543,0.0033600038128470677,4114,2213.727894444725,2213.7220523848678,0.00584205985696914
0.10121826314392135,1.6513875387471022,1.0493843974305472,1.0023348130620455,74.64369988662148,66.8719176600832,0.006138395880957852,3700,20.510820355286086,20.50055318027124,0.010267175014846542
0.36982047480871233,9.587184774139653,1.0071403719724634,1.045920881677223,85.95473042835208,31.10264112853839,0.0046965998774019056,7694,368.41668564336703,368.41024552518684,0.0064401181802004
0.6818128674741375,3.009298609624248,0.8253975864775616,1.0400225307172393,160.30357572755457,88.21787022678052,0.001718836065966699,9865,453.3442216388393,453.3408570030474,0.0033646357918937853
0.9767749994347215,9.300769979352262,3.8469530631809485,1.0286746726666587,164.77675361126373,22.198883703016303,0.0066626330911937716,7759,2239.230201855917,2239.2218267331255,0.008375122791685681
0.8623547442855096,4.833038395330136,3.7034693835318016,0.9700367702751549,92.700128857663,28.226993197548396,0.001891700780681352,9948,642.132306824713,642.1299538346201,0.002352990093012638
0.12123546818097622,9.869717199296963,0.7629394588455882,1.226206966240463,224.80850352804822,29.288553588390727,0.006457734387811704,6184,435.73453382274727,435.72429608420555,0.010237738541691849
0.9087045442073555,5.986525451141897,3.0212153401863784,1.430283722995547,314.4764267110792,62.24857007800441,0.005563075422034233,5296,5265.894252871958,5265.881343116307,0.012909755650881514
0.8048785719687633,9.377495777582267,0.8810426985921045,1.014957689158339,310.17299026975866,69.60912097349002,0.005443017946527813,9048,2638.257932651615,2638.2485627095057,0.009369942109387519
0.8023385112138824,1.0481408982480056,4.566855967740238,0.9306860082229885,294.5433565663667,52.29926372011892,0.0016074662076930684,5337,1149.3799547868948,1149.3776763193825,0.0022784675122872297
0.5121961831032144,7.734149255628101,4.582028386310596,1.3870043664599974,202.40236619937374,43.093346213453295,0.006752984021951823,4012,2456.3253692284584,2456.3119665070567,0.013402721401709596
0.45820476365905255,9.127455877922639,3.6420484541590854,1.3192483316227923,367.9050583924613,84.74539005004459,0.004881882327303977,3352,3746.4840268064295,3746.4721284364036,0.011898370025925517
0.37262415594987336,2.2574851028105867,4.667850146477525,1.4515859220919374,421.9177734414821,25.462878698113613,0.0046999551005711794,5409,2294.17606010101,2294.1675005358034,0.00855956520686915
0.1591253730589292,1.8651326655893634,4.151538636861607,0.9158638149234368,205.8234199148338,42.42334889062334,0.006368062567766831,7621,165.30048841280376,165.2921818870499,0.008306525753857203
0.3054118271443292,4.8211534646736,4.2284235916717225,0.9009759198816141,88.49091168475789,23.12924630431766,0.006456232539518927,3843,198.5431180207701,198.53595570326578,0.007162317504319829
0.32194327148022217,9.403110155196416,3.0636853275646994,1.1790005760134976,183.34861299133544,21.11121079730144,0.0011352996618578968,1882,1022.9173375633799,1022.9157164668663,0.0016210965134890473
0.5356693627391814,5.881479041713948,1.8772663919727914,1.2301035583845668,111.81589455870625,48.2703909545761,0.00212703311082886,1497,703.1979546781539,703.1940752263753,0.003879451778588783
0.7726999659370246,5.747108173495589,1.4800960180238971,1.1361214093017127,260.3114272522314,35.58589299559456,0.0031286639876024857,7214,1876.3984033114727,1876.3935838537718,0.004819457700832552
0.526428845558152,2.2701350646938967,1.9724000991751813,1.2192766454267128,120.17081809223522,41.4692683870597,0.007101796000113812,2905,399.00835580990383,398.9961059095558,0.01224990034802526
0.15206000450244456,1.007105599838969,3.3282294354007793,0.9262658382125499,258.2801409460898,85.67577259639745,0.006190670143266468,2540,146.09374599533402,146.08309896354112,0.010647031792886898
0.9620108208893835,8.291260816709151,1.2769544112457951,1.1357296279148583,149.45130154609149,33.03840769993771,0.007818662191462784,8189,1774.4484894942566,1774.4366758349156,0.011813659341083148
0.9484518871847011,1.788171066876144,1.6638810648679472,1.2606647926577674,382.4289974580813,82.41866937214408,0.007665470249894713,2998,1989.9701469471092,1989.952518757621,0.0176281894881837
0.8066705888335676,6.7046483686179155,2.60627388257959,1.1028945144740927,62.405708376130534,74.00404985170908,0.008678645822855357,2332,570.1562379055104,570.1395828801578,0.016655025352554188
0.9921951114077986,9.231548090636723,1.54872544336077,1.2756131350716184,299.6358367243665,46.115642011266615,0.004391333751451725,4366,5215.059459288132,5215.0512744114785,0.00818487665284449
0.5900340995202367,2.8778672184258793,3.1488965137222773,1.1158338963876877,126.26972371402552,63.72449161410302,0.004105574795649725,8229,559.0690293205629,559.0615288731718,0.007500447391120721
0.9664915152278855,6.987455526132197,4.654292128053484,1.033519706589594,50.44633901133218,55.5548487819631,0.00847913862748117,6340,606.3078197871937,606.2941879606719,0.013631826521762928
0.1680445365550757,1.7082871903675851,3.866402145664069,1.0125235329609648,441.1400396291632,30.27162523981323,0.003138413804804661,8526,423.67812403316066,423.6739843684934,0.004139664667280488
0.4291126734352342,6.433796294538517,3.4989197636701084,1.0876314412920116,352.1875045163304,92.57482573873405,0.0051505513630624635,4454,1775.740299843968,1775.729511991719,0.010787852248985305
0.30284314120608924,2.4753854885788247,3.1222466419270045,0.8161627358775406,94.52426992273553,65.56943740686081,0.0027489308682002475,4816,106.74168780963468,106.73797313523183,0.003714674402860744
0.276249775720843,7.623582044636602,2.6957655916567917,1.2679675969122797,348.83256545773503,90.4192036636364,0.009224566679252923,6637,1598.7978652171792,1598.7755929271002,0.022272290079024558
0.2267226540034085,3.7110816531451736,1.3395373683559688,1.3915739486861833,325.24129973191936,85.90612094506322,0.004670227117869629,2360,721.215529988463,721.2034480121428,0.012081976320286583
0.660172277409397,5.170519079241816,4.526197049420895,1.048238966110183,263.0105091694415,26.38207402475386,0.0029123820840774553,7305,1850.0206327566432,1850.016774473206,0.0038582834371522177
0.8031896701725746,6.394874878248595,1.6184120090577634,0.8322231952992031,238.6661442915263,36.58165328147619,0.007228120515120209,6974,1063.9044091619965,1063.8961932161799,0.008215945816545656
0.6204685594783246,2.541460695996156,0.9108899491017234,1.4907429181698904,449.18139331208073,31.620889149986464,0.003201802103894308,1563,2138.2733474931465,2138.2670651441176,0.006282349028737243
0.23226643862938873,7.674740367558588,3.8750683065291285,0.9845887788157469,160.31660895385306,86.46236262295349,0.009491532428532012,7301,416.93435692728593,416.9169315415531,0.017425385732847295
0.8300113929401238,3.723763065731331,1.2902699044902488,0.8886347851835411,229.2395256560225,88.99573011641618,0.004308553133284703,7156,753.3755656224705,753.3683294858974,0.007236136573089567
0.6723592364473556,6.961346739214782,2.1735319979352923,1.0588267555811195,198.10193580267227,62.23772078466928,0.006981766408916535,1733,1364.1009572017151,1364.0889638089097,0.011993392805482875
0.449349135514296,2.4245474562943627,0.6272821773094088,1.3169899284434896,397.04046306648513,28.334245800640552,0.004107204380416721,9944,944.3806170316064,944.3736752438525,0.006941787753966527
0.7067172659824567,7.193058932857152,1.1168057414320163,1.005741617823396,462.40938780464273,30.849329483441295,0.008265210246941265,6174,2746.887409964843,2746.876532897217,0.010877067625596462
0.33391448131854956,2.1536926552941558,1.2794163384196042,1.2022922427436415,432.4017644331037,85.08390499506139,0.009072304669204983,3974,716.5436130748305,716.5234249340156,0.020188140815006375
0.4106729876447895,4.828208466429853,0.7448455748758007,1.0908919961059995,408.9667686348958,94.33521092234642,0.008091265234733077,7714,1113.9036081194795,1113.8864547402518,0.017153379227598815
0.9257372588187912,3.224854663649891,3.454956304802803,0.8824347945936329,494.05547550653733,35.95805480885254,0.00863649116854768,4986,2379.0018107623546,2378.9914492082344,0.01036155412017407
0.36145405510427836,7.735377244853643,4.266535081114028,1.0312009087444771,363.7150476846733,20.891006117773845,0.001916927451438724,6829,1677.845676459385,1677.8432867617385,0.00238969764644693
0.522989441342143,3.358315040561871,2.179919328646734,1.3074093539998466,387.9742060460902,46.47623241206223,0.0093165820932976,2785,1920.8538131776468,1920.8359715133445,0.017841664302338356
0.9011270236564132,8.935455757558566,4.435594145231903,1.228402728132012,492.2611428672585,22.439951171830508,0.006618706559877524,3633,8950.125122065745,8950.115167162414,0.009954903331441455
0.7369492152407747,9.026381902659516,1.4600595855205694,0.8838448659184928,53.14585342962834,86.23799328624304,0.008822957789495798,8080,320.853535726694,320.8390126534211,0.014523073272898864
0.1559829035482325,2.7679718370050725,1.9642569060255777,0.914325686800016,335.3217693963643,59.32098057810013,0.00715993087766874,3092,206.93226454830622,206.9218345864244,0.01042996188181826
0.23257273985107332,6.524613505069518,1.1783164686402579,1.2485133515152118,382.5371893789803,71.34886230104159,0.0028166290168933935,8814,1068.260704425797,1068.254678773532,0.006025652264853786
0.10705743169472515,1.789458775479679,3.2925163793854937,1.3693907900246083,463.02217419073776,52.91879009092337,0.006485995914811089,8435,472.4093009891962,472.3957189516522,0.013582037543992337
0.6678296112062471,4.523833896414663,2.3894131589163807,1.0446321471707185,447.72993688295423,47.64060376099855,0.0018185161575082689,2248,2255.7511935046,2255.7483888049314,0.0028046996686098774
0.5029060828693765,7.4198955655114505,3.259775060788544,1.216717526290415,428.88230655520744,37.77603304608679,0.007261507271963429,9407,3410.075192946129,3410.0630201536965,0.012172792432413941
0.220847365812048,6.934809221649246,3.9275370742738263,0.9194505121264738,475.60607237376666,81.64260376305165,0.004681010269725155,4945,964.5472267544147,964.5394089343288,0.007817820085984405
0.9621407089510934,6.622306024659472,2.9556635721482682,1.0179634358337266,291.8206345611684,75.64380675324234,0.002365598557901881,2725,2786.7182319398817,2786.7140022739545,0.004229665926960197
0.576693751551058,3.5428677729619924,3.3243365970580454,0.8141891439711368,53.114043013172044,48.858318759686895,0.009813068342815728,3701,139.45119333339173,139.43930000965537,0.011893323736362543
0.3177039647016003,4.402224544909618,4.708626414774498,1.3377931634596658,54.97447941365429,45.689290743934635,0.009109759817896131,2540,284.80507384523054,284.78731872865654,0.01775511657399479
0.5505432140392368,1.9265153023025756,1.845789393239794,1.0807068738410768,295.08757502803616,20.099430291894322,0.009041893420629285,6842,715.767623450999,715.7558877713858,0.011735679613222711
0.7116582994615971,7.471205383902409,2.116237723852789,1.3712879015577677,245.87250748877358,25.084170403637795,0.008099382757170277,5802,3154.594124240086,3154.580231659647,0.01389258043915876
0.16861529617620805,5.534999171121462,3.729665127692016,1.2958610972159084,253.06027401445184,69.86044199141078,0.00722783012629166,1512,663.8622042330151,663.8462946557939,0.015909577221161788
0.3472334335431028,7.378890691110891,3.25087482674924,1.380120986009934,230.18213174451665,61.16858481883693,0.0068957153226302075,8271,1618.2859476303558,1618.2706093427682,0.015338287587554808
0.8262689417955943,3.240491723171855,1.3033980704287167,0.9999610687080179,462.97661409105604,54.7842563588018,0.0019548445393346974,9173,1738.1018133722957,1738.0987876985105,0.003025673785204255
0.5136983833623952,3.919944057715596,2.1926628950472056,0.9295761112994917,211.62665802640547,86.20017926413267,0.009105096117866088,7088,574.2313143943508,574.2155546349118,0.015759759438977842
0.5919194278290655,4.007938035341032,2.6052710590612174,1.4803339778561695,435.30212379338747,60.31185635222773,0.008930155566741494,1802,3734.1135031203517,3734.092310513809,0.021192606542767525
0.4895344019885223,1.231681687724946,2.387254270857752,1.3021294509286088,456.2891572062384,50.759486512585596,0.007730673638723681,6388,1370.621044918158,1370.6058689589493,0.0151759592088073
0.13950994837870462,4.069430855475612,1.3022366374491836,1.3838295875486692,274.77579649952963,32.9005078019988,0.009345834631676103,8539,394.34553609712776,394.32834801799277,0.017188079135019633
0.24917480183814034,8.229741161662302,4.659935413029181,0.8091933615969537,251.12211681428974,85.65504065716954,0.005977751062581928,8076,528.1327663553797,528.1237859305554,0.008980424824248847
0.5009874748677018,9.075686461747647,3.9304344276228913,1.0481231342071207,392.45927189695107,66.09986000969502,0.005028781012457999,1901,2809.2812174559426,2809.2724626948907,0.008754761051723719
0.28826691886713507,5.663964840723347,2.6661012444853354,1.3199716834041322,368.58717843794705,27.39679727382058,0.00971152661949651,7876,1542.1169310876585,1542.1006001684752,0.01633091918326792
0.14498112579371086,5.099515256972982,3.5602746273807644,0.8545879830929883,197.84080246829268,71.91187183976606,0.005177180690178905,5158,181.41218723221886,181.40458123830766,0.007605993911198933
0.8592846976466414,1.2774215682943324,4.537772024609848,1.197137950698255,96.14665666609096,54.005659639072796,0.00677191996960442,2788,688.5440258803123,688.5315407610019,0.012485119310392881
0.9830732762477042,8.912839038268444,1.1127836406270704,1.1003509372185023,169.18358008211615,84.91089788703967,0.004357559321725951,5600,2018.923203818897,2018.91433762891,0.008866189986997697
0.8138285865970655,1.1170919208328545,1.6266787281813997,0.8123315549987752,108.96282761553454,93.5131677596797,0.006726936034177552,2699,160.56628587938255,160.55571134766853,0.010574531714000053
0.8684064295342003,9.502750721891907,2.9421556126549024,0.9651829039836161,182.62952409951112,68.03726505409968,0.00748089096063119,7678,1838.6867958056898,1838.6746627958496,0.012133009840191661
0.31777941728534087,5.402946238192816,4.095546671085614,0.9993543923467,167.81970451135956,78.52902554506932,0.006621899727596955,6749,505.9092412606925,505.8974268800184,0.011814380674143915
0.9645642779618798,4.077410442172539,0.6631470294868732,0.8783019624424258,336.9701407490211,24.527267808173256,0.00563106647094578,3993,1188.6170783074735,1188.6109194668372,0.006158840636345882
0.2772331340080856,9.31796591358394,4.928081675883623,1.2420758368198623,479.5232128046508,64.82043640009258,0.003700997178627096,2594,2921.7732808098426,2921.7657041476095,0.0075766622331811025
0.9562868293256491,1.2195189379908706,2.5470797129707874,0.9696785133763224,358.5846795487176,80.42719826843792,0.006794611085226011,4441,1214.4763085837787,1214.4644209783664,0.011887605412423199
0.995337364569356,6.232824053821784,2.1165401327977538,0.9943336497335719,466.99223362905633,59.740971958248295,0.009175860057352266,2838,3837.0662143997747,3837.051639846875,0.01457455289991406
0.7405505251714439,5.940392720494039,1.8172599702789733,1.4287670187401031,402.8595163737995,67.48400716034698,0.0010622133205270062,8908,4724.563825623118,4724.561283793108,0.002541830010531201
0.9830293586126397,2.9738836109024387,1.2846051844289224,1.1269861648851975,377.54492993202797,91.91585484648354,0.0022053612468672136,3902,2007.3765245591408,2007.3717546601956,0.00476989894506523
0.6125858016103933,4.859986882151895,4.062082590185126,1.0744897028784908,236.32787309600363,35.84796576249595,0.0020779584264987013,8405,1491.2582960287664,1491.2552628901951,0.0030331385711709203
0.3335876048584813,6.870376053493932,4.799363741357435,1.306709726820302,196.1575262885159,27.85972060415295,0.009308847726035688,8047,1303.8855782795208,1303.8700254718606,0.015552807660226814
0.4932962970990588,7.544180771937348,2.361401396804292,1.4367296578180384,430.82481761281366,75.25148905116008,0.006964729200663533,3339,4345.506855722239,4345.489319299404,0.01753642283562293
0.6342048418409074,1.006451728359218,4.785893126390553,0.8175254353662107,457.42695481805237,85.82791244179552,0.009566092958231355,5521,1123.0882491305665,1123.0737164134985,0.01453271706807841
0.1657734058243135,9.431680870819138,4.207089269457653,1.1137671925887775,253.3471221429194,88.03921508660508,0.006245319458911855,5928,710.5634788171943,710.5503991254482,0.013079691746187717
0.6601089381555215,2.4807283515353116,2.6647300736434323,1.2275469492545632,54.078394183989985,71.33155976729762,0.0051555960744332835,1499,276.7940242959434,276.78318117344224,0.010843122501144756
0.9830600530860651,3.102223908001233,3.5331178060675974,1.0229941686881927,406.6389765079117,86.65707345366427,0.008131086206329264,4627,2775.882578998091,2775.867052762348,0.015526235743178681
0.2710968848053549,3.371261011244634,2.4574288062670835,1.3406854054862691,178.28097821253124,76.05313645786322,0.002448480407277021,6645,506.3597770299637,506.3539978358562,0.005779194107528782
0.813335604659545,1.340381228968318,3.0142553369564857,1.4800339491891916,54.44953925761433,26.99015327254326,0.004432043046855893,3681,422.44271706911485,422.43438705581775,0.008330013297099375
0.9171089144016574,2.1074691123129243,0.7612085165832672,1.4603991563751983,412.24485153925497,80.96348063079904,0.005196468164808014,9941,2313.1490998112104,2313.135366641555,0.01373316965558733
0.9493314335381987,9.877149306497458,3.633185638852399,0.9861877775659593,282.83638496760415,34.34877516402637,0.003686125550609064,5590,3528.0853888994643,3528.0805050367153,0.0048838627490350815
0.9641220439649025,3.8369506363955743,0.7377109001786152,0.9584367949062402,358.3448358523111,38.928747407277825,0.004341570511676307,4474,1451.8468820989128,1451.8411011057322,0.005780993180691844
0.5693136748493247,2.037709813051444,4.176882261138423,1.4702433717148546,461.6104195150149,51.57205015989319,0.0017029466823197644,2226,3530.3582037301844,3530.354408750932,0.003794979252225862
0.9795771171923533,1.9629213505716099,4.212261182572509,1.1210399412020262,293.52822356214745,45.16536530610695,0.002781852305046022,3973,2231.4201513605794,2231.415624280611,0.0045270799682642785
0.781579186420995,7.475139709029747,1.5668477940029657,0.9458084061592843,276.4373326605346,45.73213906423297,0.004019470482978356,6045,1747.5970295372872,1747.5914893129218,0.005540224365312076
0.24550429261326573,8.691117976293768,1.9564825146611011,1.2948978745412927,180.79795460671858,33.54076193632366,0.00816301389909821,2038,792.4705329120035,792.4564172937777,0.014115618225764846
0.529210095821173,3.3125706955762286,2.6658967035123196,0.9990942267326541,187.3372254979787,43.50968376876355,0.0026424761935857754,2787,591.6403018714785,591.6365130971312,0.0037887743473359234
0.7464980578348036,1.1881856110171147,3.1849830811961666,0.9870728825497367,408.44392971334065,21.573007198070542,0.004119763365858022,5715,1299.144481457167,1299.1395376826829,0.004943774484268465
0.322606284237175,3.0078101660082024,1.7930914778389853,1.4154743301544492,252.06316051367168,57.83287573506608,0.0015842825937724167,5722,782.1876774504357,782.184138030294,0.0035394201416503015
0.6765536651939986,1.508641217170816,3.166188820843663,0.9137354073638324,123.58679387365417,81.48727670158453,0.006013939103439454,9611,326.3580449649404,326.3480719684944,0.009972996446006764
0.6999404311419574,1.9305544296703736,1.8400418295318448,0.8450750625263656,92.53794380022302,88.97978953798717,0.00650125799326835,3897,174.42445830341927,174.4140756573926,0.010382646026663465
0.2464297694277093,4.883573078628781,0.749708244819773,0.9884305081201811,262.81405258780075,85.63428471675508,0.008789648171159504,5584,356.463549053788,356.44742122805343,0.01612782573452549
0.6085767812074807,3.0692653377546932,0.5113739742435903,1.2248617889867426,259.2297606279787,53.31661751960905,0.008372043986517677,7319,847.5065100120136,847.4907880110982,0.015722000915400953
0.794464219880747,5.643512906728811,0.9551797606329286,0.8861614973822894,344.0562251924282,78.4341184931085,0.0035684015921549246,4302,1416.4105332014308,1416.4048907932474,0.005642408183325862
0.5490060980823478,3.2814437793147135,4.065128150738082,1.1301162705937557,261.9803649853133,43.031261927616995,0.0022325832027087376,1795,1349.516077753667,1349.512468962502,0.003608791165061248
0.1108928050984967,9.464835709926529,4.826440905725017,1.239135977297724,114.56406686039664,24.444997817409437,0.0024047486398936337,6437,278.78315365687405,278.77944543169264,0.0037082251814393214
0.10813462217136297,9.153495711336381,2.4213478967654867,1.3941158948152217,278.5112981593311,74.07772203130133,0.009720675487364001,3809,677.5410230643765,677.5174324898054,0.023590574571160233
0.421326409573011,6.101254945094194,2.8070777905247426,0.960908713841578,458.0552317487113,71.90369317891248,0.007059032326066217,1466,1587.4513109006248,1587.4396505258408,0.011660374784075327
0.9335746615886038,4.1898159278864755,1.1608167608304176,1.3721424263679527,121.74863522909558,84.13035163703005,0.0013831370902291538,1272,1145.0330099336684,1145.0295153953828,0.0034945382856854646
0.3058091016432479,4.43032193831262,2.9796410870607066,0.964434382791867,360.38958843998705,69.28849653623038,0.0022310132954058513,7308,759.6020639126214,759.598421389717,0.0036425229043191743
0.6709273199845185,4.7066705483004725,1.1509470590313957,1.2737365788677484,317.23666923448695,32.551329997913314,0.005372200585908603,4489,2022.7446647811717,2022.735594600655,0.009070180516629174
0.29986828362398854,7.548213899214496,3.2504644903947355,1.1014715000377187,386.8635770203112,88.25299136401586,0.002870459238638078,4651,1519.8726982282806,1519.8667461787775,0.005952049502987378
0.3895029906935938,5.064750959669541,4.699664004113842,0.8802768696650691,117.77012304241674,70.18022304149606,0.00823293086500017,8135,347.0932484877694,347.0809150869025,0.012333400866911223
0.8632378806413356,8.710569518553077,1.3806434268636782,1.299984423975294,473.7224016076976,84.60877592280032,0.006158954058124284,1955,6973.888522501049,6973.8737417175425,0.014780783506327243
0.7559752980429522,9.49685307337328,3.940536731256959,0.9524338329843125,329.4348924952214,81.92856963008326,0.006513689870103686,6386,3035.7315207838938,3035.720234192663,0.011286591230780045
0.18585934958188957,4.023515380410405,0.6057609026824582,0.9236363982172141,431.1820119610116,43.82915897800707,0.005165429932442907,8897,316.4970328805564,316.4901708214447,0.0068620591117345645
0.48583181888779026,6.046250332381121,2.1897375859472943,1.0508260500125683,160.97304365610603,25.96423798816419,0.00330456497883684,4409,711.2448638957056,711.2404897586155,0.0043741370902151515
0.12625278728073802,1.8555088314930799,0.9983682852372907,1.2573031713316385,382.7358002290827,34.12035272716679,0.00630463251882292,2919,218.01005895341765,217.9994274550798,0.010631498337846091
0.5328011319427081,2.8042214298972308,2.0861394871806476,0.9637975351534395,401.46381695026355,27.428986745060058,0.007452730415446587,3932,971.6909855098288,971.6818323835705,0.009153126258259973
0.6961906105309613,4.721191900391441,1.2809161383749759,0.92856307714732,228.84587257418406,39.47299456641091,0.004338532698671503,8775,824.5193173651481,824.5136985543136,0.00561881083456949
0.2066523612383364,2.85582444311601,2.1798724555529936,0.8069675379993551,222.77905379753994,56.76258184207944,0.005544492675560519,9379,150.97554801652555,150.96853410495152,0.007013911574038593
0.3599964450182491,8.889044417098457,2.3788526274838864,1.1301501679712065,346.0083192615872,92.54484839850262,0.0085571557342483,1207,1792.686888273688,1792.6682675098007,0.018620763887312194
0.45805296295194126,2.4245763045318824,1.8526600525141328,1.100051898520628,92.03345679209718,89.76150047365077,0.0023381358564021426,1073,218.20301406256928,218.19813326244903,0.004880800120238877
0.9275779221904448,5.100947393977828,3.454798772629081,0.9637074205461634,381.030867597879,77.48798520765824,0.005907019773466904,9043,2808.4094309235834,2808.3993271736917,0.01010374989175101
0.9939295138806676,6.451293164138881,4.634834230665094,0.8375565148067836,69.29904192773492,21.928988763826077,0.004135713956463054,5768,535.666329325678,535.6621058345476,0.004223491130419644
0.1404201690960543,7.226775173447599,2.3026791834737255,1.1004791122170858,135.7656355043717,47.31113610564428,0.007325152823955075,8561,220.0262162055504,220.01434119313157,0.01187501241883594
0.7849071311458529,4.447624327538561,1.3655442041375965,1.3517435777501419,348.86469075861527,74.58787411876158,0.0011692921884615519,5969,2908.554771378023,2908.5520118714044,0.0027595066184985134
0.4345516597621089,8.821891618522557,1.7182524118819251,1.300697491929024,94.24565019138372,30.322311747125468,0.007034259698228699,8704,730.3128965509511,730.3009727840873,0.011923766863820573
0.45321236760653205,6.11487235970133,4.34300370573366,1.4025564229021192,487.3289411645555,84.0870280012727,0.0019260796061456868,6889,4543.689078417641,4543.684105425642,0.004972991998788519
0.7788384760123205,4.955570024027966,3.0723787547156656,0.806707881399209,440.7782942578553,93.1658943990075,0.001582909776942922,9019,1793.5165487763313,1793.5140821525702,0.00246662376127347
0.9265837889308678,1.6051657064683296,2.5475496453813076,1.476493521763219,331.8360495830314,48.328355731026036,0.007521609708627517,9706,2783.5952541177703,2783.5787813520183,0.016472765752229016
0.9558357350522936,5.182205216006485,1.17336524679017,1.038988576839214,418.57585505120744,76.46744494910666,0.006763079376136662,6919,2744.9565950918463,2744.944195144101,0.012399947745335371
0.6194103274344888,8.386622567341572,2.5237728874570187,1.4932784572643754,449.41102186530554,31.856330613497068,0.00905442337803393,1279,6772.4435920166925,6772.425764018415,0.01782799827781772
0.42140904337045254,6.530869163991839,1.75321401510824,0.9768336224212423,166.7640423073183,75.26531592904216,0.005676894602205807,5855,555.5197622189241,555.5100430884864,0.00971913043765293
0.8087941772729014,8.489462083562065,4.744234075340072,1.1300754713047714,432.23521457719374,21.71643298296346,0.005770219829744505,9747,5908.19474371311,5908.186806847552,0.007936865557854837
0.32590124493607026,5.44610503539375,4.478315492370791,1.0477493736027126,137.6572026369208,32.061720544888075,0.007363160520188955,6152,488.78063365515413,488.7704454277643,0.010188227389824491
0.607666625950166,2.0661553458503366,0.877561438226891,1.049032500496012,236.0040188669669,76.7905157286936,0.003910578187179261,8461,464.58531064490086,464.57805812582666,0.007252519074195236
0.42272061537238587,1.1227586125229296,2.824940701675593,1.3895974691237512,301.2168340618697,76.94801783010449,0.0013322120987973932,8791,970.635628189514,970.6323524595754,0.0032757299386862106
0.6909679663370885,3.7289759204673207,1.5127625548160244,1.3224932578161372,371.2509333833146,71.29301646761417,0.003070412431471521,1290,2351.738530766309,2351.731575242529,0.006955523780184609
0.31635902160415624,7.2819142434801325,2.3484969028593077,1.4945060046610337,63.56359297513762,58.18912195073626,0.0031421207070672997,5880,432.5499612490703,432.5425328172008,0.007428431869475339
0.2724336511613432,8.112339135475244,4.445815992131554,1.2294602779022588,180.72923575018504,73.99264729375561,0.004020929652503745,8983,934.647840669568,934.6392392155334,0.008601454034685433
0.9264151780078934,3.661775511582965,2.8738153394984516,1.1242796230761518,323.83359419467564,81.90406386310306,0.009491164597364167,8723,2478.360610955713,2478.3412004770125,0.01941047870067947
0.1916233146545832,5.460885287949224,2.0039688201684194,0.8630517040628238,210.81590561710343,97.3185327229395,0.008243585187968331,8968,224.63313486055267,224.61909635681457,0.014038503738101116
0.5553621169614386,4.790070139906734,1.4354975934724867,1.4975929936596997,398.76127503327206,91.0912825238884,0.00942360620684673,2622,3092.1430501650416,3092.1160819747247,0.026968190317086773
0.29876750466670804,4.6947050591628505,4.101461867329202,1.186071457052598,343.2434725178223,83.56273620528997,0.009987486311017006,4551,1268.9901775313185,1268.968432923738,0.021744607580456602
0.13503696699310072,3.0821384188013545,3.310331069139562,1.2903342287830992,155.4806541756811,75.58060133714983,0.004904011036783401,5178,223.47231413323553,223.4612037205935,0.011110412642037375
0.13241693646228375,2.2273399452651255,2.6062945719180406,1.084719671033918,115.66804081654989,65.93244363458938,0.003043659850122742,4275,87.11502561350171,87.10954732448621,0.0054782890154955275
0.25769959489524463,2.770197024080918,1.478679592383401,1.1834009957254652,333.0711471141727,29.6487058681533,0.0060400374512972425,6257,510.73616270302847,510.72689569054813,0.009267012480360956
0.8800933190554002,1.497991484470115,2.004108683707091,1.4598044123250211,252.71029746714098,33.244547367871434,0.008930209725533069,9274,1659.8701530151143,1659.8527827768248,0.01737023828939794
0.354230869579324,2.7831766764121935,4.819295420323334,0.916493606552122,126.03066849559337,85.62236485367195,0.005191586749131204,4995,285.0951397511386,285.0863077349526,0.008832016186019863
0.9554132535177662,1.082808078628415,2.8404047192262545,1.0046608090311782,196.8683923932698,84.26503297657764,0.005548593723150282,6806,744.8246363441157,744.8143645734002,0.010271770715459698
0.6234600636902742,6.645325605723804,2.3031467655946383,0.9064418094446227,186.37103674336396,69.15671407786904,0.0022099519533504406,9839,854.3140384285671,854.3106498933698,0.0033885351972720128
0.4929527707918895,3.847378666489146,2.8463991905674577,1.3545511326633424,98.6593875527188,55.107210617292274,0.00478409943310985,7762,597.3283650404106,597.318313616509,0.010051423901599237
0.6220799512025091,9.758302402842178,4.005448276548239,0.8434316822952808,296.10905866935263,22.08261198588845,0.004482953288277204,4692,1803.5809038386174,1803.5762878159076,0.004616022709717772
0.565028546703641,2.7434534569866806,2.0304902142629095,0.8571421548959368,393.64188526064936,46.17415540228351,0.004165196525789047,2757,780.113148651267,780.1079299919634,0.00521865930362608
0.7828986283815926,4.1124571327863455,1.3041775441967398,1.008945878951158,308.96009998384415,53.651172605225426,0.008985688029317799,5955,1333.760195895591,1333.7462657682606,0.01393012733042138
0.35424645937556704,4.220570427773799,3.132212532525715,1.159931726644708,421.83111422180855,58.86530289387365,0.0015337128989109966,7462,1478.296539463844,1478.2937132465295,0.0028262173145576033
0.41774535244027217,1.0760634645621447,3.4934184656648024,1.0843923603917105,107.4058462469441,94.34596788489674,0.009749324646076123,6964,241.11066526577596,241.0901188289884,0.020546436787569015
0.9046848722799257,8.55287157735513,3.707231013313473,0.8313714174695651,246.02533602000076,28.696751984011428,0.0010742214274582242,8414,1886.086947964126,1886.0857986030462,0.0011493610799046207
0.9518108618353649,1.2879501412989225,4.4689441584475835,1.470244090509666,324.2367966461446,61.509353582381635,0.009510346125548283,8204,3840.454737236789,3840.432154142665,0.02258309412398935
0.9033024047378271,9.461618512563172,2.1702835431010086,1.4670086642506586,354.2007024238583,49.43378375666238,0.005932427525546892,7848,8009.388944270597,8009.375939164088,0.01300510650873143
0.47750319456158224,9.028669159842586,0.8390970330300132,0.9955494262685319,363.10383789054214,99.20784953728413,0.007322007199601043,1725,1695.7246889207493,1695.7101678237907,0.014521096958606114
0.8023289527061935,5.819697244773672,4.81256862633924,1.312067930688007,378.03444219404645,88.94912130263242,0.0026841956472561093,2107,5551.659529238812,5551.652874739798,0.006654499013892521
0.5287021599709889,5.892360174201628,2.4575536734686385,1.2050027879682566,343.1434154882075,55.10286833911367,0.006887903851149463,5348,2199.618654376256,2199.605780926059,0.012873450196898449
0.547785866931492,6.884001306605407,3.3046587935290908,0.9662336865039369,92.40264002339045,99.97564874838083,0.008937619016749594,9086,481.4954669536829,481.478197399473,0.01726955420989855
0.28421209815155557,4.483450107413983,3.4983739540773153,0.9835200862191308,362.8875549210334,61.12505971771971,0.0022553212585028643,8073,796.3155616195005,796.3119876179323,0.0035740015681985796
0.6320172729326649,6.825000550580699,2.959311689155416,1.1438072220173154,376.1521955484744,33.36942372731205,0.00214373451045961,1824,3043.189436381212,3043.186166137582,0.0032702436301916098
0.26752230797801313,1.4029154981963818,1.4236588838132154,1.093465859048152,497.0659704501322,64.46997534613716,0.003735801182345255,5602,449.41897099294835,449.412252442071,0.0067185508773290065
0.3984082291604744,1.4864286461475391,3.8981437255226368,1.003860529761885,362.0130965155067,38.096461264291726,0.0024555330322785836,8492,782.6227127744297,782.6193086791343,0.003404095295477096
0.8695271814579416,5.115073776575899,4.1168838843683675,1.3652581174136043,359.073678088197,70.90502720610016,0.001995812632840124,1350,5372.6734895952095,5372.668832776058,0.004656819152158653
0.2863682282897697,5.946600709954314,2.988390137078479,1.1370240423461695,281.66598058188737,94.99521399071405,0.007104871323867627,6202,931.751239578078,931.735487066161,0.015752511916946585
0.16404245665608955,8.990358763022371,2.698525222631787,1.2583936436723895,440.56530886330125,82.89588614680225,0.0029244395252124174,3173,1337.7495899735263,1337.742859229135,0.006730744391130515
0.16210683335153467,1.9419457051710665,1.012721824075934,0.9324914501175129,498.5756428825212,41.853095233524414,0.007003134094617876,8894,207.65868076228693,207.64941724071346,0.009263521573479476
0.9467060684527971,8.403831344745004,0.8777824767490272,1.1734553637615408,400.5701915888444,43.74868999728057,0.008757363044042349,5991,4846.762694888522,4846.747922734603,0.014772153919093275
0.5562283941656512,2.8904260356286264,2.0280418050358793,1.0225832346126351,325.6251700360138,25.54305624722496,0.0068682231227170055,4002,931.5419245948019,931.5331072918995,0.008817302902420283
0.4684708646353165,4.5467528365902865,1.8988076998282697,1.1684895272764149,85.52967211920569,42.86942685170219,0.0020743036292386083,3509,352.6257302636989,352.62226739157757,0.0034628721213665918
0.8297907229071266,3.849421913446716,4.79145402933472,1.3465780833876497,377.0326092783324,27.409983974225376,0.006162198166427006,3672,4901.954534061869,4901.943961733021,0.010572328847716294
0.8522433351194645,4.601397455788591,4.026302340995434,1.338239247063883,368.85270586187767,59.955897546051425,0.004542658157903958,4442,4857.133126354066,4857.123402373633,0.009723980432389742
0.39897192980404417,2.35445948265327,3.4696593286657698,1.0479544746239933,399.0056665142443,76.66776635986061,0.004090338430502453,5158,1018.2154757138338,1018.2079028704145,0.007572843419271563
0.7242562517264157,5.532130669631995,2.829416400579223,1.2859939819557473,106.0499247797702,80.09449291993268,0.00386678321766849,5121,1062.1131619751916,1062.1042064884746,0.008955486716991153
0.794010534266698,8.214783308482305,1.2531538882699311,1.458902965275994,344.17962505676456,24.762338579854326,0.009364890014376811,8807,5507.0744558237775,5507.0574102119235,0.017045611854047914
0.6891856181793591,4.973806093410072,4.9030550248292775,1.2379685309474344,183.0757572282536,47.19647185905616,0.0076825671100995505,7237,1909.8901365050865,1909.8761369778983,0.013999527188261671
0.23643556732008944,5.415522183083792,2.187683142080945,0.9038870863678461,392.12205953127517,43.053741323794696,0.0022046391062226552,8026,575.9188795766245,575.916028880607,0.0028506960174943374
0.8882947751653514,8.638908267531828,0.9811652110126017,1.2757960404953665,158.1682793141598,28.344025838986767,0.005284049317592175,9141,2199.981834523986,2199.973182379362,0.008652144624312663
0.5851850974624079,7.354523031742278,2.7220950307208573,0.873433070444518,357.79040456918483,48.997704874560455,0.0038640076772852765,8179,1609.523656538739,1609.5186279375846,0.005028601154406794
0.3542251837330033,5.414089676678063,4.432991052258874,1.410477286155119,182.74682614279087,43.94560873113889,0.009801444812913625,6797,1268.1650624942054,1268.1451624236402,0.01990007056531202
0.4827053668939245,3.319260833702617,4.492809507997983,1.1616623470613583,54.04743176784401,70.75993834714214,0.009802260756578526,1297,275.0514019729031,275.0319576800496,0.019444292853531834
0.13381398135901665,8.9643407216047,0.5493466222540127,1.0695985154181058,335.01106038789294,90.66421309869703,0.003875810268997315,7080,487.93068499376835,487.9227808926812,0.00790410108712448
0.21508012110017583,6.193183615215025,4.488330851381299,0.8399046162547847,100.97108742151507,56.38733766985727,0.0041690180453090924,8746,163.64570377475232,163.64022775092127,0.00547602383104976
0.7889920754642747,2.9903284909962404,1.7216789787493634,1.0665486142144769,346.68116275469635,79.73321382134549,0.006394727864228911,8334,1466.1344502821478,1466.1221919590785,0.012258323069262755
0.10001047127982954,3.4220777737420933,0.6753756378579039,1.4322446675410525,466.5242517606219,31.680829368853942,0.005313763128947502,4938,392.1744076739072,392.1643859609797,0.010021712927455566
0.47490924563406295,8.228197800426214,4.315056216632935,0.8146880974004123,486.16067039499063,91.59731029150917,0.002917907849425973,8932,1922.1374302139382,1922.1328755918119,0.004554622126419856
0.5702591629770296,1.3973100587870992,4.3874004019469375,1.1322537104472634,156.16538929742566,32.20757905720738,0.006943709502897503,8925,660.4394803301692,660.4290861162983,0.010394213870850636
0.14917097800087506,9.92882968325938,3.183039859290575,1.4518106637774357,414.1639524427947,35.368094447951144,0.004007157794877147,2594,1707.4312287206817,1707.423353499828,0.007875220853650952
0.9757703466750995,2.173165117433126,3.0849519078336125,1.0763886998355148,209.09897459259815,28.51710428701412,0.006883448484989509,4215,1243.0006425790007,1242.9911204046764,0.009522174324358769
0.3035127981247048,8.164616728572437,4.159041226796387,1.0997229812235052,455.20568273659205,44.774360121642914,0.004453133700950198,5379,2059.1710144548606,2059.1639245453966,0.007089909464108696
0.3737788476726528,4.552977850945146,4.038392987196259,1.204992038639384,404.37030588321824,64.19283573724209,0.007301889044706446,4182,1885.5068971365724,1885.4924502717074,0.01444686486511809
0.3735482610295246,5.429945649587202,4.505474630492168,1.1240561335040284,83.26477249059364,99.03952891250614,0.007010195238006856,5445,390.4700300412474,390.4543460190481,0.01568402219932119
0.3073749959056149,8.925855197181201,2.9873635141851658,0.9180211838662867,233.21164724477478,83.46944277260351,0.0055793148032890075,8571,719.7123644393208,719.7029672643935,0.009397174927364377
0.10132643987768028,4.716200706302919,4.854411917297639,0.8129888773489024,201.79302170435335,50.43486423135856,0.007342659916397478,2351,129.35047439831507,129.34149418782783,0.008980210487233475
0.7564103146791967,5.83744378305911,4.982660739200023,1.226868160585091,403.33145932547467,66.06768463228563,0.005148691086088138,6613,4968.756394206097,4968.745904100449,0.01049010564854067
0.9701609498193569,1.4436969616825295,1.0244507449938467,1.4445646109054686,234.6285697939216,69.86464247513662,0.002045244696851106,1211,1172.388719913367,1172.3837012827023,0.005018630664534735
0.3018641349565406,1.0211272648070784,4.32294691799355,0.874454893119016,358.0647789438877,85.81817769978777,0.002638956280036192,2274,441.69719291226215,441.6929048823701,0.004288029892061063
0.6967424726230802,3.203198857015533,2.7492001598686504,0.9476669034769274,321.09586501569817,78.91614283358405,0.003213938207490516,5262,1195.9483953832912,1195.9429460576293,0.005449325661948808
0.7677066942628437,7.125247836268906,2.2440485223492446,1.0591606400774816,489.0374235939352,65.54329015769123,0.0015690603540312693,6967,3946.1025576469733,3946.0998065046065,0.0027511423670122975
0.8635828411814723,2.0913840402322306,3.2588253944722174,1.3661195603147838,472.0032305607267,73.53464216317253,0.007402430985676032,4734,4070.0434960631833,4070.0259471889585,0.01754887422490985
0.48036627731224824,2.0238576292409447,0.7518450076790316,0.9884822215296843,242.4647816324234,79.67340887703197,0.004306512041484566,8775,315.89471183431044,315.88706329794087,0.007648536369560791
0.3726378150763863,4.69864547232313,2.7790750344518593,1.4174380829951378,375.6101952385172,30.651524730672346,0.0018417096669429759,6538,2102.821571798147,2102.818161127787,0.0034106703601350166
0.392765620620728,6.830533347474039,4.41900756512,0.8384705122550465,423.2570422915498,36.036436904430396,0.008379623086530223,5502,1314.7742907412833,1314.7647327302698,0.009558011013407081
0.7413591997886616,7.408647930231375,1.4605768226253595,1.4586696348812545,454.49858923796535,75.08674311260134,0.007152888560172175,3485,6358.6074352456935,6358.589167217823,0.018268027870027806
0.8351015198550724,2.606056066885373,2.418754526462413,1.1925229545116354,80.66041869941766,88.03404495901057,0.005070018134149309,8254,481.3524585442689,481.3410897934233,0.011368750845649212
0.2634525709809424,1.716293326348382,4.72766399471694,1.261144374941393,185.93545967307355,52.74098261598142,0.0032268280158346085,5370,502.05617091928343,502.0499551311039,0.0062157881795571425
0.4338469073419887,9.463573305509899,2.428537270125638,1.0573826657754473,194.10351843583481,98.39122579769648,0.002365713044135621,6534,1119.683169924902,1119.6782072398787,0.004962685023185812
0.9117461770742351,3.3459974430589154,2.1126543454957925,1.3473959998577423,245.5006780489454,37.28573861386983,0.005125367725795559,7705,2218.2189022296316,2218.209421413848,0.009480815783859472
0.8260241677252653,8.680118478478514,2.482414916555202,0.9165963750590843,126.16913782193856,53.33594256347511,0.008967211687095062,4398,977.3959415883462,977.383338426171,0.012603162175205353
0.9863725624862283,8.771423054165364,2.8375374493290035,0.834238277694941,273.29264597750364,50.28184347706025,0.0026955579094477297,7255,2177.926212333347,2177.922832889045,0.003379444301914404
0.7788234337138727,7.9527033258629,3.34396104859161,1.07686186017529,348.44644728430524,94.42367525811433,0.006117933060923392,5887,3555.0591674378597,3555.0463584779923,0.012808959867311384
0.45387568092513003,2.519502459873131,4.10311760412529,1.3975869997867276,273.81376409752295,42.83028140580316,0.009655173957000305,7445,1607.625701143191,1607.6064277027135,0.019273440477486626
0.631574050595174,8.396213133287803,2.534459925939414,1.3284487856463862,349.6068928389271,57.66326224337725,0.006734049172881517,9327,4259.339319814009,4259.325215511703,0.014104302305929857
0.6949128288225883,7.92325503317428,4.178664207905632,1.1620091793422707,79.89873431805513,34.978707169226354,0.004959682571402816,1332,907.2924995651558,907.2847204767928,0.007779088362986757
0.17061023468541156,6.370506910955954,2.9017429760843627,1.2004964230157475,444.19429926833465,61.701299084995505,0.007447356756450176,4233,1012.7240619315814,1012.7096049862737,0.01445694530778535
0.5900472631934786,4.034818316520575,2.0231622966558995,0.8909249784091289,472.5811364454808,88.59233355708729,0.008421201271168358,2535,1340.8429572099594,1340.828807771101,0.01414943885843452
0.7383887456253486,3.3625774383988967,3.460778726537364,1.3884770560323074,328.0583408533919,44.32315695124514,0.0063146466809815794,3124,3186.495678120925,3186.483024238829,0.012653882096079093
0.25058917360095434,2.0970029087232307,3.7297501463457112,1.350871778074938,446.6259493866036,84.86336577302626,0.008846491230936934,3232,1190.0609051785934,1190.038813127656,0.022092050937292287
0.8025685456830015,5.587813602107842,3.011220390332694,1.2595292757208598,109.1507074916956,92.90492657405008,0.00563132583438164,4957,1195.0328974494344,1195.0192150507046,0.013682398729854536
0.6253955024627005,6.267347879588619,0.7547673791062554,1.126333725430257,408.85201403433956,25.83663117716509,0.00847026101985631,8647,2277.85100909116,2277.8390038478833,0.012005243276611304
0.9569996071278352,4.234050914642085,1.264472938223712,1.4751214877956587,103.6166870626673,80.51396290554008,0.009568173163651258,6282,1186.458303727816,1186.432825593873,0.025478133942840084
0.13818006838620253,5.2782316091278165,1.783839744006027,1.4153223803135297,233.60460417389152,40.427474892039264,0.0055111912032116545,6140,456.6464318217357,456.6354783210613,0.01095350067435808
0.3387935237999203,4.2716301163234,1.7718152267817189,1.251101345460233,195.71834055122378,34.026213002930334,0.006445015440267928,8744,627.2543594552361,627.2435524291503,0.010807026085789916
0.6413984913698417,6.769054515886311,3.5303936011109176,1.0602606984021015,313.5163213492044,68.08979136200288,0.006485207886548515,6697,2328.2495387664453,2328.237980893829,0.011557872616332617
0.36690392098533764,9.11133287016907,0.5825689775313466,1.2326155950770588,185.68154085779008,76.44820929829598,0.008032913772384617,1952,1003.4196012959504,1003.4021302857002,0.01747101025027895
0.742981747664118,2.475282358422504,3.9005679967228395,1.2028086485714657,336.7911333502097,51.5808788588171,0.008406692561596806,4369,2308.1970296386166,2308.181702322019,0.01532731659731663
0.7831047542697379,4.432679289128111,1.6940411366311994,1.0759693914844415,215.32428011838104,23.133896566575245,0.0012450638458545466,7442,1196.0280373439782,1196.026387780008,0.001649563970099794
0.19226436765982702,2.2678174355577516,1.8950983079724608,1.0146717801816534,437.35567146370903,92.69636193574345,0.007600236076813491,7553,360.4128431658624,360.397982913671,0.014860252191381533
0.5624690177860909,6.624493933670488,2.875594225747659,1.0849075545661258,335.2477280988252,78.4597533477996,0.008054337201672139,7830,2108.534750422272,2108.5191562319797,0.015594190292152775
0.5580015000319504,7.559834585397362,1.4716652042253089,1.2017379842233784,146.88423379465075,41.733344534641176,0.007303864955124133,1164,1069.04270803023,1069.0302676240988,0.012440406131106535
0.43235269319398695,9.387214593377102,4.480120911089874,1.0996943912977661,201.25823991263917,59.74910845957919,0.007423260933907865,8249,1459.2602854716151,1459.2472446432278,0.013040828387334539
0.9396323763127049,3.509847336348684,0.8841595069695438,0.9845021417409687,431.3393994319951,22.22342319736624,0.0013726257326584252,3705,1726.1223542094847,1726.1207025396209,0.0016516698638267483
0.8447556878858992,9.551900852788872,2.499720630354792,1.3326743224325661,223.91588749435633,47.142622544475344,0.004978347957540155,1103,4048.6536312076914,4048.643869006133,0.009762201558221424
0.7274884437186732,1.5693640463860732,4.322400212547005,1.1720272471701891,291.1095795045403,61.80281884680946,0.008363616847495666,8297,1713.9864830016354,1713.97062246343,0.01586053820546173
0.7428939721614978,6.427124770281294,3.271297524895561,0.84737261425792,342.0238711785497,61.37788920930001,0.009406064271655934,5691,1769.4420693479449,1769.4292068180598,0.012862529885018825
0.5155445294318072,1.5141944740899698,1.8154828212918506,1.0578215539382878,206.51434231366255,36.65479024068329,0.003065211285147413,5215,396.68723075394917,396.6827997953974,0.004430958551798892
0.9288950689869183,9.043967689857503,2.393420934994073,1.4194394200483955,182.29038384113073,82.13978929471126,0.006212754463175156,7402,3902.049790962744,3902.0337287312072,0.016062231536356733
0.7251358845279569,5.768281513630487,3.680124711541316,1.3286655718399663,263.8647061736129,43.90897268213148,0.008238972155955255,2127,3191.484693371552,3191.4689398885084,0.01575348304377545
0.7560829554902349,7.024135156865165,4.879673345137547,1.026272748760805,146.6964374417551,66.43280185423781,0.007771668785732672,1363,1390.6078804995252,1390.5946060657577,0.013274433767598444
0.8755218134086108,8.484165333194072,4.51912423270745,1.4567282064311564,177.89476411357853,41.721778043037986,0.006570011052820713,9061,4297.756444699424,4297.742880904277,0.013563795146795794
0.3466644304079719,2.3527956023557186,2.0409476377206954,0.8536220358507471,77.93531781441624,54.01342983894161,0.001168220694358002,1368,86.50022049312749,86.49868464205433,0.0015358510731547613
0.8263638134800327,1.3473240574432046,4.991890456795359,1.4728642927245323,186.78662418695245,36.601170020018415,0.007514972561004094,4949,2122.6631133716483,2122.6479936236815,0.015119747966982003
0.27571654266084283,8.90993031321567,0.5157709858897622,0.971993564739273,194.3168420136062,70.64062340256307,0.007959182529509336,6053,477.11792874085245,477.1047275143307,0.013201226521763112
0.41080775702039907,3.8343990471303924,0.6243339011378679,0.8063659262116936,482.8249248310938,54.046748811308056,0.007505645559630715,6863,575.0573459917913,575.0480226252909,0.009323366500429293
0.40204940884285845,2.1608101713444876,4.207282318270372,1.1036656255628288,315.37797145964606,21.289384359021142,0.00789228245340961,6304,983.557701638415,983.5471367983317,0.010564840083208394
0.9806729215502266,5.216151133783779,1.3975820907487342,1.051279300780906,404.32209143711253,22.253199521341287,0.004878234034109743,7537,2898.2476611051056,2898.241391488569,0.006269616536578356
0.8708835013731342,6.38475468126417,0.7734617077830839,1.1773623036447556,70.4197637511451,57.690745477713776,0.00994376931332852,8511,608.5452518550703,608.5267903385434,0.01846151652698001
0.7310528754312338,1.278735430802591,1.56716632956426,1.3577410023988918,97.94151212376737,34.65806935242835,0.007937082242853931,6350,375.6523783169115,375.63786688737383,0.014511429537646168
0.7543510854538511,3.4740609243137897,2.417450692913871,1.389701561505313,416.54163238816653,66.80336385157939,0.00620812004751987,3092,3575.226096940937,3575.2117060906044,0.014390850332995779
0.605865514962314,1.2951988684920641,3.787548216950322,1.0808609997281844,330.59729723793606,52.655342541761705,0.009407721427719616,1594,1189.376610868193,1189.36108820252,0.015522665672873562
0.9523816003976672,4.78301850275949,3.309509869480425,1.1008920205944452,135.9419137430913,72.35358684317782,0.009173785055122166,2445,1269.8253936185954,1269.8079870321967,0.0174065863986429
0.5466328775941254,9.055900261596198,1.5692954790218918,0.9037244112306316,232.1579326377822,96.19161392511613,0.008331103588008384,4622,1101.2706590555633,1101.2558877464069,0.014771309156523011
0.4424659388829051,9.843871703442122,2.76471701645263,0.8332833262168144,292.40262499173025,62.29889078362029,0.006073254270853898,1765,1132.7031879372662,1132.6949744099143,0.008213527352025188
0.2467318032384319,6.733427981532648,4.667963474293559,1.2488504931645172,429.6244231118488,82.99028828720796,0.005743909172320422,7040,1884.9328165036018,1884.919690090892,0.013126412709935871
0.8075850870349522,2.4547392440613263,4.16753499642691,0.8451063378868846,77.18539626252239,80.24327970527497,0.0039583713877706875,7436,294.8235626741037,294.81753309525664,0.00602957884708968
0.7609995388680323,9.152644509993753,1.9543540317430703,1.3136810835950192,318.52503021531305,93.74328834590922,0.003257901811935536,5631,4646.279609160318,4646.27131724985,0.008291910467866216
0.4459195346717214,5.646230408800545,4.920190526100633,1.1773631015155732,372.6661647140078,37.12142937904049,0.00561123565277578,9825,2434.035050995306,2434.025992120439,0.009058874867291226
0.12267407256330642,2.383743808926263,3.6887918019580894,0.9390080847582584,490.0513360597067,86.18615766279527,0.006200035855407765,7609,321.89758529542286,321.88674575368316,0.010839541739676897
0.8550975949462096,9.295540025064952,0.781022100500518,1.1776660604588547,413.22203523148295,92.44163028037494,0.00320073788312961,7192,4938.061567997015,4938.054314101485,0.007253895530339833
0.11027618510866627,7.8172214565079265,0.658223209798874,0.9280984016214693,174.30229110437304,51.42103847580621,0.00930341119288131,9153,140.3381780832234,140.32510366233876,0.013074420884627336
0.7333298016661459,7.585347454508364,1.2578357705451348,1.1071160452572884,369.31063724521925,45.10529556791745,0.006015465970608868,5756,2935.5365657994885,2935.5269020495953,0.009663749892980978
0.9732313987534513,7.382626334149642,3.775351406225661,1.3596922213695601,393.4750482171397,96.16287277426302,0.0057385479284393194,9650,7899.5229889776765,7899.507683057668,0.015305920008447904
0.4938951953333831,2.803058389867981,1.3268251662909256,1.1233435053874463,378.3809749632778,70.21062577110943,0.004920745495295262,7840,973.9378699921326,973.9284612806588,0.009408711473875937
0.3114760644963575,2.8990602253677347,2.8016904614397506,0.9040895228082838,419.0648305783415,50.45411881931747,0.0015226416614517449,7905,608.2222359710962,608.220164813117,0.00207115797919072
0.7343839090390436,7.194636985845295,0.9196705408137429,1.3066800772760616,456.67848929613695,83.34621767453042,0.008941612010138645,5850,4646.49755258573,4646.47613073218,0.02142185355007277
0.8354153278140266,2.977504750993572,4.643987710235878,0.9307378913890062,94.29344104520311,44.35791212925721,0.0038529480379872684,2893,520.0954577792212,520.0902809821741,0.005176797047034143
0.5917872844700626,4.948045271227439,2.0478227611260538,1.3169849120590766,97.14373595650348,34.11260688558897,0.00678214301021465,1508,697.5753029468757,697.5633240356299,0.011978911245796007
0.9703317477305315,8.038016430345472,4.586594254522838,1.1355466024510834,408.3799949467907,63.517570863816445,0.006466902030730319,1735,6450.79777748634,6450.78576962482,0.012007861519908286
0.146501849492165,8.055572662880568,4.75194038859745,1.1176192313660112,163.5676144346619,65.29696359284827,0.0062603814284607415,7353,383.35935792554676,383.3477925554055,0.011565370141274227
0.5543160384740753,5.079355952732737,0.5275789129115636,1.3960045265002323,76.34363987753507,86.05971858138705,0.005731409818104258,3751,462.4272859211239,462.41239914526426,0.014886775859618605
0.7466085525902951,8.129709444477205,2.588608342394294,1.2960224670384681,230.5531314412726,56.5621884016344,0.002632958500881953,3843,3098.9632380548865,3098.9578955684588,0.0053424864275171905
0.8763764240342611,8.547596165782512,0.610952250681018,0.8230375578684576,418.9446103217352,85.16692316042733,0.00352545166943169,9483,2277.7930911797994,2277.787718414997,0.005372764802515909
0.26133005071701104,6.892981761558342,4.589117448363076,1.0073220202211217,106.95426071629117,44.90581434786708,0.005717692641432701,1811,325.65408015549673,325.645734221505,0.008345933991746435
0.8200031335873132,3.0558326707757812,2.832833951305591,1.409644462594929,352.32888731201035,66.02945617422336,0.008104082064372334,3097,3380.6666419928843,3380.647674996333,0.01896699655106741
0.5974363681466908,3.4661060234699277,0.8372480571432357,0.8128283179816391,51.627137797205464,36.677822312057266,0.004887900735853768,1649,87.70035040443861,87.6949201615729,0.00543024286571678
0.4568983137909669,3.833570398678618,0.9962452772445509,1.1816774123833793,99.38185124560248,50.83567607332771,0.0028353029774151775,3597,306.24022096448925,306.23516734565686,0.005053618832369617
0.2185435257211842,2.051236969605568,2.2257906102173255,1.3094779684217608,207.88265559581907,88.60317582662809,0.001791499823248834,1560,333.1964847560133,333.1920602583813,0.004424497632023702
0.8787661830180212,3.4584365833295063,4.7310538679280025,1.2352992598392032,87.62102646098631,37.2790554748604,0.006967099031446219,9961,962.2507276179323,962.2389127615369,0.011814856395447144
0.24154588736174382,2.8856730188127893,3.618091182056364,1.3323725414731056,430.6557503467008,84.81915703194142,0.004810059735590482,5651,1201.0202112765887,1201.0083666021355,0.011844674453118776
0.3788090732881893,5.09795874827742,4.404284897851096,1.3079842942403221,438.831726415461,42.62973262779249,0.0021283380336037773,1503,2702.403841320983,2702.3998707478163,0.003970573166465028
0.3610409787661932,9.175937930850385,2.1490549085299087,1.2844214866071793,390.0068163947859,22.759177574356293,0.007070201919882855,9819,2630.7743329049968,2630.763184997678,0.011147907318796259
0.8842726307717689,1.9403228507856227,0.6944616479749924,1.3750779026479565,159.11583412802784,28.7947656045477,0.0028682085776893587,4862,700.9748496357232,700.9697699569851,0.00507967873805896
0.7054326947880082,7.48241131552656,4.884429367419863,1.2519834679146769,285.46118385799093,79.67036362566306,0.005581144434733095,7651,3903.55225796345,3903.5397034957778,0.012554467672276678
0.8170132574722351,7.185547039718149,0.5772784579806629,1.0816929459798874,132.88483648551713,40.96567412017186,0.0037556917756917446,3174,986.1315892316906,986.1258624937068,0.0057267379837793704
0.3254211089132491,1.861787787970219,4.7644324388649,1.1303363769402113,176.57530253289985,72.33164737930178,0.009385210579906005,4527,486.4892802308882,486.4709985229898,0.018281707898358618
0.662386689646299,9.3031516441522,2.1590484073211513,1.3017073478770154,282.202381478206,75.93591222057864,0.003054592596440491,6423,3630.51140053999,3630.5044050015345,0.006995538455426507
0.6145713848293738,6.116249819411376,0.5454068225984668,1.4134142207667557,380.756213807359,47.60947715477479,0.004779266693878257,7502,3114.166888529365,3114.1569173859148,0.009971143450426927
0.849547339109444,4.273529690221158,3.601207542760287,0.990553160587843,92.59447117713762,57.99351897689122,0.009635442371452054,8723,607.8201052163143,607.8050256546167,0.015079561697702736
0.9154783544331345,7.80884725145776,4.912431368141093,1.0394537571797495,183.51351393263877,52.30136723646485,0.003868526619444839,9825,2309.1832288253513,2309.1771045520245,0.006124273326863384
0.11094109432964813,3.3162891256147065,4.845315752769166,1.4515175774536888,466.979606857365,95.78791970836272,0.0068013384670990015,7102,890.8815150536797,890.8621863566254,0.01932869705425231
0.7066179271529134,7.241588533416884,1.2242165504108828,1.2049582546866118,243.10549300184968,45.59590898812699,0.003850543393356927,8988,2111.509697128544,2111.502941851024,0.006755277519740211
0.14665221920775612,1.357400868150225,1.3156151272976975,0.9252732719945007,472.4913532591915,34.665843377996865,0.0019960748120552412,6152,158.5736080950638,158.5711209318436,0.0024871632201889237
0.5939727985696204,8.554672338483448,3.0449251157884705,1.2645865972386678,496.130243698461,49.24742743004626,0.006647925094158636,1500,5466.424104087722,5466.411557040112,0.012547047610186964
0.35886945613931037,5.033537623191866,3.36787171892746,1.4935335088775656,286.9969217501372,73.56125660816097,0.009244283817568064,2563,1930.1951230637383,1930.1711600725864,0.023962991151789594
0.37609893956992707,6.730236229221475,3.8273806114963955,1.37641749512928,179.61980440318274,75.78901522891722,0.005073082005106827,5075,1351.2214722868512,1351.2091975045062,0.012274782344919435
0.4176626531071209,2.991140378260153,1.3147266221246638,1.322018795585982,405.84956385766054,93.92458522880055,0.006635588884232205,2174,1275.6525126197291,1275.6355008313383,0.0170117883907924
0.6591632041446491,7.0936634139260315,4.815531890439955,0.9456326579863885,121.68983098625674,90.54035879006474,0.006480085719309608,8686,854.2412174219195,854.2295415266208,0.011675895298742751
0.4006449691018923,7.950162483039489,3.3743266533015706,1.413297849278805,163.42108685243173,43.06564163338204,0.004735807323650884,3158,1481.0052967448914,1480.995721209411,0.009575535480616564
0.7594291455312524,5.258918681959589,4.311711134917497,1.1680521904748826,403.195959274677,56.413059917407715,0.006534069748882576,2984,3998.2481333614605,3998.236195706379,0.01193765508171232
0.4640746470164827,6.559542316556149,2.930295718778773,1.4225030154503688,245.14066612941346,79.78151905467472,0.00333386275977075,8299,2184.590755714456,2184.5822297020695,0.008526012386447339
0.16151788027896277,5.106933314401587,2.3642458141544718,1.0308794805974155,140.69207164445004,93.32298244816201,0.004402341141427469,1519,180.43313229972975,180.4243587553936,0.008773544336144742
0.8053838582356966,9.04682232332061,4.897323079677482,0.843435736844803,343.006585228546,46.973201028551344,0.004980869707261377,2328,2740.3261626401927,2740.319988232067,0.006174408125706538
0.3571824921334354,5.480822624628873,3.1195461686892623,1.1331831780618222,379.7428376217573,55.55531473415967,0.008776078152062326,8196,1497.964605845021,1497.9491360180996,0.015469826921412026
0.4894901916393364,8.57627838125937,4.4009311225963055,0.9888863233725144,106.28205775275609,91.95826163628871,0.0041349960534992946,7993,660.2116270347891,660.2037777826824,0.007849252106625706
0.7168994948997114,8.212168524432236,4.789815783648304,1.3006605028434088,174.64111698872037,48.67870985267381,0.006716233433042438,8518,2753.875897710029,2753.8629098225215,0.012987887507906153
0.3992105414338408,4.694543392135209,3.5390958215389663,1.4699745869992227,149.57453991750495,58.44103889533886,0.0029206345367700885,8659,1062.3654625822955,1062.3586602988512,0.0068022834442731306
0.15092709053204406,3.0707604267172752,2.970224053334037,1.2836819058060946,220.93458294310346,92.36033129744631,0.0032731275614853407,1407,331.9433979037912,331.9353155870325,0.008082316758690344
0.4365289423115322,4.654739193037939,0.5157988290979278,1.4208537507964425,393.550203009229,84.17945743918786,0.0068358598791398,2531,1793.2961184956564,1793.2782295922366,0.01788890341977273
0.9500037244248731,8.43595638197698,0.6800883833255269,1.1171168095208446,371.1686460234459,39.47447400078423,0.007860789346299434,1623,4011.451440223129,4011.439192383893,0.012247839236041991
0.6775609575687024,3.048692822374531,1.4038304722300234,1.3401485160367113,348.1357596726668,45.98360523295467,0.005159054588736534,3766,1886.3027246936153,1886.2926315340803,0.010093159535129185
0.7043312338004862,5.719927112719744,1.3370379433519786,1.3901304056701924,52.82849564086604,48.23669819674713,0.004015897270999899,5647,507.4360600039709,507.4277845110723,0.008275492898655427
0.6690539382738758,8.254870731646728,1.646414578399304,1.2976129393084797,113.96449102117525,93.01907787448478,0.009192444003390454,3827,1271.2192554487501,1271.196231680931,0.02302376781911412
0.27909292506349315,4.1812972761554095,1.8722058696394737,1.1554441002486953,150.48389709593005,99.91469896836313,0.0022222703354413845,5415,339.42988436200187,339.4247511339878,0.005133228014093987
0.4765004776920521,6.779886733024276,2.120294720978277,1.2381062767307576,172.3801307174823,81.9203441724352,0.007486428138844124,1666,1120.654636892106,1120.637774706922,0.016862185183959977
0.7758458185269864,3.210684166439331,2.3924196053099442,1.2903548969752163,115.89194374200501,58.74610419948053,0.007211536747723927,9819,838.8481154715982,838.8333434453302,0.014772026268015078
0.19123560779784324,1.9835150083134394,0.944898523052066,0.9771590822549988,234.64199816325035,20.81390544539832,0.007212206464550148,4276,125.47780988691514,125.4692955594883,0.008514327426836457
0.35006749848074104,8.149458025835706,0.6906286937875192,1.3667054826404894,83.83126325631166,75.7990445278366,0.00941878399981172,6605,484.6011961158593,484.5785660256929,0.02263009016636905
0.34868719761926825,1.8907176106783614,3.5327500208286056,1.4652271772770913,387.5099856745013,51.14889315982278,0.00755371270882713,2133,1573.2962289450359,1573.2794999289051,0.016729016130682967
0.4888170348350554,3.442432555716261,2.9180067117938497,1.1256675206259552,404.47435428324724,70.63891761828843,0.0037140867046862574,2509,1593.4801135145644,1593.4729793970128,0.007134117551669856
0.9823318668479666,8.69598479797696,2.4986489099905382,1.2907470281769142,308.4200103204042,68.5355170769943,0.004180683018090783,2858,5650.587893162661,5650.578798642042,0.009094520619569236
0.16075229201543975,4.118223583708005,3.3549797352575856,1.3159181340532478,90.36719466888553,58.466564525950986,0.004519998758799049,7219,187.9984593181476,187.98903380876516,0.00942550938245272
0.5668308949425356,9.75740814562745,4.224557332415932,1.2635732832650362,450.53742629604113,95.55099181810584,0.0012772780668829547,5705,5701.035199316836,5701.03204325203,0.003156064805914115
0.2614282138109894,9.817609012964738,2.424618091022921,1.182980575830045,484.53612291865153,21.851707628427334,0.009221592838674315,6617,2170.18588698919,2170.1725942288012,0.013292760388546938
0.9736088908687698,3.4144841840820104,3.385037592733907,1.4171535682023675,141.06360214480523,76.97059875780707,0.0016619734347832352,5574,1875.4809803577139,1875.4768122194905,0.004168138223445748
0.2019731542547178,1.368804000249014,4.791075007258215,1.114248696488226,367.0879187483239,52.78718946396368,0.007298148538877246,8556,567.0347919294949,567.0223673478273,0.01242458166752135
0.4632409021254321,7.345569557848412,4.278310231377024,0.8427720695406226,428.8723837891186,77.1032360393289,0.007571449043589806,5683,1640.2473732907686,1640.2360723230406,0.011300967728037464
0.7640964863511456,5.0588785238350935,2.4170036472608425,1.3911894629985122,292.92958514421605,74.01757180317055,0.008593435455674857,3411,3238.5397800608994,3238.5189760916423,0.020803969257081806
0.7340989852247007,1.9067755956361867,3.4012257701663433,1.2717868906215855,195.495394787037,20.81904020607963,0.0059802603003597035,1308,1232.1231231028662,1232.1139340698248,0.009189033041306893
0.480455773204539,7.367705370802385,1.2968191486217289,1.3944810385497526,265.3514217861587,42.8270796139737,0.007527379814708832,8230,2148.0670239501137,2148.0520316937577,0.014992256355791322
0.4118717511574464,1.2805741820072911,3.0223498320279045,0.8969832097112861,280.5209378530034,35.12732164030243,0.00372450632019356,5362,400.00414726394735,399.9996329038555,0.00451436009182135
0.45785114069758354,8.831770214430179,4.915977310122993,0.8215270583568015,230.28666988461256,33.35890823539938,0.007710256098215111,7176,978.3002000114531,978.2917528128096,0.008447198643416635
0.3378486368427754,2.2478727620197336,2.8324180184113503,1.454062178267751,468.4291221351678,78.27813472969062,0.004090741635356974,2832,1699.8996886887617,1699.8890843617785,0.010604326983275441
0.28479964483611986,2.145806908720525,4.674372346355662,0.903409814095402,384.74739992412594,39.16410792744997,0.009125546305840266,7183,609.9422306754333,609.9307578359509,0.0114728394823586
0.534735727803001,2.5810506817172607,2.333007142264673,1.3667566324493163,158.5857390147338,57.979009198984066,0.002470436269897445,7879,778.4468237383597,778.441489600563,0.005334137796661955
0.3416803804608466,9.6423972264286,4.99480172233084,1.376246959526445,313.5007342939408,39.759119622854364,0.003841815796065582,7410,2969.6851404918925,2969.6777510256984,0.00738946619414506
0.3587154984075251,7.238524242284614,3.1064901585240103,1.2960936403843022,359.91011791902537,66.4187058748264,0.005488925063996176,3000,2243.6253965874726,2243.613557293022,0.011839294450364676
0.6910804571271014,8.21234381917273,0.6902104740617054,0.8918835477650097,113.07038976595862,77.64590144479743,0.00798265501433288,9858,553.37350751313,553.360859837885,0.012647675245042317
0.971683598529903,4.578714871594777,3.1403965851112465,1.2671790371925653,211.29158407106695,46.48597909585412,0.007739191945927288,2684,2544.794950187937,2544.7805843932238,0.01436579471316956
0.6432734805034376,4.0268145475446,1.7355771305581849,1.4223606083288058,457.4967267217622,68.24166786296976,0.0028964518689205314,6617,3430.8894391586114,3430.88250793999,0.006931218621322606
0.16928152035846966,3.1103560610485292,0.6461659491615261,1.0978721513606182,305.2278950833407,85.98838195309912,0.0022981212695061676,7782,233.95479958226485,233.95010701477665,0.004692567488208185
0.1680252524686603,5.32583225481168,4.193839871125985,1.0894617980650192,147.6489857271426,27.537942813159333,0.0037357264386468844,4076,280.32321787399,280.3180271674089,0.005190706581139481
0.9562808987610094,5.966458601807517,1.7407833664134016,1.1100008167055935,105.25315915361784,76.8536479233017,0.005353787365083123,6116,955.808716951962,955.7982070554636,0.010509896498368329
0.36756171127660026,6.685973592874799,4.084468493209243,0.8575903234733445,283.20210206369495,45.85159555483042,0.005851045403431756,9637,824.5630434384664,824.555724897221,0.0073185412453406744
0.1828602874742279,3.3140665359882506,1.7969791233014014,1.4244178983209814,296.45857536311485,29.81199652199554,0.004862238318597513,5383,562.1794494248585,562.1704588286418,0.008990596216645044
0.6391401284353434,9.537886728126916,1.3744685924319842,1.4084280047863573,200.48650310957555,63.6523366091479,0.006967811049832064,9024,2773.777005861117,2773.760945576869,0.01606028424814609
0.6612839004612395,2.5278264838642226,4.882710083469924,1.4985365252532004,333.6872127886033,38.10098554141854,0.0048480304923751395,6786,3672.08749788916,3672.07746492055,0.010032968610211482
0.6836543381068193,9.690878572897711,2.127403974897588,1.2096281990488895,80.90810879872492,85.70894341353261,0.009516961089449152,4751,956.5253946034892,956.5040158187027,0.02137878478654142
0.34066182507178716,1.133705102567534,3.206192951494222,1.3258341455159701,115.31286196976328,23.43167276248609,0.003348719631833824,8785,299.6864372784785,299.6809571012661,0.0054801772123916044
0.11359961579302753,5.330131226351611,3.244916717665122,0.9418703344151134,295.82321945506663,27.892231701671797,0.006646349086030854,7095,255.64748012127376,255.63947406880175,0.00800605247202653
0.9685138325090247,4.000310543049065,3.022130669780758,1.2672701727569187,77.81706223000428,61.67969007886535,0.006502401447941186,9031,849.9903688999242,849.9770460093825,0.013322890541623496
0.32580374112199223,5.0421107253722575,4.616130845845466,1.2548129941301736,446.40894424599526,67.11534272615654,0.0035341724969405568,2545,2211.803230689863,2211.7958195830233,0.007411106839712747
0.7084236592472928,6.135981210827102,3.5349848211509083,1.4308461150891287,113.96586670543256,78.39093316181975,0.0047051886206262465,5831,1598.552237414765,1598.5402274220492,0.012009992715823505
0.7359668828908387,4.920302422114381,2.316798518472186,1.381554905987352,353.26394333804143,40.74085826017551,0.004289262574959738,9305,3591.3648044790093,3591.356464384392,0.008340094617106582
0.6490066753715371,4.733621652714355,4.380711730359233,1.4569265238324343,226.04154877149136,87.34083265706334,0.002552491540184404,9963,2838.1720178466694,2838.1650510295976,0.006966817071747725
0.3816166547922834,7.594510738719759,1.31478304602184,1.4081834308911252,229.9044863940118,96.25138718190266,0.005295656913683896,6515,1550.0317960409322,1550.0171610719556,0.014634968976720007
0.3439866283876592,7.172886475778181,2.9490654092468787,1.4080857264291964,394.2002878750147,59.92314428758909,0.004479960277196574,2012,2721.3385175516346,2721.328429330828,0.010088220806514754
0.6379014544324328,8.499441538322632,4.777476673746904,0.8446063286821028,274.7579603778113,80.84250919758409,0.0026048562406044344,8396,1660.0105937104572,1660.006615034078,0.003978676379079941
0.8794860702505224,3.24963083115546,3.314289334461857,1.3921733668871692,376.54495863973983,61.98786836350342,0.005048920408759854,8954,4213.052869017954,4213.041482935194,0.01138608276046972
0.9520603560310561,6.485756587786573,4.176358027136943,1.2252348761521827,277.33605293874615,25.55736235297685,0.0047965957143286525,8534,4226.234760306326,4226.227381354939,0.007378951387226157
0.19531522396338188,6.266753068535685,3.4410232649533676,1.066311116236173,316.80740363236856,46.08892102740968,0.0021822910989351377,5203,683.0008040786144,682.9974045875847,0.003399491029606521
0.2393457513379479,4.327640297854199,4.277168885920506,0.8395602370716436,392.32158254134885,26.9989351701612,0.0021806878772620978,5377,569.5274528117225,569.5251276913019,0.0023251204205358422
0.9502626329047718,5.374517877124128,4.750195459303597,1.2743716423376328,323.2889343145739,99.11032954040108,0.006827566418611277,3668,5051.390166500112,5051.372842195006,0.01732430510538151
0.7628817055013133,3.8240392897515587,1.7281477738973157,1.0297412253763323,327.02679922495486,38.32207296587018,0.007359227242453937,7533,1468.8042928543089,1468.7938106697422,0.010482184566676055
0.8946944423467957,2.276599578552867,1.2634748656552348,1.1274433854902244,405.1488161424175,70.8720335532575,0.009470623779180143,4241,1631.1580829045383,1631.1398378857205,0.01824501881782379
0.28236937072180884,2.9242108959645954,2.6779583764964294,1.277209905938594,477.089067118718,42.74760815559499,0.0017830422141498984,1877,1231.1160147998435,1231.112763981186,0.0032508186575471707
0.6288272839984617,1.94962281761081,3.6583809207089715,1.4382421829169,219.52226927090155,72.25969722847407,0.0020607534314042815,2198,1601.3404865135487,1601.3353809729565,0.00510554059225828
0.7310256349757263,7.1476261767111176,1.5223606393199725,1.377805840923499,309.70272075167804,36.8321352696386,0.0014663631562111992,1453,3726.2537806382875,3726.251016131467,0.002764506820400159
0.7121006969022754,6.946546537982364,0.5184565269357518,1.1154179903725199,88.82292098009552,82.82160527280597,0.005790055876812371,5604,587.4629350672774,587.4511278401449,0.011807227132546054
0.4673365217800283,9.555457344218855,2.043208021265174,1.0714482102124652,211.4617462559901,28.86492822693084,0.006604719528657039,3143,1315.8758975092546,1315.8667782345196,0.009119274734893091
0.11385540252217763,7.567105722825172,4.859867009605048,0.9678458171908333,235.4221516502237,91.61203200722242,0.00463171106738942,7345,312.0258849496847,312.0172953996534,0.008589550031321919
0.6246334511238368,1.468412548805183,3.62735357272631,1.0606987258231777,425.85679257082296,87.23373540326355,0.008181119988650195,8204,1525.060334111788,1525.0440865232883,0.01624758849970716
0.3277913852616479,8.958206565360587,2.305964497735508,0.8777324711043288,281.0265809565546,74.30458749107085,0.007180294924034202,4058,799.4190085280375,799.4080231940503,0.010985333987108022
0.5052288215286013,8.764076466511533,1.3665924380607815,1.4797738558553282,378.979867984306,25.393170171427826,0.00987256378852174,3856,4247.515307775584,4247.496988884487,0.018318891097080486
0.9618229135754356,4.989882886954288,2.1024035318963614,1.2017422107717053,58.55333001155211,36.685522266314265,0.002241054849697108,1440,576.8440103168564,576.84032914309,0.0036811737664246
0.45913178587819126,6.2727674547512935,1.2642774498556157,0.889464089956649,259.021701332742,88.74892765528608,0.0015248409790825123,1995,709.1416942684276,709.1391342831547,0.0025599852729072947
0.855821445997984,9.784704992252669,0.9783761959082813,1.046964206486134,455.5929493236129,29.75795474420761,0.0034732333501244906,3111,4600.032393615879,4600.027675161196,0.0047184546827850685
0.26968654517432605,5.790739274633497,4.580340676576492,1.1829274005344592,150.9412591876033,32.47456770464161,0.0011714517578515964,5100,590.7568464490037,590.7550106927725,0.0018357562310704662
0.705214448222526,9.147896455384808,4.989426522689631,1.1730199456486088,64.18498338820082,63.52026590044166,0.009393502850798615,7215,880.5246024427865,880.5065845269917,0.018017915794901137
0.9793062589950492,1.7473488202916778,1.2385149781810565,0.8248523581030427,245.03393017106438,41.9341951739475,0.003735564928193579,4468,487.49603315944506,487.4916597559357,0.004373403509389962
0.19170379078564312,2.7194668183781454,0.7453515149522587,1.465588723960378,366.9943192914179,37.766055995514364,0.00597187150274313,7473,523.6061541509989,523.5940964420988,0.012057708900064575
0.10748794800447281,4.966794490971861,1.9837899821579557,0.9927629770324613,254.5085780786613,66.06507454785445,0.0038626266959086776,6266,187.4085607075802,187.40219265537309,0.006368052207112143
0.4902245133693529,6.262811275035743,2.577466313426369,0.8113292682523239,256.9902410800696,49.806134116642326,0.0032122775978994113,7492,733.1184636499371,733.1145593802491,0.00390426968798254
0.18336293474623047,8.346050666765201,1.421695611841345,0.8535108062651978,351.4122685572438,31.2447917415735,0.0023712825157739203,5460,458.5042917141437,458.5016354307863,0.0026562833574093514
0.7735459147086082,9.894359036288682,1.856412103093513,1.206136432273584,164.47496372737206,62.788301403637156,0.0038832932829622204,9714,2174.936883563675,2174.9292589153206,0.007624648354723515
0.923093797463703,4.499663468267048,1.4039183106124598,0.8964498644725678,388.35040623888983,50.96099226228982,0.006538770373671772,9897,1700.7459743592344,1700.737125509222,0.008848850012408146
0.49061887543788296,1.4267407252607645,3.9841725579460308,0.8292073549974524,118.90108890758005,78.76134194190155,0.00974459079718775,2759,217.04803215297915,217.0335877246484,0.014444428330722053
0.33284047793989685,8.210543529657924,3.7066007446126736,1.0657385264888979,228.08777237869447,28.220435385647136,0.006022828363304346,1249,1027.5788285911158,1027.5705984288086,0.00823016230711669
0.4909629871059488,6.439426471745273,3.3572818209244177,1.235932834638132,345.20364881191307,69.6490595156779,0.0057943815948910465,5996,2536.273753998343,2536.2616046378303,0.012149360513120011
0.751103036065001,2.786885729813815,2.2424803568564213,0.8782878633891287,422.76605325358895,54.919466155459816,0.0013173671629463219,5344,1231.9335107277986,1231.9317182668317,0.001792460967005544
0.10814874542233388,5.453456109592781,4.590684235914062,1.019329482505921,406.1889820242749,52.48495000419233,0.008560891141009235,7591,458.4628750547544,458.4495686557493,0.013306399005116548
0.6305085905362274,7.68079220980352,4.86289643690759,1.0924324701371795,374.75851968846405,38.5830150406673,0.0014035723749781593,8708,3537.180723969873,3537.1785990653657,0.002124904507000122
0.6519625163986412,7.933706083617794,1.281376906814354,0.911622068450737,211.59337259137598,22.43408225621689,0.009156090466931313,7482,1056.471534646889,1056.4613152036636,0.010219443225436131
0.6739194222063419,5.496565707988858,1.5035568863534512,1.1542517289266971,105.03694233217573,87.81513554917164,0.005848045528210462,7238,660.1841555386906,660.1714777979325,0.012677740758047383
0.3178198719827895,3.7469307711597324,2.8653396260016635,0.8596498608312396,147.57539796184577,46.11280688275407,0.002516199447106319,9450,229.18954357271684,229.18638307891038,0.003160493806458295
0.742647451040314,9.763683238346442,0.9106275617701038,0.8325629474415481,439.17521655941823,74.48728317838777,0.0050653665280581284,8096,2413.2140497982446,2413.206691256874,0.007358541370452405
0.18225233769859878,6.9702634986084355,2.4640177947040076,1.1638847570085944,435.79911655969676,95.8069919821366,0.009954860326148786,1904,1015.0745554007128,1015.0518685952446,0.022686805468193575
0.27934330282012076,4.674137674116689,3.1180606914996956,0.9735278809256129,478.2023836425571,65.19922384657053,0.0037457456683968374,6042,986.528053780141,986.5220296453274,0.00602413481358658
0.8897230419890337,3.5241690178418716,2.849331070117999,0.8667616655286193,84.19489335299372,51.7717522015893,0.0034251379169372084,8895,358.69343799213794,358.6889322253757,0.0045057667622504126
0.7648508356539098,7.579926847032059,1.9890886238511172,1.0967388112413425,291.56408837485526,41.461885307896296,0.0020620530553825535,8456,2566.758446984042,2566.755247775951,0.0031992080910229104
0.11237099861021073,3.1796510103439095,2.9410061273474306,1.4405985176621763,341.9073702069051,94.72350341179947,0.00637428113911755,3139,488.04806382620507,488.03018279535604,0.01788103084904884
0.3235386343328202,2.5453899007631935,4.814604294164815,1.3069347126579085,369.79581968008546,74.56614544409143,0.0018030429911256663,6143,1504.092657689173,1504.0885441087012,0.004113580471870196
0.2929658346938481,5.7685050006586325,1.4270783193111922,1.3709311407429192,339.7384557546936,73.22251146052477,0.007894072574236695,4178,1346.0618720071984,1346.0431254687362,0.018746538462253666
0.34372569523327534,3.609886533797277,3.4467411127730165,1.4103397921310454,396.5051254560269,54.09266601162216,0.009273011628975024,5147,1912.978551439616,1912.9583990508333,0.020152388782743308
0.3228037932518978,6.660146304312535,0.6952851237022333,1.4808394189774932,211.76220933020372,87.60389702939446,0.009386840000939495,5389,1102.6087751702892,1102.5826974731342,0.026077697154895548
0.15627366616856117,2.0614480738681014,0.7988738201664571,1.334272601459921,130.74474746096698,77.09377496075896,0.00197124627589694,3347,104.0479529622845,104.04329507741724,0.0046578848672527515
0.5130464649371383,6.8944699411058945,2.9832270090061326,1.2258855453576358,142.06251746769735,42.65466174248129,0.00602436337617672,6501,1081.9220730389568,1081.9115377354333,0.010535303523589511
0.7594601273075486,3.54966875197932,0.9722263114757725,1.055798116211573,55.390410261573955,67.96629280200384,0.0018739886941194996,2591,212.04528084573153,212.04195754237503,0.003323303356505037
0.6460585522456928,1.0021864099106146,0.600560547920858,0.9271502655904013,207.64484244780004,54.41551636810125,0.006148145273358676,3241,184.83275037849646,184.82394830104033,0.008802077456114455
0.7055845017382718,2.1424245190675872,1.2718084894161,1.280661911788306,91.28482289598978,20.52721302637704,0.00833482526688623,4628,360.68264411260003,360.66977892547703,0.012865187122972504
0.17303426068261524,9.402538400515846,3.041821269498085,1.4964649902853593,194.6699117555859,84.60987452014379,0.005840111460729562,1750,938.7373002337662,938.72116621254,0.016134021226172832
0.9563416391591085,8.80619175203822,3.6650342953351958,1.1271510792332433,332.6945347248115,29.82642791357606,0.00884848443496013,8911,5041.19226275215,5041.179314411084,0.012948341065796674
0.8546426504587223,3.1024812883261315,1.41115353863621,1.3065755576649654,452.515125014069,60.79636048020913,0.0082150691936444,9430,2979.9958287478516,2979.9785694958537,0.017259251997801327
0.8245812866460964,8.005347140909421,3.507167467436785,1.1465647149952094,427.8224529457324,46.89809544678525,0.0034889351494593558,7535,5339.0607827217245,5339.054906371997,0.005876349727270814
0.8406854245375908,6.477144338565768,1.321143489946532,1.1023533963544336,163.7033953809096,47.3671232960542,0.006670920545941975,3695,1304.1746774339185,1304.1638404802056,0.010836953712911017
0.9394394573194852,9.738142403048824,3.260558419840657,1.0872139294919405,110.33741398912113,58.18919067310464,0.0010667091382851829,7156,1592.6562948640328,1592.6544602790775,0.0018345849553670233
0.589828569502328,4.362450935806532,2.3538185595310948,1.1532372780521882,136.88252320852908,99.7618483215796,0.00456437724332378,5636,721.1831944728921,721.1726793887677,0.010515084124352625
0.2802538160808633,7.133145512654542,3.442097792001275,1.0568269633057625,486.9439933566231,52.67037445051806,0.003141641510058657,3304,1611.870146648161,1611.8650777299654,0.005068918195603597
0.655105247067287,1.5718215018152673,4.977737386156613,1.3241413252752654,297.26351585847084,34.58633838532579,0.009434047113491377,1107,2236.33408806809,2236.3172755270225,0.01681254106712986
0.7685933443011451,4.566226121347653,4.7201763435465285,1.4119904186140617,132.12600035025866,69.08850704394952,0.004648501105508441,2604,1880.1758605196444,1880.1647621604145,0.011098359229875995
0.7641256540186229,9.674358950693625,0.5192679102624663,1.418019714651629,428.3357696090668,38.9030166431617,0.006886579855802326,2908,6708.775693677341,6708.76212937272,0.013564304621283833
0.5693041217501921,5.850827870051085,4.484474439630376,0.9593890993980781,227.8360599406497,28.443930937036033,0.007587834483462466,3230,1233.908126371612,1233.8987760571501,0.009350314461985967
0.16161284740022025,3.5909155300136013,0.7992085782864493,1.4271363971120437,454.6499683886273,24.01393376527433,0.007958912848133569,8921,657.0071881319568,656.9931020660798,0.014086065877045474
0.43400164458711504,2.0824386681574616,4.788709637719302,1.0390858622985735,167.30470707551893,21.830501921574708,0.007621976728157761,9558,538.6907376776584,538.6810888380384,0.00964883962000109
0.9286899476170216,7.331755061633774,1.768215555948581,1.0165153658397084,226.94979146190627,54.4931718648851,0.0036024855488896133,8163,1981.8448766592676,1981.839219147253,0.005657512014624379
0.6260040187816834,6.803704390867541,2.2191567368507195,1.3087292401787651,277.22649325553806,54.13806238987149,0.007174609270562999,8701,2681.9957225655858,2681.981249585804,0.014472979781503489
0.5844987489301421,4.365448422433971,0.9123719232907753,1.0132874380604027,451.6769003400642,34.843632006236234,0.00594108534036055,4594,1430.6514878670991,1430.6433702438505,0.008117623248504567
0.3419681629439742,9.558472166792509,1.0052274124800933,0.8370764839267971,440.94084422227513,82.72152430169675,0.00637635398317767,3921,1116.1334505648847,1116.123697810884,0.009752754000513756
0.43160402792492103,1.199825316890653,3.7703325435319384,1.0615324406172157,308.45978163674505,30.3416502335903,0.0010073315557787938,2740,745.6269077221161,745.6255139591361,0.001393762980013674
0.9058114802378524,3.733514664686432,4.7494950608673125,1.3050259202508443,149.7989794014008,93.2253754111442,0.003324318408575709,3818,1960.364243122395,1960.3558603840222,0.008382738372737992
0.6998167427741522,9.289625376696232,3.248368227294393,1.0288708941891236,231.5106372820438,67.0060782114618,0.0093761532704409,2353,2150.345973311573,2150.329862483714,0.01611082785903469
0.8086483240770996,3.8884189448749633,3.72132506987065,1.2406913391966026,489.0348794144774,22.209310088394368,0.003610684749751532,9643,4632.309713663121,4632.3042389973,0.005474665821897113
0.5089108807608896,3.2702755046965333,3.9288638506871907,1.2620836109841913,323.4979507448309,97.03781005941732,0.004942139700246784,7140,1887.873682261077,1887.8613922374825,0.012290023594380885
0.6672224975105422,5.807983689381226,1.6826642354882377,1.3136152082084493,401.4939898058885,44.63530076366829,0.0026800658397616696,5416,3462.6300130378604,3462.6249210432647,0.0050919945958237236
0.3235452478688868,8.41421574928484,0.7035333391409672,1.4279913264176556,252.43911291263888,55.99799676622827,0.002247422967133208,7017,1518.5597283725328,1518.5547219280365,0.005006444496227033
0.7349147472551376,1.9283208479052494,0.5084273476362586,1.102795149487902,289.40327396006285,42.741495439564176,0.0028780207177483462,7993,630.2950137382691,630.2904833126394,0.004530425629670972
0.4848412003330036,9.487186386811626,2.0779217732930837,0.91650245366372,243.02935050464484,78.2737038427022,0.005982825959802758,1742,1144.6663489516968,1144.6565737148471,0.009775236849647153
0.49829096333327105,8.155655930630477,1.5865890268964724,1.0232480008023226,366.31444912788555,58.85441765756309,0.009271257862510974,6589,1861.9217737770048,1861.906703582349,0.015070194655707195
0.6843900921191935,2.6312522999639674,0.7804297627213355,1.1025170786217902,433.1619562490948,30.589836752200206,0.003935792619065713,8005,1229.4057083963223,1229.400041739508,0.005666656814411343
0.9426525593220341,7.408071650783464,1.3078773162215005,1.2997240285296792,278.3135944510536,28.336316188756303,0.003910671569871739,8628,3862.8138456838824,3862.807322613551,0.006523070331438444
0.15760571194775883,4.464628503738014,1.0602450422057652,0.8091854878931435,266.39035638630156,78.03003306596598,0.006077265281981816,9002,151.89168436398603,151.8829294969969,0.008754866989141753
0.8422689136123068,4.6206521026868685,4.616952712778167,1.0210497684079154,203.12891019427863,38.96651239450172,0.004210684459238218,3562,1647.6967567450486,1647.6907821322225,0.005974612826019939
0.3631447993709738,8.049610831949797,1.1312024605662603,1.3458898067135219,129.6935124323377,31.0234699710778,0.009193744431855893,2260,783.2623186053027,783.2461060665227,0.016212538779953406
0.49952750905574006,9.66506327182659,2.9194180879445564,1.2696003923314867,472.66147529379896,59.954207759827426,0.004400632383780358,8239,4789.386041688054,4789.377104975126,0.008936712928644482
0.11972199589750807,2.1399028556247455,3.1689767980047407,1.3122179815099235,192.23587340577726,84.22122300290432,0.005413980272675204,8439,210.40218650425498,210.3890988348917,0.013087669363285094
0.37094147005088174,4.785672131909375,2.945702559688852,1.3682675386074363,410.31115860842846,42.302619669850436,0.005800503555733698,3334,2203.02645243225,2203.0151583845877,0.011294047662452966
0.5523681183671174,5.328474472758732,0.945753953971946,1.3482650032145735,371.90615957936336,42.11452893606462,0.008038610156174242,7230,2343.018295366495,2343.0028927426642,0.015402623830756405
0.15055846961269512,4.386806352594978,1.9345926278774805,1.2775282163069446,405.9129201251581,86.71050082083015,0.006075153454733953,9577,630.5249145790597,630.5104236410926,0.014490937966979358
0.5419861564448486,4.268702113446025,0.7307164960841896,1.1077630726594134,471.5456600174461,31.826703565502612,0.0031523959013259172,1602,1567.9293550082307,1567.9247514776728,0.004603530558003067
0.9343995659725847,1.4704180080543687,2.280514613433422,1.4885188302147077,330.51684209940373,69.33820734292378,0.002115884859637306,1442,2566.6996655257567,2566.694332160569,0.005333365187668972
0.1948538962970247,7.169847585063609,1.348695190722164,1.1983512369130516,454.07765452192007,96.40107863860683,0.009439970920200677,4307,1082.3848504645327,1082.3626327872853,0.022217677247382887
0.7879966552679539,4.925929754080409,3.027346399779709,0.9419384465581875,125.46379531053215,87.30425196618461,0.008214066951751968,8841,697.658557903928,697.6440659014922,0.014492002435739003
0.4687039480383934,2.7531442237953407,3.6176377723209523,1.0049689985733492,332.02065918055445,24.945218702378334,0.0012066868926002418,6856,1001.2959280368241,1001.2944128475,0.0015151893241215214
0.6896563430719043,8.344301520718616,2.894539370921179,1.285493719179329,397.5240258115757,45.59287012493003,0.00839376085891193,4301,5091.654165856724,5091.638456201332,0.015709655392036857
0.33421293818670644,8.22304673336465,2.4540651347512807,1.4473176956396245,172.23850883487833,31.389957247409306,0.006315380145142919,3301,1287.4758859191643,1287.4638764021777,0.012009516986640836
0.24354303628722246,5.377524652800044,2.243000393855116,0.9251040904441283,383.33921058138424,95.93925101497118,0.005670048115314491,8095,608.880952714164,608.8706749466611,0.010277767502836379
0.2444163528441038,3.6860559503298447,4.287612956436517,0.8576425470220504,400.31457310230655,98.8753252977665,0.0011100626112120302,8841,573.8573214811024,573.8554281145704,0.0018933665320136409
0.1634427510788302,6.742834532168072,1.4871562927937152,1.4170717336294043,424.03458020740015,38.79944164320303,0.008027776507459738,5450,1145.3967518213287,1145.3809620868274,0.015789734501282886
0.2670820344111187,3.5933692219966273,3.80398252787991,1.440694585238984,190.79731066816976,73.5759235863002,0.002782585128171251,4566,782.4217327681023,782.414774360443,0.006958407659292076
0.6977974464900715,3.1240713729134084,3.9086704613305354,0.9934655417211297,356.7229655757391,87.33053856376947,0.007551830918746712,7553,1727.803183950907,1727.7891295076088,0.014054443298231845
0.8935215506591573,7.57463188623694,2.386400032718305,1.0641000070598678,186.91397753439296,38.69442275315812,0.0011428142262923555,3476,1883.7203249669785,1883.7186383476171,0.0016866193614816292
0.8327131170320456,1.3629271574885564,1.837852696515377,1.2621315982485009,382.56817437430493,35.0144507456782,0.008167182846995677,8120,1624.3254528458851,1624.3115354759148,0.013917369970288097
0.7166208788870357,1.8529162393113456,2.6174366872068884,1.0309510145897325,258.3381493155705,20.896881859782425,0.001207355215195365,5010,879.6230804565467,879.6215756239413,0.0015048326054054588
0.19938867706999241,1.061093566212308,0.9194626665171433,1.414011095789037,318.894968537249,52.95699655532207,0.003123036136652672,3389,251.79820023620482,251.7914456433831,0.00675459282170917
0.3602687016663549,2.3764886782788355,0.7066851450309048,0.875305091899704,237.127991643756,91.95499699157732,0.0034145039126144213,2830,201.80811399729646,201.8023769756069,0.005737021689552729
0.3788261877902221,1.620910078394135,1.0022143975335132,0.8265875546721367,122.89231711842093,92.2383719245079,0.0024175777429623377,7540,83.44135454434044,83.43751296868412,0.0038415756563282325
0.3249612517578591,9.962221310019267,1.3421526415800178,0.9459403447199527,130.11328832241364,30.219450200721305,0.005329523765758322,5073,427.6947419347102,427.6881770363098,0.006564898400388646
0.5635050937387508,3.5992897295868063,2.7687956915211935,1.0002614447434783,84.90600826796053,36.348198442271595,0.0035531916365503804,6545,304.84502535242643,304.8401793730181,0.0048459794083288545
0.5819984333917053,2.3434121140232254,4.321114862725049,0.8790486139022126,328.1327058747478,52.64378647476269,0.00993959178154531,5829,983.4954206765831,983.4820836022292,0.01333707435392393
0.42119737765399917,3.1689663219632616,1.5603904939985913,0.8459833005384527,431.8872790788767,82.44996361309616,0.006219719140288951,9054,615.7274343424988,615.7178342294914,0.009600113007409343
0.41841024286279244,9.425130143861212,4.708229048360502,1.3289253994512589,59.37657181793642,68.94811868253828,0.006098300425488165,3266,620.1169707825961,620.1032789122589,0.01369187033723044
0.8457000381154732,5.6814420072195615,4.797085590207516,0.9149935961315802,79.80777593975907,61.10797948161731,0.002987826670958097,9787,592.1083143865604,592.1039099485166,0.004404438043858934
0.8103635634877171,4.283362866770712,4.815070721803424,1.439745539346413,255.86014653630966,67.35455073780825,0.004678204948434203,9382,3910.4065749579077,3910.3953029181494,0.011272039758108256
0.37701624851267107,8.860523121182974,4.269032306043457,1.0575997630136673,381.9743312756852,27.695975504183732,0.0021158019492400005,4462,2114.8888340639473,2114.885976647318,0.0028574166294062643
0.9224095994859334,4.554912434941292,2.137212683589743,1.269424066804942,120.96844012037809,58.213091380392555,0.007862763270253478,9835,1203.314365831192,1203.2985742962912,0.015791534900639018
0.9575335153022555,4.015077129619262,0.8270775995118038,0.9577814803381602,172.24309379713725,99.36506316313027,0.003980433215381293,6918,732.6083103980158,732.600709833819,0.0076005641967214115
0.39406828782703673,2.86554270294762,3.059684292949227,0.9682259379443068,154.40279057681323,27.075691755127025,0.007767692500538894,4767,337.9849260783823,337.9753688663718,0.009557212010486612
0.4189824539137494,4.400171415184704,3.0140664977175518,1.2022964420073028,229.57304840201937,61.53973421079091,0.004345263999365279,2105,1030.8843202950475,1030.8758809820695,0.008439312977886028
0.5550707380797629,3.8501592041523343,4.32489095199318,1.1924500476021902,151.249404657907,43.651940932589966,0.009898815161033612,3855,975.9338216341966,975.9168651851828,0.01695644901386409
0.9470087312803062,7.095735633683269,4.981959729257474,1.338110459608457,208.66940534513887,63.19306374895672,0.0025400946002915965,7503,4273.476571328863,4273.471024515507,0.005546813355649568
0.8886874898280804,3.606244342036544,2.786707879520664,1.3304693139859862,377.84416939787485,65.90550080269973,0.0010137150449499818,3159,3799.909301614819,3799.907064019523,0.002237595295804451
0.19231116632523082,6.194797717803053,2.053418139679029,1.2694814352645627,324.95416180438514,66.19783184955807,0.006353429872405472,5398,830.7040728637935,830.6906680758308,0.013404787962679075
0.4534576689442746,1.5930294852877545,1.3365577020032016,1.1143913961254437,86.53176742626181,88.17670282487093,0.009576578800790544,5146,142.7760439322889,142.75596160726522,0.02008232502367244
0.5980340707747946,2.721602410268629,0.5215992116781683,1.423448270396432,336.985549810573,51.179793173892875,0.006823486494153814,9997,1324.3395452314478,1324.3248613194799,0.014683911968061783
0.552819225296386,4.666647444502139,2.791011616199956,1.2358049431549092,264.68472720164607,61.308333013319675,0.0017715117047336288,7024,1666.538387537962,1666.5348561066996,0.0035314312623911776
0.2744767611432034,9.432543285178259,2.999834000161681,1.49313894332365,470.5545086182124,20.874271917419883,0.005864323442196029,9892,3579.904405957036,3579.8938219039546,0.010584053081560782
0.8729350940513393,4.395267871441258,4.212223159178288,1.373558872554051,180.18694269682396,83.16404812638135,0.009185382425239547,4791,2554.3495915429758,2554.3264823513196,0.023109191656350888
0.7092467046971537,6.976667090798507,2.7705963555176027,0.8310168678668284,376.77488886462197,40.759016590068235,0.0010585546109201146,5756,1798.7961877179243,1798.7949494936,0.00123822432450052
0.8541175373666232,3.2957850017925834,4.624107568997254,1.0244157349562224,378.88737037005643,85.32440192324131,0.0025022099155401893,2907,2689.6781011160147,2689.673350689672,0.004750426342749861
0.872887851414525,2.1433021837590855,3.32637564457146,1.2003130015296661,149.6753514541343,41.251093310425375,0.008331054004923549,2136,1029.5927149867168,1029.5785900575677,0.014124929149107582
0.7735202682991658,1.5268294007204513,4.281513071994874,1.305028676510041,456.45063123692125,20.86307970099938,0.009045163959197347,5131,3492.686528483224,3492.6722615655635,0.014266917660413925
0.4952895411247456,3.748721486884762,1.167357806634862,1.185235548433359,271.03244019332135,32.38650545547574,0.007364445587814439,1622,927.0732761209517,927.0617206288553,0.011555492096481086
0.6494920795138821,2.4189492411721716,4.349012586360416,1.3502912957235274,355.4975151001861,98.85463220577344,0.009924041472758388,8245,2849.2288105200573,2849.202163309676,0.02664721038134966
0.24432886550776883,2.5660940321451178,3.5381473449973178,0.9978589569301413,115.63500149757705,45.584099675839084,0.001811943366279124,3896,171.72786240882843,171.72523015525258,0.0026322535758441074
0.7062808757274169,7.84683377548255,1.2660486459724876,0.9287384358629776,166.01176264638616,28.705912161019775,0.005911088642529043,6659,921.6419675059274,921.63490173769,0.007065768237361722
0.26132793016535266,1.142542638503868,1.353936011657049,0.8377416786528391,313.74820307175025,29.500704290060042,0.0071649525038282764,5968,143.66093102817928,143.65315790466238,0.007773123516903371
0.7245546314591411,6.02029113161891,4.669252785698996,1.2013196212000654,193.56227076800727,44.827417124577906,0.007323802483321791,6423,2163.568849027364,2163.556106781542,0.012742245822040517
0.3066383446785718,4.415152425341184,0.644969122026678,1.2820196644728468,274.86181335693806,23.011603289341043,0.008141361538097644,2415,700.969539811321,700.9567006159684,0.01283919535258097
0.205796170135198,5.5589499991769245,2.5814072448306775,1.0283048019835532,218.30233971798015,60.9190870497563,0.00925863440589445,7797,386.7230663178445,386.70774569718907,0.015320620655407053
0.2487560411286617,6.065472134931426,1.910638804703457,1.2295089293991137,338.24920848982157,37.09927323914562,0.004254773010554032,3062,1014.5373871147694,1014.5302150659766,0.007172048792891848
0.10179292169716325,3.820309250115504,3.4928484799929262,0.8365100615973305,269.215413251364,61.54485131174978,0.0013866705352687226,3687,140.23957341338902,140.2376995515044,0.0018738618846243743
0.7468656560681772,3.6559797416585678,4.278332244060464,0.8695053424077626,52.074471187925674,31.261137495937614,0.004261977230328625,5262,233.30830329803663,233.30343900709005,0.004864290946583385
0.7591609441525412,7.600616644014151,2.1217015470045633,1.2912283405809488,342.3563770754228,54.388578321399386,0.007044532870485115,2688,4212.982513480836,4212.9684701406095,0.01404334022691875
0.5634400149219335,8.841492893090415,2.4210593929527673,1.057648793652109,239.95470067258177,67.83334867209956,0.002921104786002792,5158,1703.3270682148302,1703.3218829985667,0.005185216263422611
0.24522652094984534,2.733234692126751,4.918630030256364,1.269933821772104,203.7642532206003,24.95999506704864,0.008289756564028394,8738,616.6435058950751,616.6303508037777,0.013155091297438632
0.17519890375962077,1.8785688448163405,4.027624293556412,1.3822047841959426,92.3660385274506,51.899944740084685,0.0029778801195054776,9394,182.60430022593982,182.59804796322962,0.006252262710204291
0.11721606979355831,9.080162257528233,4.537418589193061,1.396835706233282,149.16636075492116,44.20190567917502,0.00109057062142156,2124,464.56952972459464,464.5673330277713,0.00219669682329938
0.24917335926869866,4.149059172826588,2.474429992932334,0.9205173518251157,150.69753121138405,39.22878531909072,0.005572726968012215,6288,210.7527507906974,210.74560864378597,0.007142146911445072
0.9017699814848321,5.961856515965327,1.5533429179285185,1.1403999006459427,470.91627473212804,68.36277008675972,0.007538154142632581,3450,4150.456248927799,4150.441775605036,0.014473322762963106
0.3173831575315136,4.235888300680031,2.3533855942390325,1.3137487065427405,244.63083863594608,67.08335886123258,0.004146898064831506,7490,883.0020680677042,882.9929653964405,0.009102671263687145
0.4188441944954941,2.1322210271144617,3.7224136302418107,1.3417864173868372,68.92963124682652,70.45598453421549,0.007740062195831081,9978,304.33387815162854,304.3161754277567,0.017702723871839552
0.19481093603319988,6.303984804529552,0.992436821761907,1.3492731865102143,112.4675070094944,32.71061363460171,0.004945639007089074,5929,291.0471279145343,291.03827211126264,0.008855803271675325
0.3001251742733533,5.726267665926667,1.7171109752742897,0.9597171340664091,85.56470407981043,42.856739588986215,0.002545431555760619,5288,176.06064774186882,176.05715790275215,0.003489839116666395
0.5673021137021846,2.826942032720775,0.7098615520771567,0.9347743724066414,314.9912255932451,36.7743022396063,0.0018150255441905943,3946,552.2544443717172,552.2521238050656,0.0023205666515962713
0.6469774147860873,5.0668214018705005,2.4455648225215922,1.213008727791587,133.97967120507204,63.24028839982735,0.0073952844841661276,8915,958.1652678923426,958.1506243494277,0.014643542914918522
0.32081708274959,8.172527536140812,4.223505811908259,1.3187600584167538,274.3509381267992,56.8852551367693,0.004471433088425901,4036,1897.4937690823997,1897.4845179552578,0.009251127141917337
0.15195894330260548,6.313834927971022,0.6109865973410487,1.0233976608739352,216.527928291489,46.423499007420006,0.009214963911313934,8716,238.65071491103845,238.63690633679013,0.013808574248321378
0.4519295822146588,1.8722559436029536,3.538955870632247,0.8732936098036951,411.74436971488973,82.88118470947465,0.005862295527165548,5075,767.9250471149636,767.9156845031612,0.0093626118024539
0.31078303383370076,5.932193475062215,4.696231435311828,1.3017224680370543,194.22033676941302,27.517899552670624,0.004135891763986324,6507,1087.077377409311,1087.070512122014,0.006865287297167506
0.29759853090682176,7.324644693606282,1.5661753768003202,1.0097884819660032,256.21946707856375,97.99173510045138,0.004140918342907508,7096,691.2748463570156,691.2665674283464,0.008278928669132572
0.9638765224421098,8.134330652026762,3.6213567832744165,0.9164539070182053,374.5784968690216,29.3235262252255,0.0021829407800738427,8724,3564.7891252199174,3564.786538019224,0.0025872006937827895
0.6546704373331517,6.662058207708401,4.8879585549509015,0.9034064698779922,245.0080431187877,81.84566500546956,0.00634410238230241,9528,1512.0114251040152,1512.0010029777109,0.01042212630430334
0.6011905988548863,2.3739234808670537,4.830251270686085,1.0204366832687015,406.9469912059351,49.45841513286655,0.0062395042186929005,4667,1835.306650199546,1835.297134153872,0.00951604567390784
0.47419759317098975,7.391559399311446,1.5571813686311446,1.2148746461396218,347.75796030649917,89.22097833054445,0.008199943227428442,9796,2178.0359739981795,2178.0171239876227,0.01885001055684768
0.48604990008712984,7.096076614733647,0.9514897394543091,1.0508815670856717,234.7381012760222,25.933595902732964,0.002810772662203685,3536,1014.0004641554273,1013.9967443424975,0.0037198129297323634
0.5868145034542728,1.2198419464656989,1.1672714205316217,0.8144632961154021,276.7918665588632,49.977736815387026,0.003617106782282447,1665,257.20399137788047,257.1995730326856,0.004418345194871428
0.7267868263324966,4.705729008312188,3.6591605081696397,0.8678359042744678,485.24155512898705,46.835472520018904,0.0018751417218602353,3917,2221.7794046245144,2221.777015148387,0.0023894761275211327
0.7319314865636465,3.99655222266136,3.7659149395397398,1.0033522730390334,347.72517342877654,99.45256305804283,0.003658079820420161,2232,1988.908550763709,1988.9012301711152,0.0073205925937021455
0.25452451693490463,7.024708578282791,3.5340645273268954,1.2617931375029643,457.2478516875462,98.84391959117005,0.004852919041789607,8927,1956.4726360741467,1956.460460105455,0.012175968691686823
0.5501014768689643,2.9452223107982864,2.0123527448400713,0.8689605514279737,130.44132656197897,35.18431669331104,0.009676255653585856,7024,268.624620591102,268.6132539092246,0.011366681877331976
0.47076228553069177,6.317847306768327,1.2639962289115496,1.1924597974504774,267.45627031031836,70.3957568558671,0.006877594025874221,9543,1357.4418295151681,1357.4278549256974,0.013974589470841153
0.8834742696424458,9.218853656327552,3.113424913785139,0.883920109576803,458.89775143027276,62.841553592875215,0.00804586536801276,3895,3906.4338805946973,3906.4222994626684,0.011581132028795953
0.6682770290965387,8.180221349877469,2.6765620059103994,0.9481307291445671,195.17542764863794,32.3498792992591,0.003929588966984412,8413,1272.9782154857417,1272.9732844415153,0.004931044226466051
0.5792536597743836,9.293119625948773,3.7797536620503656,0.9205319692890339,485.44888916588934,33.42237648835385,0.0023006153152728684,7174,3115.024703994914,3115.0218783892383,0.0028256056759781486
0.20385517796102565,9.80655370239421,2.4861203540852963,0.8470600448995674,93.68487071314584,99.14013827836438,0.0033104794772199687,5570,168.45362695965605,168.44804272189336,0.005584237762699592
0.6450741003910703,1.0960311430554648,2.0238786260891075,1.2699308721706133,456.2020266237666,56.21839948967462,0.00330820921899389,8424,1480.7131616219292,1480.7065985791871,0.006563042742176933
0.20548351511221008,6.604671487397298,1.8206535981155647,1.1243824831702243,250.34545492963642,30.06410336000588,0.006248037954640845,7362,547.9472461244121,547.9381088812734,0.009137243138761632
0.4034859180091769,4.715554579830158,1.4516164402238594,1.3817374086281369,83.1848743135223,37.18320309914034,0.004073240192095259,7388,395.20120015040015,395.1934792762215,0.007720874178608864
0.2285577683328987,8.738690413016096,1.6958586928399764,0.8692235879876219,445.78471666373935,41.46784537988397,0.008716589778999511,5538,803.2738898033662,803.2631712580127,0.010718545353455667
0.7228662823219321,3.2663323180821853,0.9267369747984562,0.9013130533366506,163.37309558410107,60.873381065489546,0.009896900673128484,7644,402.28826044880043,402.27391021218943,0.014350236610974993
0.28562690245253736,9.829265402035686,2.060856549180003,1.0145204119453155,60.012556472851344,46.843850360504746,0.004089685647371036,8394,209.77886868653462,209.77277603302727,0.006092653507343264
0.45267343586922343,6.523371725893726,0.664564155633312,1.3361061908571656,111.11319750613653,56.40094287119368,0.007345542463183098,5350,645.4270024942836,645.4116526414211,0.015349852862435426
0.9061072998569009,8.141836620059479,1.3388623122484706,1.014031176208989,346.6016338548927,33.31996408810902,0.00691737923728332,1069,3061.642879977741,3061.633528331246,0.00935164649491009
0.2838847450590733,1.7703959754049148,3.860467000787431,1.0858930952490848,490.01517011218766,46.1382952470005,0.0027501623895905335,9769,923.6400062836913,923.6356420354359,0.004364248255365178
0.5570245575629013,2.6511209628297854,1.964610449044802,1.0111224964080152,100.15796281258257,25.625327417420323,0.009262077353385707,8169,263.28572165143277,263.2739567204581,0.011764930974647843
0.4773444950494198,7.8256330573078285,3.507066576398047,0.856157004260721,257.8766216561429,91.1768218780679,0.0027949832846956113,5590,1022.5535003515674,1022.5489255962925,0.004574755274963314
0.11631163694115676,1.1978786983539125,3.725978790187748,1.4576035360273312,131.28644792638963,35.90019817348626,0.00763261418502729,5084,159.76015373945984,159.7450344001595,0.015119339300330301
0.8134823022155315,8.351901873044046,3.115334042294511,1.1839772944498321,385.26644034571643,80.5520108342991,0.004128486780468813,6934,5037.969630133081,5037.960804688306,0.008825444775943726
0.16214131568313975,1.125541168227203,4.814139836144293,1.3514832317298477,103.12650489281637,47.96414305626768,0.004303734103080742,9320,181.41326513684203,181.40465891421235,0.008606222629672604
0.5268295188792582,6.91406955155146,0.5964793998040097,1.2608499645297073,157.9287868164003,57.95178551518347,0.005099041476000644,2506,993.4232999925295,993.4131450728022,0.010154919727251986
0.6046104654450549,4.285845282086253,3.8239369276466393,1.1599779953433826,138.3826854420821,43.300883156898145,0.008780571802496258,2648,913.0047777220379,912.990182140065,0.014595581972869953
0.6655838109531284,6.503453674472792,4.814539897731836,0.8627747796615661,298.63390116514006,75.71530168858959,0.0022622674736009095,9184,1674.5845230895313,1674.5810934302656,0.0034296592656611947
0.719768466377088,7.264282662902024,4.380222782088227,1.249913481689213,442.93284140028453,87.5637135419766,0.0014911262005127854,4167,5799.78525156085,5799.781755788232,0.0034957726186772156
0.3279451451704436,4.082276972676738,1.25551711312256,0.9087592491557825,279.99059052038837,42.90161477916705,0.004618367370224033,3548,404.7721111085665,404.76611355056747,0.005997557999037826
0.10898089899260444,1.97166203299752,1.9706913781327944,1.0900682185493937,76.20955374716206,39.37741149308739,0.001500265892278793,2479,38.90882867263631,38.90654930536403,0.002279367272281144
0.7510992961194208,1.6268128097343908,1.2760332794440943,1.2403792004363012,303.52501876857406,74.51522123711175,0.007188407947516965,6523,1018.1961409582452,1018.1805805673456,0.01556039089963691
0.5820909394128208,6.3004242030629305,3.2058876371661684,1.3475603003304863,408.8844496931042,35.61224484541767,0.00784292567524492,1007,4108.6715140147835,4108.657181407131,0.014332607652607417
0.8525059328865239,5.685898183607004,3.7048459189077154,1.2795316229960336,109.47028878694522,71.18718124878178,0.008692411552779332,1219,1434.8334426022443,1434.8144027951028,0.019039807141603773
0.8392495266106249,7.679809082090193,1.926831962133762,1.2700734703382401,82.72004645506627,27.55424637549084,0.007694580209352373,9916,1075.8114423775532,1075.798976906436,0.012465471117218269
0.8589935510090949,5.587619590035434,2.92777958292933,0.9043295464226453,134.51349990090608,69.61097279685498,0.009247162543234114,5197,804.6775465804105,804.6633628928173,0.014183687593275006
0.5365851939815861,4.8020121102779125,3.6091425653203775,1.0422899780501116,385.73884526973234,61.07253872083465,0.007734710104509,7917,1891.3320674613694,1891.3190820980067,0.01298536336278339
0.4002655562531791,4.582784604126077,2.3960291747497178,0.8300385908621359,316.2561887894007,29.11245724610467,0.009424680758905615,3049,608.6570240817701,608.6469238095399,0.010100272230273221
0.812402382332233,1.2380221233790072,4.343069887049567,1.3036338252235251,293.267594282787,71.92829078916799,0.002737997147884269,4785,2259.7836792054363,2259.77754249039,0.00613671504636765
0.5061647017263294,4.020014815269914,3.971974708795177,1.4668101869221934,162.26595258429575,55.72457256272607,0.005498768195809573,8657,1412.296433848136,1412.283873650387,0.012560197749108899
0.26509797676309105,9.784181417720449,0.7909949473275679,0.9848772731253531,199.50646786108675,37.36920406536686,0.00994537539734418,4912,542.5328188719598,542.5193635938607,0.013455278099069441
0.8694766176053269,8.8620001860438,3.2950638459087305,0.8613876964136166,484.648255824504,48.27073245617419,0.007134203642884441,9962,3801.1204788953646,3801.111367191444,0.009111703920594467
0.8943038890951126,3.964402603307959,1.5589649793188731,1.1328990537275576,158.28135202822355,59.36816845111437,0.008907770061903316,1739,1003.4788097121108,1003.4627269072121,0.01608280489873317
0.5196787805261531,6.29015864559735,3.008832191002739,1.3996887561892981,455.7404404647898,27.32433818115056,0.0012735441444956972,5295,4314.709369888631,4314.707100249008,0.002269639623102534
0.16812975457880872,8.625670709819445,4.805997991848348,1.1863819366902457,311.23917700598145,96.60875865026834,0.008845821087115936,5121,989.2975140871547,989.2768809370303,0.020633150124406033
0.4490434809252381,4.971469030750618,4.455779020485125,0.8327440051330793,105.48340986706151,73.2449724969697,0.00727941911114888,6039,309.66722993639513,309.656728012183,0.010501924212121193
0.823183893516343,1.1616207737513586,2.3203238140180926,1.4819905683695622,260.2905701697806,28.20279850301568,0.002536798905889396,8815,1638.5862697689095,1638.5814499692483,0.004819799661207154
0.9115966256916058,1.6705941563677607,1.8118123625495903,1.3800549369738204,476.84692281239415,85.82897474627676,0.0012311286078123692,8000,2883.0646835799857,2883.0615262990373,0.003157280948654993
0.28312546824783624,5.593534492138359,1.5548258498371657,0.8921158539360572,238.35451916181137,45.80439447569163,0.0033393392031308765,9388,383.93366352977273,383.9293199039434,0.004343625829328131
0.16027625082274438,9.724954381082906,2.8963169139043403,1.4452584295524562,438.523954155213,67.7439629370547,0.009241960230934933,1509,1852.9421989175498,1852.9197933213127,0.022405596237218935
0.8896154078195548,7.23888587996981,1.0141180396612535,1.1154818020236321,165.39291259326848,42.17142732636586,0.007013196448302578,2995,1510.9824454829463,1510.97132327995,0.011122202996369334
0.45046444508098776,1.6382457229471257,2.971737536577119,1.0603285934024589,306.91496831016786,78.67247559316857,0.00927522193854992,2014,716.5880009158552,716.5704288655435,0.017572050311773495
0.587584867840807,2.704247882126765,0.5060013777085641,1.1227373313690319,429.73342619088817,77.84071800000818,0.0050153570424483354,4101,1021.8074767802013,1021.7974626963816,0.010014083819765313
0.9712592308456831,7.94190828895165,1.9573233383563018,1.384200369809663,464.30979852636295,64.16347654979344,0.00942964385711717,1922,8553.492999346005,8553.471571881119,0.021427464886938433
0.15990825512280057,8.572957839606202,1.4897044122376157,1.26163577480075,268.6205152180853,39.27404739772625,0.005166638339005051,6427,688.0130556670199,688.0039772055593,0.00907846146065887
0.683486206706886,6.559251275697318,4.870484554823519,0.8414739166798093,337.85964596544306,40.29630460097164,0.0028382925197650106,9212,1868.8926928907022,1868.8893421251412,0.0033507655609451093
0.16669488031738036,6.7998085266683495,3.7725904380649053,1.4703230597813197,51.341058852048924,50.62902373559544,0.002362541177660026,2064,195.61303006848922,195.60779766993963,0.0052323985495811715
0.4379220356198503,1.2550370534504618,2.0734402120800697,0.9034488934348225,163.95048838102534,31.600973391702823,0.0099443063173154,7011,195.0691594911199,195.05733623260824,0.01182325851166591
0.8234330906741021,8.456772336233577,0.9178028893877923,1.3218975662147459,175.4204466861256,47.012457055273885,0.004004763953271138,2899,2366.231115859877,2366.2233331854613,0.007782674415467485
0.490125009480071,8.094476873537467,2.825602676107808,1.2452955712996918,92.07185524449386,74.748368099865,0.0024404772278582895,4543,764.2007602327874,764.1954494280749,0.005310804712452978
0.9974641185126554,3.331316296930124,1.4605154659671904,0.9312696335625926,175.8627560106395,86.4676224047537,0.0010756758780167694,1966,728.9952781355801,728.9934102068372,0.0018679287428953414
0.603153356451942,7.378090479689563,2.91393295654261,0.9195124532791348,194.50491487616262,46.60658323946891,0.003570126098766602,6783,1020.8839440377934,1020.8791312729329,0.004812764860497272
0.38904593737235815,2.933691457824983,4.259130593805017,1.4092293155932845,485.944717805687,38.68722066034912,0.009002045292422852,9705,2700.5562885646214,2700.538694778524,0.017593786097146756
0.29810019331427784,1.362971449463617,3.2710664844562345,1.093786446449718,350.87107125237696,86.61140626681075,0.005806083886095716,4574,579.8869773387008,579.875126365135,0.011850973565863248
0.4154684808575456,2.8102288833133953,3.35204788795251,1.258203559921897,241.7022857373549,91.2563221908737,0.006691915463724595,1040,979.6456129393977,979.6295095551517,0.016103384245945825
0.43527994638359574,2.6076598907886956,2.9346363007826515,1.1528497026996714,494.6245073129792,52.801721864965145,0.009301519935014798,7981,1585.9295548656419,1585.9131695481385,0.016385317503336164
0.16184230995156487,4.039731970613625,4.6726953468413415,1.3091474619531718,118.95454410557504,22.15233230797071,0.005615559262963264,1262,287.4769153494003,287.46793520445476,0.008980144945572942
0.4326167794840959,4.766045474579123,4.693562079892715,1.1354696625275313,264.22303726871803,75.59692967153215,0.008544518612673533,9145,1394.1308499807203,1394.1138134934401,0.01703648728023343
0.5178146677653025,5.576850023479372,2.8072544048309847,1.001165940678898,341.1779931720722,82.72265889465035,0.003914499502687183,2819,1484.6574626631461,1484.6503016459747,0.0071610171714741365
0.7504639770149242,5.290784879574954,1.8759176921457699,1.0543683596975475,75.01128551783466,21.441940253155217,0.00979391676557098,1127,448.5106012318623,448.4980606562562,0.012540575606132464
0.6910565362494472,3.436071453687604,2.5681415264574974,1.4013543861152398,372.64948613740347,67.60246826732106,0.0017093248616120715,3578,3036.454119162244,3036.4501044631807,0.004014699063318516
0.7378890897062388,1.2625360171666702,1.3395106048802705,1.127624285045909,94.94030881489545,67.069500659534,0.007523465729619382,6851,231.79934254994404,231.78516897050685,0.014173579437201475
0.1075273136891714,6.445914600134357,3.363549418931402,0.9494145325712265,113.12703886985463,50.296632699833125,0.0069450965808426504,8937,107.56779291633423,107.55788269360363,0.009910222730598422
0.29590065962248246,4.561703468626189,2.7504155110200497,1.4542237716540773,121.86028060793784,79.98138606806702,0.0027250435526573525,4211,557.5956679551025,557.5885356111362,0.007132343966323712
0.6955158595598708,3.6880494164879476,0.9648521501597596,1.3576203195488639,468.000421994983,54.25432304914885,0.004499595989618824,3806,2791.4848302261935,2791.4754072261167,0.009423000077034394
0.5355904313617724,8.80246938547461,1.389415015038269,0.8389663022393394,357.4559953121755,74.14207614330913,0.0038154620509930582,3279,1373.411506493694,1373.4059321290606,0.005574364633551959
0.10478212810151136,7.720689770183438,2.6583438028978708,1.4992600733863624,344.94237549639683,61.369384370812156,0.0018504358149924584,8076,843.2317256363004,843.2272487904244,0.004476845876086617
0.8240451781886401,8.71988993535198,4.494150458234863,1.2864486875080716,299.97207340924643,39.877168376227516,0.006263092206557572,6687,5405.717169330913,5405.705899222188,0.011270108724233863
0.7955286159613036,5.454845152412149,3.0487582428399382,0.9121866193284109,181.76269941279628,68.52006904081054,0.00994302861008649,8926,1023.1456202216566,1023.1303356238686,0.01528459778798058
0.5935772466942064,2.1783812691409974,3.5669075009381186,0.9660173769090176,329.4003670697081,78.95267958766733,0.006036293269480504,2787,1048.3043460359575,1048.2939110113875,0.010435024569943725
0.15981699319864492,7.265992925091451,2.025628473847594,1.2847118368690829,234.5673739498879,97.91245387496029,0.005907339161914258,5732,574.916620993649,574.901600965204,0.01502002844499666
0.7898635445793262,2.854664019434577,3.071351268699054,1.3458327386953854,115.4372675416767,50.408715744193074,0.0013628233661909348,3179,978.6880313925127,978.6852726976703,0.0027586948424110466
0.6253422289582276,4.971067021825451,2.5132092018713035,0.9673251602048644,360.3187806474799,25.157803573308087,0.0022529820102732143,9368,1577.9752340606456,1577.9725064137979,0.002727646847746629
0.8037639794421633,1.5850071005399964,3.4660846068042233,0.9798781977294896,108.31197556846523,99.03769769770815,0.005618971801920349,4123,422.2267379465255,422.21577911407985,0.010958832445633221
0.7765722931562564,8.427775621806841,0.7275900473555467,1.0149844864104427,135.80086145952797,69.9045327540429,0.009866607077656643,6665,994.6867870881015,994.6697720783246,0.017015009776870465
0.8227018647620534,2.133465769427505,2.719850973075316,1.2186128553856457,417.9646903314227,95.71603665286153,0.008889469619156732,9213,2478.311757969695,2478.290556399906,0.0212015697888962
0.5662072597641623,9.127877563443787,1.8319668131478513,0.9202713248108939,347.0526932563193,28.30616688088955,0.004061882092358508,1652,1823.9299789703243,1823.925182842677,0.004796127647305015
0.2262920663741635,8.778075420354014,1.9678327757505916,0.8729702392193442,333.9460193961391,47.36270718963661,0.005887038288053148,4390,618.8607174520537,618.8531441742151,0.0075732778385852306
0.7040417260417198,5.181244879953215,4.824128442011276,1.2752048623598595,238.19125295422583,30.714935909817946,0.00597432000028723,9974,2728.4689182285165,2728.458959734766,0.009958493750741785
0.6584264065467735,7.6993138387359155,1.3221266572012225,1.345368557855219,228.32623320771702,86.84081236656476,0.007168245514859649,9359,2454.848394373107,2454.83037557197,0.018018801137040553
0.7680278684791785,6.575005664363379,1.900603636603686,1.1506505830915539,360.6181741334305,90.42741931434529,0.007190038371152248,2781,3108.026000298253,3108.010245815401,0.015754482852093077
0.2528929054456618,8.227680781039703,2.794516590788923,1.05468289718787,383.0024923740706,60.104935990001636,0.008108132395473764,6866,1187.5591323637673,1187.545440976452,0.013691387315199179
0.2754776799102603,4.886245907073208,4.383621266673306,1.1024298994685335,279.59594106393973,34.928497412962436,0.0012247392235571416,8083,867.7480950212162,867.7462732312986,0.0018217899176223562
0.9013685654973956,8.07227635819915,2.375015374428667,1.0718854837103664,486.1711599568368,30.169517523176683,0.009493121715737013,9823,5260.090249298384,5260.077003847891,0.013245450493149059
0.7749800186068637,5.162111353586331,3.8473937639967697,1.4719894357663728,480.06480151349234,67.05312880641654,0.0016305584139032195,2601,7262.747275185294,7262.7432656349665,0.004009550327530245
0.9174056398302907,9.468692090585144,4.353683441966611,1.337662933653398,235.59327050574137,60.51010596682404,0.00528544100329246,3881,5345.6593823027115,5345.648034015884,0.011348286827429478
0.7828437890475287,5.377348907426328,1.8950736011983202,0.9456610503950772,419.28001442741913,75.5831281894134,0.009276213487231386,2863,2134.6786744040455,2134.6632719820113,0.015402422034110701
0.6374397753912717,5.163573447403566,2.2673758259241947,1.068932406437786,294.4705287192869,44.4165810095993,0.005389019463079719,8333,1593.7788023050277,1593.770483191427,0.008319113600756824
0.6887194633250863,8.065646754071615,2.104503006597603,1.180808603954177,280.2901494007285,52.18943960194898,0.0015727315080980517,1721,2737.3920773730915,2737.3892510707756,0.002826302315817143
0.900215131546009,8.394199225847542,4.247851138780645,1.229090103444582,74.73382762039333,21.70888590809259,0.003063160178307453,8242,1284.842942061571,1284.8383598438952,0.004582217675676448
0.6209260790607465,5.990402028890537,0.6995608787912052,1.127728727220137,308.28861971073957,68.81144360604232,0.006208000798315805,8573,1628.6716714535914,1628.6598530642952,0.011818389296095131
0.6691521918955486,2.6181803214556787,1.88789489972906,1.3670886445083714,455.2600687534241,53.85148170771822,0.0017907545610907217,8853,2565.528781762247,2565.525015293006,0.0037664692410237757
0.24082904440324054,5.209824078618215,3.5573385091780843,1.3373242136207621,401.06023213779144,93.58117070507583,0.004813101379155669,1242,1514.4485131348965,1514.4360529401727,0.012460194723928677
0.5265290981044924,9.712652526187105,3.044495748044042,1.1536105430397168,403.84271511466795,71.34290381638439,0.003961839395722645,7905,3610.0033796036637,3609.995548513839,0.007831089824983014
0.7447574007622891,7.7768757373526665,2.463302116821624,1.3981005707472114,121.96806735935264,51.895559315975504,0.008336868650418156,5638,1818.2329523769947,1818.215247763528,0.017704613466743995
0.3438484284847289,8.30046343491219,2.92976702249623,1.3257626713096702,211.30225121010363,41.08713446986803,0.001991187445019043,5372,1434.1432647882195,1434.1395403108068,0.003724477412843298
0.2820287624720814,1.295429489373161,1.3891306362274323,1.3450072941044504,154.9422124926061,92.42279540861111,0.007145186051429077,5645,212.23813040176842,212.21963794122033,0.018492460548076024
0.38244412740197403,5.210735163707439,2.438224797236047,1.4694805456033917,192.16187710503618,21.30120592939546,0.004659301637883182,6427,1213.8590753556616,1213.8507701615686,0.008305194093037826
0.3173505651935501,6.819590202917999,2.757663428793571,0.9865268588464419,310.79270457217643,46.15299738019138,0.006289756124250958,9594,919.3337253831043,919.3246565701022,0.009068813002033846
0.29342137333275625,8.470294152652672,4.555351048795708,0.9873537136567945,214.15271601661155,95.4804467030428,0.002849785947284903,2453,797.9268852317753,797.9213849070824,0.005500324692884009
0.4823657585812783,1.4434628822449431,1.6737582326178935,1.422266578983448,302.3140178589197,72.32264055852593,0.0064873331628546305,5171,919.5426662166906,919.5267664940707,0.015899722619853545
0.9170546624951808,8.671949970776858,4.405228259742197,1.3405584613699757,247.32556172355967,62.617525702663926,0.007065799546745015,7482,5330.2924998335275,5330.277096510631,0.015403322896686155
0.5563536820648465,5.935608430677205,3.3990863037169188,1.4485818790049392,178.97700130237743,36.282777433634195,0.0016320840819497005,7908,1950.4513748691606,1950.448152861616,0.0032220075446150426
0.2691283427337907,2.7758257351845392,0.5915337398042044,0.8441911122271172,92.93154539232138,86.66998194035097,0.008419098408246433,6569,60.03294071769774,60.01967346971185,0.013267247985896407
0.16927450244278666,3.8552969480473003,3.760841016047271,1.2394299540831175,451.3273058051522,36.33592500742209,0.008751287015994173,4501,893.8592086529271,893.8444208305813,0.01478782234584449
0.7265405306241327,3.537365965764047,0.6599834489707479,0.9012398366864133,55.1180147020919,39.8602825217,0.0015719865011451525,2186,136.52607373604826,136.52409228387668,0.001981452171579888
0.4445188879927491,5.777731308596282,4.988215070662159,1.1527280388048078,50.743619663887024,35.34809142974842,0.006428687392875572,2381,322.6941467613554,322.6841167528577,0.010030008497745945
0.8396478519268233,1.4651711192001864,4.42686509461039,0.909022852297411,422.05898289359567,32.651956845561756,0.006346103472750044,7813,1725.3899554870472,1725.3823031232014,0.007652363845908489
0.6935596917766932,2.426825426499312,1.8380468639302054,0.8896549562894155,498.5649231466055,96.26499967830424,0.00111212570681599,2904,1167.2275340450742,1167.2255921831775,0.001941861896694894
0.8166173054872317,8.314237390382042,1.6583505358851744,0.8085178417674233,377.1962724711453,68.16252769130467,0.004081117725603562,2752,2008.0487941258455,2008.0432453400774,0.005548785767969455
0.34475143547660386,2.1934359167213,2.21648486947524,1.241167168668033,56.87322712829813,71.02697056080751,0.00972033204442373,2954,133.22096394453737,133.20033029818512,0.020633646352257253
0.7231230302149523,3.1005664251231426,2.102751343914994,1.0513158316830602,152.010602000831,96.34603725430269,0.005999056770418687,6271,632.1808522296765,632.1684688748597,0.01238335481670819
0.3376557862243469,5.080335450437416,2.1755201827342145,0.8736317994152802,487.3202151178826,38.44600441004501,0.009398906224673546,1537,911.2541976427773,911.2428295875039,0.011368055273375666
0.9451616315052624,5.654087993019974,1.9322444575376618,1.0259864444119169,413.8719134782257,20.473403087815363,0.0070808017228964565,8582,3123.8370477237186,3123.8282955639997,0.00875215971860134
0.672736853380037,7.872494316527428,3.2951003308174913,0.9182608640161095,305.05992971212,67.9106919656233,0.001255514664009488,3390,1932.5138395089807,1932.5119036834374,0.0019358255432860509
0.3920606201578079,5.02599183999569,1.2391864867428077,1.4591863820511617,156.58731924816155,60.627588257932686,0.0016994187824355285,8930,818.9679321423913,818.9639489496623,0.003983192729036845
0.3425606760630454,8.108781589319848,4.306915816007059,1.0240034200329438,56.46659266703704,58.212030191863526,0.007499610598306807,4936,251.83957402348236,251.8274239298502,0.012150093632152567
0.2718339265644792,6.565116763409117,4.155811178140919,1.0337674663025729,59.387662686834055,24.95041689969593,0.005991110113321175,2495,184.96781218863666,184.96007349112097,0.00773869751570074
0.725176863004355,2.0178976548144023,2.644174435348717,1.38790060237971,325.39138858860196,56.35478932598276,0.0021443649813988816,7216,2119.076628201683,2119.0719748244646,0.004653377218410601
0.2968440516981346,2.4069829455355474,4.337284843753464,1.253429032900203,59.8243443585904,43.004765207255915,0.006526564105182547,5523,188.17746103365394,188.16576240737575,0.011698626278190672
0.6357729393347402,4.9333035290479375,1.6121528151363198,1.297120125182101,497.1335638664177,41.965174177945045,0.008292586245113767,4370,3480.7862556804153,3480.770985224126,0.01527045628908917
0.3381715242328216,4.572004537801356,0.5790445506678512,1.2452012627922724,132.52272507218214,37.790526414327424,0.007776841871193509,2259,357.94671066150084,357.9333673943847,0.013343267116184119
0.6957720503144817,7.691898426735651,3.2864356626342035,1.4623373987639958,369.81831284117476,46.60226878036566,0.0032154621402886033,6826,6040.703291368034,6040.696397996619,0.006893371414757786
0.8334457556864853,6.2266342581761664,2.560592331341219,0.9449005820906317,119.77687463558604,48.250646011472995,0.0033237546999043957,5075,783.2077139460268,783.2030579599227,0.004655986104113539
0.8002227188301879,4.493197729020244,3.052240458331418,1.492327469229057,293.0420394939715,44.7020621089598,0.009710540245919025,4030,3940.5409797483985,3940.5200105298622,0.020969218536225173
0.7847661978377036,2.5368425510534705,4.547027340582813,1.3816693242895592,86.2750798097979,98.30021725756072,0.008986643219374446,5695,915.6218416978494,915.5972196140218,0.024622083827527133
0.2689501651230269,3.0415339209294565,4.864665081046746,1.2122808122134396,395.05029103995946,94.61848684075898,0.003865035829877848,1096,1234.529901190667,1234.5207823243882,0.009118866278848491
0.17954645228606683,6.179509166221531,3.3550391289002137,1.2636601370773743,313.21449262617335,65.96080796198898,0.008416490407021077,5501,856.225828160274,856.2081772600962,0.01765090017770423
0.729053945638647,4.810949244098132,3.9382501543359725,1.25417811355043,88.77501203063676,98.48438707282479,0.002455646767592909,9906,890.7178074468284,890.7116944880936,0.006112958734785197
0.4315124924149162,5.6343475797460485,0.8771379506922392,0.8408773568414077,431.86378514000245,99.29584082553521,0.00277156991193908,3494,858.0012228144184,857.996578124439,0.004644689979375675
0.4891116037630126,2.536096917720103,1.2232201320117753,0.9526115489723571,296.1583766495159,48.4751768013842,0.0026307644846081083,3746,494.1694533104803,494.16573237907716,0.0037209314031918985
0.12803418351405196,6.9661562711010925,3.7994216222883948,1.4730296191673244,464.71653950599307,55.615003659179564,0.0017894869751216365,5043,1389.8747153521517,1389.870613391514,0.00410196063753309
0.33361880434754426,8.672848667703704,2.4411445537460086,1.1740551002015656,462.48051815515066,96.72494215877325,0.008692103045452199,6139,2363.7129778988788,2363.6929021029664,0.020075795912161968
0.13030876348701761,3.3214555610821055,2.5068437168198257,1.0648475222833385,464.22850526896207,68.69009594389493,0.006209262083841178,1584,399.7921275200955,399.7809738703822,0.01115364971332556
0.8912671953411229,5.423628032486439,1.8887345673594647,1.3334269243723524,85.00334009021059,37.0343266269818,0.0033306048324454477,1953,985.0147981684509,985.0087123120883,0.006085856362561504
0.3190570148966774,9.779745961188116,3.233103725649847,1.1671632598590667,104.43099278953555,75.15045346692003,0.008637895294548349,3897,590.6719096466911,590.6542512686692,0.01765837802186382
0.6016034526157072,3.9991756649565486,1.3332427043729118,0.8092139400023284,494.46761437228906,36.459694563687,0.008223820834535383,8528,1038.7305294263306,1038.721448265012,0.009081161318611546
0.13508138859501737,6.355417104313851,3.3211232569125304,1.3153663177005825,269.4203696294177,47.14861949374766,0.0019085636631498005,3030,609.3153554939544,609.311661386195,0.003694107759285239
0.7001626521750923,1.8117613018021994,1.2820948571085786,1.312552292037003,157.19632377311643,38.20481304762812,0.006797254363614748,1593,586.6563856354676,586.6440553450794,0.012330290388191235
0.3907246111786845,6.454135022314989,0.7872171561937111,0.9156040984769821,396.34901982439607,39.59841727470738,0.007496502413731936,2831,940.1304259018625,940.1208441061434,0.00958179571907366
0.9081272682618993,1.8066859597415612,1.9866095991457746,1.4696620618969494,168.9283495456169,20.372446525342582,0.007442446032873676,9547,1256.9136825875853,1256.9005163931304,0.013166194454850514
0.8993063700406323,9.633118917914398,1.5401315390443147,0.9567356920787801,377.24705960838907,90.45670657595615,0.0075082843706854386,7599,3469.7543717760327,3469.74069042585,0.013681350182553776
0.392761556525573,7.440963868650803,4.500462373503495,1.1204245571675395,426.7786000323925,43.679239622063506,0.0025251200708413363,1111,2512.775841750242,2512.771776767802,0.004064982439939647
0.9108648061214212,8.093438093221359,0.7472905424088196,0.8803151728826403,402.9185197828763,26.909950361823558,0.0038357780884189247,5470,2514.411341642749,2514.4070562825127,0.004285360236413262
0.9965419061489009,7.336939246944731,1.294761616583553,1.222297623615412,173.32151368907094,26.95899245448708,0.008597606576540162,3173,2227.414060686792,2227.4007187769157,0.013341909875931082
0.8428740977115533,6.307561324688192,2.9692382251237226,1.0628157840400487,230.72835833565668,64.48146211687617,0.009085525752047947,4078,2037.8923184031808,2037.8764356781544,0.01588272502630937
0.8603842129797061,5.049215029769548,2.664802358813631,1.0472214235467938,235.96295145497436,99.43364404271497,0.003512699979083833,2383,1717.4960929759334,1717.488756660415,0.007336315518376543
0.3241078624981809,8.725360417849561,0.7063340826861569,1.378883814054663,271.0728131470123,31.60179738161533,0.001207175645599772,7721,1575.5101518652884,1575.5079612810448,0.002190584243709884
0.6190321589719807,9.611521007887568,0.5326359260681501,0.8066931989953348,125.31778319306122,27.969742475972758,0.008737902524494974,4970,512.1136069795681,512.1045866399912,0.009020339576860182
0.16053032257063107,5.491325556136732,4.946305738825174,1.3585627396246958,253.6115226864541,55.064310432167254,0.004393826540425744,1361,784.3186381761104,784.3093819392504,0.00925623685997206
0.18542614313950276,9.383815442397358,3.464756151614772,1.200013996023655,279.85234573196584,65.06650030726364,0.003965172003639428,9870,960.1319921050518,960.1241378086564,0.00785429639544856
0.9990033508299616,6.249996189896658,2.1443275890570055,1.4902689594361394,289.2690484614736,43.55042871023524,0.004122997117197632,6078,5387.467345021816,5387.458524745703,0.0088202761137469
0.39397532448331984,5.845457682067899,2.616945114484586,1.2126102544229744,418.9551934930062,44.201767401109315,0.004741267815708774,3811,2053.877416440085,2053.8691258334916,0.008290606593416287
0.7733655208439617,5.09034459659821,1.6994755420442913,0.8387653939035706,282.80052431577286,53.958120147915956,0.00440439959489429,3822,1044.7362363687168,1044.7305487586066,0.005687610110355444
0.8259985477241348,2.8835898537710785,2.051932026619444,0.8354517285106084,153.85276513115383,45.13164921204848,0.006097878092202044,5895,437.79190790691985,437.78451420002443,0.007393706895401006
0.8722209439065063,1.0334769473625327,3.420700102706963,1.4182070904602824,348.4079322098842,93.22652668548133,0.0017104625064837118,9466,2722.4635455884427,2722.4588583185755,0.004687269867304578
0.997865467661941,3.1735560417045514,4.472653094903168,1.3888499018577372,408.79136483898134,23.35636570325032,0.009743861748776637,1905,6016.330828951626,6016.314135428943,0.01669352268366136
0.3173468367311811,5.587508544432087,1.3285851038653318,1.0421230529074164,193.71724989721778,38.76561278962197,0.009428059310249452,9141,461.7577182341447,461.7440842379997,0.013633996145038813
0.13631574417372974,4.419639570337773,4.281626774233934,1.232622738926796,340.3876680579223,84.6842236981937,0.009409659819539494,2882,613.4480841546042,613.4266634428907,0.021420711713478698
0.4700723661951274,5.036367052023704,1.0470048328322108,1.1427139499389203,116.12209817570569,86.71664997319654,0.008913498616737223,1491,433.6287495290362,433.609731356751,0.019018172285212295
0.21707260284605226,9.825833976076446,1.4674650061477603,1.4770148385952366,203.86683706012883,28.92440631713609,0.006942936719635568,8811,1090.3035039159465,1090.2902829494228,0.01322096652371389
0.12018330024584961,4.152451336023948,0.6672887962234069,1.464972630613824,459.1507682973354,97.90107600101733,0.0029899770647358916,9732,570.8061995640858,570.7975310327483,0.008668531337484745
0.4243841444273375,5.069646454240971,1.1336533794184975,1.4886873059785422,460.0886734231569,75.46838799192871,0.0014453513843173508,3886,2684.2999653709703,2684.296189859325,0.003775511645615619
0.8053644259677128,2.201639962175376,4.627864154588227,1.406514146443985,308.8960604343786,41.80744447868765,0.0018938895830358997,7132,3361.1096455928064,3361.1058681509303,0.003777441876026001
0.6095626221025638,1.431619591932889,2.5674743597827034,1.4366861135425708,366.058157389298,56.48302918515636,0.00391593250419045,1455,1841.8569155214063,1841.8481118396228,0.008803681783535106
0.38150019028931864,7.978685631332452,0.849496378002591,0.9520951451369956,434.3069368426736,43.77108956543737,0.005534947229462069,1650,1325.9464538966888,1325.938877453007,0.007576443681687624
0.6889078049434477,6.136148575647808,4.818770771175326,1.3817047522928423,481.348933390682,32.00177998835355,0.009939277640663147,2304,6935.247129501162,6935.229001502475,0.018127998687030036
0.30881636227792963,7.846343254395055,4.455465384913926,1.2961999792429924,270.4488981303963,43.29424517991321,0.004918991426151393,5512,1726.2385272121603,1726.229390775982,0.009136436178418911
0.11294330146487652,2.3487651899789648,3.8960713439066357,1.473950556179649,302.70908148171543,66.40735499916947,0.005721814814422392,4609,463.8589857827953,463.84495153207763,0.014034250717631511
0.7879180477927846,6.1464589406442185,4.7006275637640105,1.1998832799098336,237.03870499152362,86.0775755868375,0.007256415224692726,9995,2916.713913776585,2916.6977122787753,0.016201497809348236
0.6613687763776082,3.28278226907238,1.4905823937609386,0.8596170166973894,82.39187167539293,49.08232599116617,0.0026266057340301667,9989,192.20747969029716,192.20411359775136,0.00336609254580043
0.7860723620508641,3.0525563521001793,4.263661818545389,1.2181792238310072,240.2615626019683,47.83212324382734,0.009395443014060303,4384,2050.49838788521,2050.4814680057166,0.01691987949347962
0.13504421501889904,1.1037341264768674,3.6049603835943778,1.2806066496149016,405.7823027223847,57.44005608650581,0.0057613114525846085,5704,423.1682047379899,423.15658885196933,0.011615886020568351
0.853407665047587,2.173066512121647,4.413916623054598,0.9542247200986999,412.1984740961879,71.56444799714771,0.003486307110415918,6727,2109.851901971606,2109.8461945020695,0.005707469536329929
0.657573580032673,3.783413003497258,4.086102045841834,1.0758793684589099,451.56970156698486,80.12930099458474,0.009415980877049564,3645,2704.875060181678,2704.856812255686,0.0182479259919246
0.6070558156413761,2.0519088453184513,2.0592277842957123,1.218952389836176,73.16001732918609,46.143960383957904,0.006629055567030552,8116,271.30432962270777,271.2925204554208,0.011809167286977116
0.6621526433030784,9.872725963698437,3.98479341657765,1.0618740161215539,287.21956531128524,66.90819742601111,0.0053532075812428945,6429,2971.7002892146925,2971.6908014316514,0.009487783040899323
0.8779899221815277,3.777693836715556,1.6810533634320064,1.0624634020670647,98.34101957168431,51.14886730247059,0.006221403189646968,3053,532.051085275901,532.0410943158229,0.0099909600780814
0.6282428559030163,2.1729155203209536,1.9786647336262466,0.8931606474209582,140.3339824245845,77.31198802907087,0.00773471997014704,4514,291.9989063936173,291.9866570653319,0.012249328285391355
0.6228553418993614,2.79174081545162,0.9855757275033927,1.4585227061543662,455.09742607127293,33.17399364136166,0.0023908420332365804,1309,2277.7299270360727,2277.725283129213,0.004643906859494783
0.9916112413591892,6.2893290550732885,4.707844771912109,1.3253460691465675,273.55606629336313,40.55398920410369,0.008783473876329028,9976,5239.970307878792,5239.953945788513,0.016362090278724217
0.7810571503617112,1.5763917147830966,1.8095151353012668,0.8008704072062715,391.3452144034761,54.08483358741998,0.009635561292683918,6000,663.8196715969068,663.8077811231581,0.011890473748770447
0.49806442490602176,8.761907171270412,2.8428010932715333,1.3359292988155156,78.97284766790636,91.15318319370941,0.006102996865750671,6121,814.6532715105152,814.6376864620875,0.015585048427706787
0.7366573000296349,9.653497113134325,2.260997764097867,1.3178564948605012,237.5719267661834,65.86606314805522,0.007140437621178383,6722,3621.3822291025485,3621.366620986425,0.015608116123728824
0.45030742452260963,3.220726786006428,4.819676542625757,0.8068116721088662,353.40812629895197,97.23168951851294,0.008738501327616168,7897,832.9425901615379,832.9286846866844,0.01390547485342325
0.3059879162351491,5.050857417317734,2.007721269223171,1.0587230083296353,110.03291657519598,28.262214822486705,0.004373295682748505,6494,266.3903851783093,266.38444649826306,0.005938680046259815
0.6371666891989834,1.1992100592654737,4.003456196402101,1.2247233832278714,196.61804559755743,56.81403309207479,0.009935486153941587,8639,977.6578712220864,977.6387897420732,0.019081480013250912
0.9353638883025563,6.766392022544993,4.3493726958403105,1.1169254563006252,79.04651226074746,53.52628240363074,0.007124512323762079,1057,1025.3124018519495,1025.300184922526,0.012216929423635005
0.9362255680139165,4.725334522473299,2.4602292386643465,1.344590283104355,343.1029733912797,68.01649411247747,0.004815988285221839,2248,4172.985693201223,4172.974813240974,0.010879960248489407
0.4077147502949413,3.4305261949140013,2.2017731650381904,1.097820832844104,486.90106657615337,84.95716869660626,0.007096041775014645,7036,1347.567284062977,1347.5528755620048,0.014408500972287002
0.5749097195995255,2.8615339955494763,3.864856194196826,0.907704078617686,422.17047101427335,87.31584204664482,0.005695120292620928,1517,1345.1207147086923,1345.1110314463622,0.009683262330149834
0.2904723087128751,6.886207698928844,4.6080319113780535,1.48349093699168,488.58040256340456,73.61556869644066,0.0020047741438452868,3077,3589.9751747118617,3589.9700112732603,0.005163438601157136
0.9960679985489951,4.74595327929083,3.8971927988250723,0.9694279949432326,430.5221577942784,71.32290913964428,0.008162787742923868,9342,3483.2861516860116,3483.27259450168,0.013557184331566975
0.9830061170811422,2.616933601269208,1.5220686451633951,1.3023846173789326,434.8381127886404,95.9223633635846,0.00607938022227639,3157,3000.960270130672,3000.9447576027833,0.015512527888798163
0.6845580367367026,7.201981733381416,4.497384863469674,0.9002094181648505,309.72973791710416,50.694992131073974,0.008162610020865,7384,2010.2266447031689,2010.2155715471147,0.011073156054173154
0.823972653709726,6.085650547330243,2.244117503465749,1.0303088296487528,283.21354013594447,86.62266513507906,0.0023942074633071923,4673,2063.457515849031,2063.4529122913486,0.004603557682378355
0.7435901451553301,8.728048494365465,3.0930323530007042,1.1094193259012968,232.8144198925224,93.72029816738353,0.005845214411206981,9097,2518.8036197121314,2518.791057350185,0.012562361946560772
0.6338423971355214,2.0572830898884362,4.241460286817199,0.9345624031689448,418.142702770646,59.32313954121575,0.007899618449916216,6149,1458.0749103518751,1458.063148024116,0.011762327759218568
0.14801319729000792,8.070999417500106,1.347776453302215,1.1149717034580267,131.93042552511108,78.32820628826403,0.009894741108317185,3513,228.66775292967586,228.6480791264877,0.019673803188174015
0.509287908297395,7.061651081355331,4.030295610548989,0.9100139760942251,75.30121212088694,50.161588533672486,0.00895957548746733,7608,352.27702855277647,352.26478536954545,0.01224318323099537
0.7073076719506695,2.03509843145288,3.182732590598049,1.1913045772901232,476.5522202081038,32.71032113563233,0.008779146643545755,2394,2496.0708722741597,2496.0569925826394,0.013879691520365754
0.7097784524953162,7.253386568845486,4.520037388224237,1.2645992767641359,51.700183341564674,66.92031051779402,0.0032271412433175824,2705,690.9200842427224,690.913272157277,0.006812085445437292
0.4358103565801452,4.9739255999184735,1.2738668082959432,0.8437039988196076,489.5731948441333,35.71773206796255,0.008541861415381428,3421,948.9131397054248,948.903358796336,0.009780909088827847
0.9475227879922276,9.504863070002587,2.393070066684178,1.4097924847575176,377.9840164431946,56.607930464309526,0.002523531497886668,9791,8469.256595558709,8469.251023987681,0.005571571028663824
0.2506213290131029,2.274502155561094,4.247793917900768,0.9295986195294249,197.82451386402244,89.83034506626666,0.002782968980935902,4504,279.4455626163291,279.4406516215436,0.0049109947854630185
0.5503235015940046,6.785500517341642,0.5865426655554208,0.9577536977242267,364.01892938883964,26.88145500509444,0.0019910506936912484,3299,1354.6850834479371,1354.682663899586,0.0024195483512050087
0.7217955788957405,4.437820409166513,1.0049061504453929,1.2629448880581442,418.0438207333073,22.434282853171972,0.008718368776424085,5015,2619.531202089792,2619.517721072172,0.013481017619756258
0.7274222253026283,9.6113320353179,4.957543457405306,1.1281257423040898,160.41292519389614,68.51822779055101,0.0019742904680618684,2496,2163.55394655206,2163.550193233371,0.003753318689255649
0.683775061091934,3.9697740576124882,1.7617738036565775,1.149576919419746,396.90305747581186,46.48490612759161,0.0022430033177050905,7706,2055.6373221019303,2055.6335449815297,0.0037771204005447524
0.34775939210667417,9.659673185426202,4.889944371757791,0.8897084891941929,411.96633125370806,53.43501655407322,0.0032129843507414727,7771,1650.0184223881915,1650.0140362649613,0.004386123230165598
0.2405859118179598,9.11337265990674,1.3213919795390325,1.3640150753134859,162.20958355640545,52.45684709266652,0.00615396168208577,8706,757.6611792486808,757.6483818738039,0.012797374876894191
0.6723462941440398,3.433449117795907,2.12492499353301,1.231937972272947,68.86685947009259,26.929618320765087,0.00892162166770363,9626,390.61081399230164,390.59686330454724,0.013950687754426856
0.639371904525494,8.23187599143785,3.8879125002660677,0.8947674303166192,141.85502805114396,20.285314614367564,0.004764053397300114,3658,880.0679152746405,880.0627878486985,0.0051274259420372005
0.2614204092603169,9.960437816231554,3.4600028325718033,1.0617995569179173,140.2908840002275,91.87385942914115,0.005916573542726068,3323,554.9198128718892,554.9077589431923,0.012053928696913368
0.7346252310135071,3.273967019541541,3.11505079968075,1.367286952914521,79.35820437896743,37.42388487229971,0.002498404599615277,3895,696.3282894624999,696.3235950131034,0.004694449396541005
0.5096547925602908,4.930994523909877,2.884546291122534,1.1978485321906345,376.70332309483814,54.08631934914307,0.003393512703080125,2531,2152.9784003302047,2152.9721368535133,0.006263476691435994
0.7009845324428376,5.681626629100837,4.295481996491331,0.8760541453930514,220.98871600628368,97.75406373368628,0.0022053318623719747,1781,1186.1688946475967,1186.1650740586235,0.0038205889732300523
0.8536303717931356,3.6543802222347788,1.557268532750267,1.0609439320525007,447.97377535423624,86.14100655869218,0.004689269603803808,2425,2243.2839399885465,2243.2746793764313,0.00926061211516418
0.25275558571923085,1.1373835568142678,2.491119171470833,0.9698860789190142,163.47699754933367,28.634468421016173,0.006313020928103732,5928,141.04268699645556,141.03481082229206,0.007876174163503826
0.11723038119715301,2.98116319777774,1.1995353147040577,1.1622258875576086,253.95447429496733,60.681522529006855,0.0035561757703010876,3551,168.12919762023319,168.12255652509944,0.006641095133731811
0.8011923277562081,3.537431959075826,3.18173718078817,1.3903527902103927,337.5578430170433,78.40632211960128,0.008613962700173134,8423,3512.7983952167865,3512.7770284780395,0.021366738747025937
0.6487276826373544,4.992397311863685,1.6274499092209407,1.1053869943630938,444.8592273523001,75.871422799937,0.009831145159059711,1556,2334.346155456737,2334.327043122307,0.019112334430196932
0.7296756126599095,2.5399223057206166,2.002289289545236,1.1033394212578262,286.07949572871865,80.86734819235761,0.002081393670831229,9704,1154.2602987986475,1154.256145209499,0.004153589148489592
0.8543394774897783,8.859289210225054,2.6206282248058765,1.4337456316289259,218.08608251557226,56.59637239104282,0.0011607405041379173,7438,4396.850138854588,4396.8475327673805,0.0026060872073843926
0.8225298413420504,7.344200194582025,0.6204676356640753,1.2033297887550907,440.156785312404,34.073834346422565,0.008107992166553056,7518,4175.393672912246,4175.380591879942,0.01308103230470119
0.9648281322359422,1.7668042980369578,0.9137207116437694,1.1963337611781848,189.61089110942476,57.18979551354981,0.002715784100230104,6786,701.8446261870374,701.8395191154059,0.005107071631527785
0.5823415709669064,6.850832060259383,3.586681493186988,0.9833369243127726,85.7406648346594,71.83097993386336,0.004178319333947731,5151,503.9326202690405,503.92556025698656,0.007060012053981945
0.5396460693939148,6.882908287650584,2.430364913228783,1.2254059234859884,250.268948379608,68.68736692841344,0.004548080964482293,7093,1888.7759415225298,1888.7665401616891,0.009401360840747669
0.4616984799016571,9.605990562792648,4.39155599899953,1.2031373271921775,403.29198792409636,25.641764303088593,0.0092493945001085,3899,3772.784254830776,3772.7702730486503,0.013981782125426582
0.2383219385597841,1.0271878422054512,3.6260240163988975,1.0777960292393047,63.85137428908539,25.196194726575342,0.006929543941895458,7734,82.26396218290361,82.25461173615443,0.009350446749177036
0.6153465095938202,3.231392048252265,0.5364542374129511,1.4934868961294263,313.64701024531644,97.22062649241695,0.0013654854127260166,6016,1622.0266306951444,1622.0226087067276,0.004021988416733628
0.3493112718933809,9.35012331437784,3.275205488452107,1.4173236754636607,317.5088218372563,32.144436403181686,0.0011332921664273913,7509,2812.868989210027,2812.8668666508283,0.0021225591985867824
0.9291767609916779,9.389205238584548,0.9217618972687238,1.3247104030537709,467.8437935423217,43.55699712093775,0.0027961128777725217,3960,7865.762006199655,7865.756688791321,0.0053174083338767
0.6248717238493878,7.485277774335737,4.014199309057224,1.1761419118891003,178.90916771525983,81.41075857249324,0.003863547467854403,5943,1778.3736962014862,1778.3654527512965,0.00824345018955936
0.6335561624572992,7.89186988942786,4.961784597253259,1.1234418613262411,175.47647594481327,52.77416606585399,0.005360714506779391,9916,1803.5744132284774,1803.565212479058,0.00920074941959431
0.41943219478930904,1.8233466213668241,2.890394574086802,0.9294281766562396,248.21764310285516,34.51718826080261,0.008540554710779701,2306,423.93839612278566,423.92771837411146,0.010677748674175279
0.14679041677993673,5.624882513004103,3.5725077508735867,1.0140162318102366,210.61170566218183,57.378590584782515,0.0038333598043128357,1759,292.37734942891984,292.37123198293625,0.006117445983607336
0.12856938883568977,3.0842469216009945,1.5679137240263818,1.341772559876247,381.35563821019707,65.51599766106926,0.004388834973444898,6238,410.66772668104005,410.6579797446188,0.009746936421253913
0.48100162973787775,2.630962392522555,2.469189846892071,1.117624267756286,338.7884347091973,56.22132874224605,0.003964041370086919,1226,1038.132545075996,1038.1256239886686,0.006921087327233489
0.17610884028751408,8.292729692109994,4.352428995063726,1.417588661598651,391.51446705781984,93.51568603776872,0.0010806880242961506,5797,1752.082097731941,1752.0791331275764,0.002964604364651221
0.6461622599861252,2.215343230124927,1.2534032648581306,0.9035377954418702,419.0188060394101,42.77594360796034,0.009596813852063079,9499,766.7385973059797,766.7262170839332,0.012380222046526538
0.8928757050756917,5.217864732967467,1.6949102252619295,1.1558429672095456,465.34150973036645,72.90657285597368,0.002250962957228264,4378,3837.1908336213455,3837.1863350078083,0.004498613537375913
0.89462333486685,9.447204156274298,2.504451538787136,1.2528759788149162,243.92152930309143,28.983577712791817,0.0035890073038292235,7712,4093.8809586831085,4093.87515883201,0.005799851098546275
0.6931408691190092,2.672488500088083,3.705120013298063,1.1617939194155482,493.1138252621973,51.38283661312212,0.0021637297188679765,6208,2942.2888241606847,2942.285018686781,0.003805473903790581
0.29010864832563793,9.801940813644112,2.191477796580532,1.422458824109491,147.04736603164372,79.27946012679789,0.005414888405410504,8442,1035.2520948071694,1035.2382858860058,0.013808921163709402
0.8766971482229848,9.948591871849532,4.674795259023518,1.4926942972803978,371.46432287629784,37.98535524715724,0.009389495034482493,5748,10611.022087515603,10611.002747977103,0.01933953849872323
0.8974840917818874,6.000554392141626,0.9250567307092363,0.8810842608389589,290.3041927882352,67.18168365235302,0.0019063064586293766,9988,1400.7928838816845,1400.7900758703452,0.0028080113392621314
0.27698822645766286,2.5312846615944213,2.168618888951814,0.8909684328538447,417.60526760819755,32.274962336724826,0.004968072312296465,8045,431.56553031809693,431.559675304981,0.005855013115937614
0.7636834771936095,3.8449439914680608,3.6902935554278984,0.8912268794920848,264.5467342728917,28.216135308909685,0.001201373611944206,8624,1209.176763723787,1209.1753909181712,0.0013728056158458755
0.35786759403441065,4.820435494088816,1.516940445476716,1.2768239672493693,402.77238591309407,61.85861991400341,0.007938083992475335,2779,1489.2183143651707,1489.201909126649,0.016405238521556877
0.8223762811176367,3.7839180192240063,3.4538591040335285,1.0608732668470866,468.5759215914551,74.00087968688229,0.0067710352919898254,8063,3138.9506666118814,3138.938167762717,0.012498849164220286
0.9975141099132424,3.525720218888642,1.2389763120230568,1.3133202628861342,379.5324197630393,29.069365298758676,0.007297287973364352,1585,3111.33080213157,3111.3184325415787,0.012369589991399884
0.12702340479645355,9.750067382947218,0.7519112818775887,1.083830031020885,399.24242879824595,93.4221001898332,0.005251027248061595,2378,625.635772056764,625.6247639775307,0.011008079233306173
0.9076292792118388,2.3802834467417107,1.0445707253689198,1.2393247049324445,80.22894406963526,38.06178101579735,0.009168697266007653,6707,383.0625175131417,383.0468295625825,0.01568795055917886
0.6603674802387922,7.599951178451761,4.6849315241036065,1.3389006039752254,142.23094800452628,29.598024652744,0.0046860170578534865,6442,2068.4697753358846,2068.4616442118745,0.008131124009940881
0.976044357248339,1.0036926049525738,2.982878973227981,1.1837511374584444,488.43668322661716,36.21591266801684,0.0056267656730836935,7929,2663.1749237297095,2663.165850809674,0.009072920035447
0.5185085657737849,6.365644024621392,4.083555989658421,1.1776525133150042,361.93415170432746,33.56579652254736,0.007257603000435665,7420,2719.5978666074807,2719.586450826452,0.011415781028459832
0.8626491375142364,9.24348703558647,1.9969452540727306,0.8617640276999442,302.6520577899521,27.25397204903592,0.0056850457698591405,5031,2179.409315148119,2179.4030807623176,0.006234385801374948
0.15615466173844952,3.591406846838971,3.16696391548451,1.0875472200366043,215.13936802840252,83.8271387822966,0.0027040208312469516,8442,268.547951249049,268.542545351844,0.005405897204972604
0.40175114507046616,2.6697337773194727,2.727284601672462,1.1820440072574563,69.97505054311306,59.64302197952888,0.003853635562404208,7360,212.00027757472088,211.9930055687489,0.0072720059719577675
0.16031488397608898,6.865118153905843,4.755820817310323,1.123386577966487,216.11115858386074,51.081555230294626,0.0018306502132492475,2847,508.10488955768346,508.10178252338085,0.0031070343026060915
0.9778088201311635,7.413412665685539,3.8640858622434964,1.4305474001318979,274.51079298030913,96.05023415873065,0.00489352147495568,2041,6194.861779658501,6194.848055329632,0.013724328869328716
0.8352765165446531,7.192274670567832,3.787441841734606,1.4345714424836427,145.15677922409904,49.68067096518326,0.006484528837776953,5839,2739.714396098828,2739.700472024642,0.013924074185980675
0.8672926791213734,3.8738519201923665,0.708589712454258,1.3753421664121332,127.91155607322463,33.35781808377515,0.002066769498422266,8351,961.602609263023,961.5988185467211,0.0037907163020087765
0.9441687082905048,3.2698216194339778,2.97351351051661,1.062708652761184,278.78744811088256,41.9234313541277,0.006675284093231162,8785,1855.9670273206075,1855.9569594396219,0.010067880985518595
0.17659313750780684,9.603269199658397,2.601461542558167,1.3021094061812741,313.6569060323948,39.117322687087714,0.009035849257768985,1242,1146.1937439492388,1146.1773758720524,0.01636807718633797
0.44703783326200003,9.309695574429366,4.6752901997278755,1.076701922748727,157.96306348453618,59.899302365064386,0.004039513596869677,6545,1144.868144550685,1144.8611899670889,0.006954583596094591
0.16393140013960192,5.115849489035383,1.658038946852895,0.9628155192830313,314.3252635052959,43.32040991636592,0.0029982978659693787,3100,323.5721935983546,323.5680562137014,0.0041373846531985795
0.2897137913950258,8.615744795389361,1.7142505398099244,1.0400318504856172,455.15298374343274,61.284893774908944,0.009037054574577128,2737,1473.4127933362438,1473.3976344519842,0.01515888425951812
0.3064291993339051,5.070911298708665,2.3510581199667517,0.8496752432998749,262.9279661096092,73.54347399574311,0.007227507123077939,3754,431.7205672633218,431.7099098997989,0.010657363522898294
0.5221964899428209,4.819501162652593,1.5951637103286922,1.032244256303253,435.8255763142316,82.18390285706063,0.0019485538125089848,2392,1555.559425137986,1555.5557607210587,0.003664416927217689
0.34170595070827836,2.410866528393652,1.0813276301393726,1.1225195520828202,467.2721500399933,76.81262250137847,0.004673007568555592,9439,702.6100901596512,702.6008153786353,0.009274781015971909
0.19088029613598498,4.837654508427756,4.3583668099286035,1.468836626346581,91.57731302168857,36.447257316508875,0.007066806397790939,8735,346.827630123201,346.81346691962983,0.014163203571189189
0.25074198018469696,5.836752447398263,3.0122443598176214,1.0193874103537375,93.11521084555865,29.271977539420302,0.006169454874779093,8643,214.70230031803416,214.6941703198207,0.008129998213470985
0.23254800719688185,1.2025389468581782,4.37613223530455,1.4317174774438644,264.21988229942065,63.396012728100075,0.006566924074148858,5016,702.640258591048,702.6248961306595,0.015362460388484078
0.9757691181210685,4.997017046578658,4.240106444316631,0.960200793076448,314.6460999429662,35.91294329665161,0.006104216565765336,4432,2614.7586939270855,2614.750727697638,0.007966229447519686
0.7833632562266263,8.032205965556802,1.76919059655352,0.9336782284314746,241.64755900926315,26.79469774172106,0.008182552287744014,5526,1617.4491483046509,1617.4394613534048,0.009686951246030591
0.9709853187426059,7.120414507368428,2.964818499459233,1.1632968195025155,196.90284668787638,62.167547438353374,0.003883842611172808,8784,2609.353361744462,2609.346034914519,0.00732682994311871
0.4957664378571177,6.716412899775415,0.874479662330317,1.2707579585081843,338.44735225677016,46.143534808623635,0.007376161131094268,3081,2056.788604033065,2056.774905538522,0.013698494542850114
0.35053163349639094,9.185998855934823,4.618633478138413,0.831032575561597,50.93668055746412,80.4919209550803,0.00991971498244856,6575,170.23809705093376,170.2232180075837,0.014879043350060418
0.818463877488268,1.16228808842707,2.319182217793189,0.9547461055330517,485.6329763886841,45.13533044387344,0.004509629720030623,6344,1261.386922513008,1261.3806736367378,0.006248876270101112
0.3936285262370321,6.013428275730107,2.271542827500596,1.1189785665509215,154.43558968460997,98.2973709644651,0.008119434830993139,5736,630.639103194132,630.6210869389458,0.01801625518612595
0.36944503633481346,8.086139635687363,1.8623991677807894,1.031703035188227,462.6944458623532,80.68185530085665,0.00321498313422554,1132,1810.148791876031,1810.1427988253752,0.00599305065583899
0.30925539298704807,5.872018444311405,2.5729868511981673,1.2988347555438253,99.0566350405277,24.61545771910897,0.003537070410556444,2854,436.42968103624185,436.4239561149058,0.005724921336050818
0.21671108040181183,3.9150599732234124,1.6329172394545162,1.1578124172289217,157.13923192005765,60.70981922850209,0.00941377486765189,7050,253.28347353108563,253.2659571484564,0.017516382629228368
0.3308167549150894,2.226255085827801,2.1868352275856204,0.9122513739227301,155.69316548937516,65.00964009712882,0.0012334452062381992,6077,189.16168599274428,189.15982928433405,0.0018567084102189917
0.41978777362649894,8.988067646345723,4.099761718631968,1.4261257655205635,498.26880689029076,75.62421685452782,0.0029568461037474637,6340,5567.719400915272,5567.711995132858,0.0074057824142932886
0.7065947873311574,5.236861531488427,4.254149766133273,1.0050339728383517,52.07024557664799,59.82374376270066,0.005346286280308028,9592,352.73179114042125,352.72320349207587,0.008587648345386962
0.15630835799750642,8.903036772871312,1.8688211493283227,1.3117917762750964,337.83719418657313,58.67548787316586,0.004616628595337678,1605,978.8459548635782,978.836345388086,0.009609475492250379
0.2894562456988087,6.272669101898515,2.6105649374875455,1.345941045373787,441.3589614773838,49.43508893420902,0.006662527581115282,1131,2055.8947800561878,2055.8813796598433,0.013400396344339906
0.8281212762625088,7.067729049535007,4.432188993260235,1.4742103901792716,352.52314431113155,41.7169107119339,0.0027344984532434377,8071,7296.180992003944,7296.175279074948,0.005712928995941408
0.2322297312253937,8.238350389406051,0.737029993233637,1.148955226566871,213.23021819762488,95.69601695813876,0.0016349230393167822,7157,586.7165858236144,586.7129097651869,0.0036760584275756314
0.4083806318702694,6.932399901401209,4.501152328981035,1.2310848608251026,481.2392132163207,45.407733570749755,0.004324000580242814,7578,3405.5267288788814,3405.518988517464,0.007740361417126488
0.8781930296723262,4.58249356611044,1.4863295554354927,1.0344134054356737,452.08433956506843,25.073705966426452,0.005719197179297629,7613,2578.121944573903,2578.114545195659,0.007399378243706788
0.2394327800290984,5.622700455357859,3.553426598964691,1.2747255053884465,245.279714112283,33.38277914347298,0.006058016533764203,5506,875.6753348932127,875.6650346639381,0.010300229274717052
0.17446315205637092,8.22740972208292,3.121482633730701,1.1243684401064238,307.99782167502354,88.58213088330318,0.006413441711882201,1803,770.9563514906603,770.9427526984541,0.013598792206155362
0.5360841955720098,4.362852667356858,2.9882333668516345,1.1063566553070956,485.3836345123583,66.93067672987071,0.005937957961853995,6192,2341.326487653622,2341.3155211439657,0.010966509655998808
0.37217756015068276,4.493093110916473,4.367121011387696,1.3988272703812739,492.15216286691157,82.30244395016526,0.0032117677387406888,5289,3175.5803129996843,3175.5721226826554,0.008190317028777063
0.6070675280354687,1.8612110445220105,0.9570746464009757,0.8351181904490821,252.4204740730785,84.70252369117554,0.007880947623721017,4633,301.2034984909428,301.19134225238435,0.012156238558462321
0.8234244014351276,9.231259916995729,2.061626113965362,1.417373699482308,431.30751266438983,85.85891513688586,0.0017900223556545872,3676,8057.210215568707,8057.205500085282,0.004715483424359857
0.22343363933746885,1.8193268345089755,2.922137358551445,1.3964488864799898,185.89110212927136,64.0490966195687,0.002785184915969647,2215,384.0404240266631,384.03404355298045,0.006380473682651027
0.6226291760988565,6.833882597037003,4.150799842757179,1.1544563774932524,217.3157928187991,34.16964765592839,0.007654402081172028,3477,1980.915345376135,1980.903489242706,0.011856133429111904
0.5549578843508776,4.718750309225179,1.4739938753525217,1.14314199794394,124.16984734560182,31.85862017889134,0.0035175352069472658,3264,557.6526927810373,557.6473906902436,0.005302090793782928
0.22967090741187962,4.650574512298981,4.113184286184243,1.053265157624843,144.13306674952864,65.918753630009,0.005441260974484647,8790,321.8461339940912,321.83662504000165,0.00950895408955593
0.6615986369760842,7.115966529154155,2.298373171222711,1.495921654177214,345.5929860167115,49.32114829485411,0.0039447796677000305,1969,4816.9027540229645,4816.893942460567,0.008811562397602989
0.34627637607469447,1.6038435936689086,1.3501123539516293,0.8778185329276889,279.8517281031864,64.64385929966139,0.0055628309045440295,7628,220.58714089194441,220.57910107534576,0.008039816598656858
0.5390508866896112,6.343352046562911,3.915438981995672,1.213150664940025,154.00933728152128,59.87822753902918,0.004119902199526286,1600,1253.4449068299225,1253.4369160168371,0.007990813085337792
0.1740450918493557,7.948286073751193,0.9090450566354652,1.277177113078692,231.30932736274366,68.17584637580387,0.009947871909154455,5455,581.6691299337876,581.6477628656959,0.021367068091795123
0.5136256514922608,8.453914820979348,2.816453183339493,1.454031005751861,217.93255693865677,22.568943258925227,0.0042172983042233205,6941,2667.199342033409,2667.191826004695,0.00751602871369761
0.3758171212385383,2.5347735045439777,0.7874410273784979,1.346142447799733,494.3120920409004,22.62693445040987,0.006643444756578809,3716,1118.3861140976385,1118.375147542703,0.010966554935470912
0.840143090066819,9.076771450703562,2.103880348210044,1.2506930419680828,434.1046267451207,77.7276136678807,0.008995088958857898,1781,6378.486278787165,6378.46628426148,0.019994525685854025
0.15128085429763147,6.90531482662698,3.204845595528767,0.8817686217684859,224.5848500227209,35.45017950581759,0.006741414949282754,2434,267.0821382980686,267.0740866407138,0.00805165735485338
0.47674654742649697,8.936693207386146,3.002519936692459,1.0616134617820272,461.26246050321487,72.1758769753645,0.006092715295986478,5338,2959.005973037233,2958.994836514567,0.011136522666210727
0.5125882817182942,5.367526453991784,2.3209493805709993,0.8971891497835898,204.18592623267702,63.72607286331636,0.0061230650928058745,3702,647.7520374959721,647.7430431262836,0.008994369688535597
0.7525054686692069,5.8783001058748185,2.4307159728745207,1.4168489127258597,350.55568073068673,98.54355771236987,0.00546814639831047,4991,4400.123535926792,4400.108153690643,0.015382236148961717
0.6168588175811899,9.27134449325804,1.5204629900784494,1.32473480889455,484.9924985069506,86.83247031064498,0.008268223612640097,9651,5665.972369426675,5665.9519052857595,0.02046414091520452
0.700491103474763,9.099185890192047,2.551471647908463,1.3302757507580605,225.62548879484854,53.050761706507956,0.0014538167052524377,8532,3258.554314067159,3258.551354100462,0.0029599666966217976
0.7993443570865806,5.033447860321018,4.789646850743754,1.2565795624414808,355.9482342972202,69.3130256074532,0.00896616917136395,8245,4413.172962354262,4413.153886355252,0.019075999010237703
0.8759826762923699,3.469713684721136,4.327038130027057,1.1549304758556969,183.16571497818495,29.383156578037763,0.0062766299822107855,4640,1668.6587769275245,1668.6493978503158,0.0093790772085902
0.3824879470502235,4.538533911078377,1.1535479108435471,0.904979741624448,169.8405420190886,50.91088343699048,0.008639858991301735,1531,302.84812686110786,302.83632729403047,0.01179956707741571
0.5842204348275126,4.489878956767748,0.6340135429441442,1.0307864206935362,308.37049989419836,78.71101928718994,0.001093534322897877,2977,980.8166897323592,980.814675301159,0.002014431200233543
0.85609727059528,3.5818018748451457,4.700859407224838,0.8958410547338235,490.6690691149482,69.81372673029229,0.00882348763565456,4764,2792.194750140738,2792.1813273124026,0.013422828335483621
0.9905060178685509,3.4172164389966992,2.8703738744633642,1.3074391999966402,253.91023192407647,58.75770595018863,0.002081237672559402,1290,2703.119558060315,2703.115238117527,0.0043199427876844665
0.9005673799393868,8.749566428317475,2.9202702041718847,0.9121601432154035,471.9366366424613,34.12232832421353,0.0074909620575315935,7077,4126.746861442879,4126.737696921826,0.009164521052934426
0.4343205363619391,1.6287572861619553,4.01323098067935,1.2914794851201798,461.46358411014273,84.25167409260357,0.0047486925359905945,8868,1886.0691184795965,1886.0578186210855,0.0112998585110127
0.2756498654967854,7.098500638896347,1.9161003824209695,1.2845787727171334,164.19317555524765,41.853328352926155,0.00712965151988132,4575,673.2699948306657,673.2570030531547,0.01299177751101901
0.5404532836659298,2.5553804631080705,2.6685840597620096,1.1215131352939023,230.81873318794732,85.63832653295276,0.0066537076390962785,5649,819.6821930688848,819.6683403275973,0.013852741287454782
0.7674773066524381,4.100553040546569,4.858983109160319,0.8946600578826367,339.4861153223824,68.92872502359948,0.0024705689236051765,7614,1868.4868720417116,1868.4831381774381,0.0037338642735854004
0.5433121636779679,1.5538873072135317,3.524669091195832,1.0203605782938256,283.12064798512625,49.818514235902995,0.0056315238800279666,1512,813.3419841184322,813.3333752694955,0.00860884893666489
0.5348627769823017,3.4297627316991584,1.1918526439810366,1.024065176352886,93.18133843842844,23.24841775679932,0.003495074258750867,2639,241.56179361067979,241.55738232323188,0.004411287447899573
0.8544073789736205,7.915789640055179,1.0995203659295898,1.2902695932003054,497.16411355722124,38.593507547550146,0.006043931585632113,9446,6375.394890599612,6375.384082660522,0.010807939090583144
0.42526340116046774,8.965137920925327,1.4191914124985243,0.8796201135896071,388.69430054507603,91.12567403905311,0.007642029547475597,5816,1328.1255697912259,1328.1127221649765,0.012847626249423906
0.8738152073304811,2.9937443671213035,3.950202534893229,1.3803480523512635,246.9623172011203,85.4379475116574,0.0017313257312365413,6849,2855.187075225971,2855.182643570374,0.004431655597250824
0.4661243208565512,5.171930553330297,1.8291965172827722,1.3327051031301398,328.1758473498311,65.98826503472783,0.005641861811779229,3637,1902.1611615433671,1902.148680988586,0.012480554781237581
0.3954097951105055,5.232916431434857,0.596249810037859,0.9304148427219918,89.40776776980356,57.305797116970155,0.006558668386860327,2965,178.4044754651616,178.39487622116536,0.009599243996229733
0.5085909200797292,8.862177751837608,4.748784635775478,1.3034150672452227,272.8857441603245,71.77141434640873,0.003658307082374925,1050,3209.25973326191,3209.251542698319,0.008190563590716763
0.7862022628073816,7.8651914758822485,1.263710373777098,1.2679592270274753,468.8745871178695,57.29985022746412,0.009577031345164065,1799,5410.303547657669,5410.284446288139,0.019101369529241064
0.21340182507759486,5.617694965312449,0.5430118376663087,1.3236845600776483,453.47043112474023,71.54438725753123,0.005682725429561466,9291,1044.6047943738565,1044.5918905719006,0.012903801955953335
0.2767772942848157,7.03672480424596,1.5670922107249534,0.9322499888140862,201.82138046741554,44.59232797281263,0.002642653808613395,7642,417.69307454108133,417.68951234427027,0.003562196811034358
0.9563003430967828,8.6261954851843,1.5576295420316015,0.9103132255095281,289.11553871960245,87.07977743291801,0.0019700943561935563,1236,2333.237799746673,2333.2344446524294,0.003355094243490285
0.2579424646432216,1.0858505862299044,2.399023628805754,0.965538790145928,363.82258583944105,76.15343147722133,0.00587493594248829,1471,304.8971001526084,304.8871078870067,0.00999226560170935
0.6109545861379492,4.626010279450438,4.641754241750165,1.056110192204283,203.0041701085574,46.39805027421534,0.004377145430142361,3204,1282.0638045951928,1282.0570369823959,0.0067676127969376115
0.6213830199957441,9.165188505493708,4.456332130005941,1.3555654867250608,79.19564814227232,86.45328918587529,0.002732923879915462,8181,1231.7703131856065,1231.7634057302373,0.006907455369262734
0.5406620158452203,7.662817277595563,2.5560254974209258,1.316546756235195,277.4487455230121,58.98740246825432,0.0012762863810719712,7259,2656.949827566774,2656.947156116244,0.0026714505299399345
0.6802707237191368,5.885572369006672,2.3490495724631293,1.4478161145949733,320.73608112050135,33.97110917899692,0.00609940072034092,9330,3766.183194717495,3766.171363982515,0.011830734980358902
0.30684405321785657,5.7668007433162005,2.9975408891368307,0.8410406913690308,52.62872005467961,26.21699696028213,0.006387402131502958,2383,100.1205545253948,100.11377406614486,0.006780459249943043
0.5973960409990734,4.12993087843994,1.5955430538729458,0.80808939670993,93.00891809233879,75.96845981097763,0.0022762234106332166,5501,207.7418321664998,207.7385954167228,0.0032367497769945765
0.4349559297222074,5.6846848027736305,0.7348324638486328,1.2893971807905593,143.28078961736853,89.20966433664086,0.0064156424479327396,2712,665.14946461998,665.1338126075641,0.01565201241584496
0.6955005336662702,6.898448795171079,4.72650861277043,0.995501247055916,206.62352914592037,84.5953590875635,0.009567754792368387,7710,1655.6054293332672,1655.5878471572676,0.017582175999711652
0.22710118903583454,4.7652673458591375,1.3401454319472772,1.0338552268736723,293.47305027376115,72.45208241777215,0.009804660489907656,4796,434.950240824071,434.93276004715517,0.01748077691584387
0.6137896751555286,7.427378317529566,1.3928032816057239,1.1827614181401587,182.22931344184937,31.31000444838144,0.008996436429013046,3373,1380.1110720300167,1380.0970998079051,0.013972222111627325
0.26674331984499133,8.751090045343473,2.6260714798427642,0.871689186188759,174.28271648292667,27.523526078132285,0.008263707227521667,5424,401.89725487302326,401.88806886345867,0.009186009564578835
0.35077875680353277,2.3921636336637504,2.712260051781488,1.2498860915836347,441.2072047158868,47.602369840938024,0.0028843105304199815,6419,1234.1425863299173,1234.1372651764902,0.0053211534270701175
0.29683882029122494,5.0639232053568195,0.5829539436533387,1.027603212361805,115.27278836064183,88.3928712319015,0.0024079166424633715,2699,204.04063364703345,204.0359720860864,0.004661560947052664
0.2645540018819354,4.67218082156573,1.1657963244828682,1.2429005870106942,272.9570599275621,96.93890162453313,0.005004528420568191,5110,651.256412953691,651.2441630954063,0.01224985828473942
0.8431398564046003,7.187183236447553,2.2016966835233376,1.38380483915137,478.7711226212612,39.3088683877657,0.006576685761866973,4372,7257.579479256162,7257.566800965595,0.012678290567540239
0.3571368108948013,3.248807187321364,3.576788120797426,0.9197779333362008,331.2559621022206,80.9676536465376,0.008656108156075404,9825,683.1467191585942,683.1323110618533,0.014408096740917965
0.9344114036780045,6.762258234570487,1.5278830557437113,1.4516111650401642,372.7424659524973,65.90953735257645,0.0030876673702312143,6581,6084.29225617533,6084.284819956519,0.007436218811935159
0.9729338728106718,8.897403175583392,2.403565008087932,1.1714816987437107,244.0566461257732,22.54458936623542,0.005316831104682993,3386,3682.659209643027,3682.6515768670874,0.007632775939735763
0.6141344229433876,4.763184398142604,3.0080527912241006,1.446049435621778,58.969475203873806,63.433307994635186,0.006826962177611614,9583,588.5170577579329,588.5009234177965,0.016134340136448655
0.22870101039915378,9.19914129981298,4.498666225804814,0.9454110575412448,340.7586657652424,84.47523223914841,0.005010344690809773,1168,954.1384210960235,954.1296828081532,0.008738287870255343
0.43709341904162313,9.938473650401306,1.967317260472055,1.2231938652229664,334.36592664265584,42.08982266752212,0.005087743093713559,4965,2603.4341484890606,2603.425305818611,0.00884267044948734
0.8179590370133927,1.9548284495315686,1.1010121963856758,1.0827209821265233,99.69243640849989,91.78892991763688,0.003026054449254512,4208,292.12378308689557,292.1174993668591,0.006283720036468263
0.4306516558273634,3.097478691863728,2.701725016539237,1.3419555338092093,257.9718711310842,38.90083254997095,0.009879948144199685,9172,1160.2457442933335,1160.227328194392,0.01841609894148575
0.17831549647250988,9.553417763338839,3.860247207578279,1.2241362602493076,461.8980250995427,26.117850611524347,0.005276739550666991,3727,1655.5576530738012,1655.5495065565449,0.008146517256255715
0.6011064198353692,9.62494917833248,0.9943689067373005,1.1461608198708229,142.2881743873888,32.795144755165126,0.005794677508649428,4509,1193.19419111957,1193.185371354311,0.008819765259028086
0.8606087663464314,1.8793654784808265,2.411075712636322,1.439089784501706,257.49443958534965,86.96022949767347,0.0029670336215814616,8549,1969.033548058815,1969.0255651790076,0.007982879807465504
0.8163337484291522,1.1349865033942301,0.5800331356811754,1.0639819449201762,257.4964333402342,53.384473523162264,0.005627230464986368,5477,408.11856979765776,408.1093862526132,0.009183545044533043
0.25761082611731795,2.4499002093078004,0.6510163174126301,0.9539861434287271,414.84266066643727,83.75564508973261,0.003298146026808761,5720,301.59911015682343,301.59332849565135,0.005781661172056815
0.70548815297122,9.964115050440235,2.6732901344749953,1.225670830796464,421.05914164825003,62.49864487916761,0.0028210262624511983,2713,5639.4775244444,5639.471905810651,0.005618633749215379
0.2984538370920824,2.619996549496182,1.8418878416791824,1.2368199060209697,391.67123884852634,58.44472998355451,0.0034815002584864104,7619,797.8730725530037,797.8662499406407,0.006822612362952989
0.29638678109695504,5.522928460498209,4.302982845524355,1.1073662351003128,214.45437163472317,84.55305211939722,0.0010248368365475288,3512,765.8616368889452,765.8595424522591,0.0020944366860543118
0.8866645959746666,8.6357595378746,3.2096943775690443,1.1406270305825676,82.41661625833405,53.879008936990076,0.006131360008015156,5589,1126.2046693278594,1126.193907653247,0.0107616746125536
0.3247020574662072,1.183614496193857,2.5426983278434565,1.4716873900099299,207.26733975080634,84.16261848530947,0.00448732004970559,7678,543.1703894114853,543.1582274367795,0.012161974705775732
0.3369226118662101,6.440400840326135,2.3357091697443337,1.312879983977761,355.9060405721028,28.052973197075648,0.009088201172745374,3678,1813.9331965152405,1813.9179175963434,0.015278918897055729
0.1005880516851696,3.493229039826619,2.7376046608530347,0.8774212260378039,366.2359585200844,70.90486524314052,0.0013663645625126908,1281,176.7155828942245,176.71353395464237,0.0020489395821336534
0.8836021307129659,8.761014247957585,0.681974740456976,0.9484910496094278,484.25009426452357,76.20696452415878,0.0013888027077017511,5926,3634.985669512753,3634.9833483966668,0.0023211160860040552
0.8133353318882213,3.5511503433767126,4.51757010389297,1.4829036441048913,254.13855414966883,91.92779169133941,0.008972861655813251,1429,3667.5306455992936,3667.5051078998963,0.025537699397534842
0.6645960415816102,7.18080148253718,4.992364200802813,1.308525887655472,334.59601232313065,37.94591349729559,0.002139801779839071,5658,4634.97124449398,4634.967382027682,0.003862466297735284
0.775239187544958,7.067976692026572,1.316692061864144,1.4405315883012573,292.63589182513925,68.33759040742812,0.0010194409371160162,6162,3947.2539052316624,3947.251433132077,0.0024720995851132436
0.23684371068204263,2.99344193973676,1.0417233414857887,1.0127030247921054,117.77835205095683,54.66052509513784,0.002610224773417124,9105,115.44317241955672,115.43908415026571,0.0040882692910050086
0.5124912351288179,1.313192798815151,1.1460985855186785,1.3193068020606147,257.5411124594612,50.62173244352232,0.008414885575878437,4212,564.9987079446178,564.981986197359,0.016721747258744254
0.4160974486139028,4.683246164068575,3.4746217620546522,1.2998018959664581,295.1758196100474,28.537084416956596,0.008224426744840922,5632,1692.8183497449613,1692.8046089693537,0.013740775607597967
0.18439887363131485,3.6027383676928273,3.476483773028486,1.0062829898075625,477.83732271901636,30.738666447595378,0.004061189897591059,3663,631.6373593610911,631.6320164557567,0.00534290533436236
0.5375174366934317,8.280799746523378,4.315658730252849,1.1855714278154939,214.94257448403022,86.9590769158117,0.007012278255338669,2688,2045.6070474437147,2045.5915044947683,0.015542948946372877
0.9286656853083719,8.203277696098107,3.8832187479181397,1.2391905778892067,491.04459639859,79.98027458604496,0.00556524736602245,6594,8463.648245308208,8463.635833144772,0.01241216343541379
0.13605320714562505,5.1132155697336295,2.523603530162029,1.1367922675792255,294.035033310838,50.58729042328804,0.009142614908613155,6935,394.82059892995153,394.80494801046615,0.015650919485368817
0.3623148221444145,6.45861002790897,3.2578491270439347,1.3790250946606089,159.1111594863759,86.27892651117047,0.001507811278756801,1816,1065.2233772846967,1065.219503969111,0.003873315585737127
0.28678684258513315,6.4383356438823265,3.5972810166560354,1.3830083292585926,136.2489741571135,26.461294785886274,0.008318612158629687,4866,750.0574740844373,750.0429250793323,0.014549005105018456
0.3143319882991267,8.44442333584861,2.8073141162835133,1.3954203838110897,113.76271276710429,69.98191336265349,0.002535388024847141,7188,783.4685507640152,783.4625369192859,0.006013844729307751
0.9175910966914378,4.825021727108777,2.640429430032365,1.362396498368714,253.81979175805384,89.45408421714306,0.004524588076885834,1677,3227.3000292691413,3227.288350783325,0.011678485816231467
0.5212621488108611,3.4790201181145815,3.4029385053919396,1.1416584340380012,59.86689340501545,87.10913848249996,0.002727614362912893,3489,279.9215848362183,279.9157582502697,0.005826585948603968
0.519669471645837,3.3853142632649273,3.0086354703904417,1.067006808704305,250.27037749168943,49.82262079534878,0.007323529686347252,8232,946.7724737710562,946.7607662478628,0.0117075231934094
0.784518078209754,5.825730513539837,3.3977403740115966,1.3819633986000595,494.78211147017583,79.61870824455913,0.0071049356177793205,3446,6837.6289328796065,6837.611296547981,0.017636331625648476
0.23904298360443324,5.042333824589913,3.2578464828351374,1.1431410209893869,351.54805807502,54.197451641590206,0.005931078415291243,2888,911.491936611089,911.4814819328369,0.01045467825211102
0.5385388186900457,4.961086938864426,3.736384522311446,0.9724599790395874,391.9037545401821,87.21105315119596,0.007283467331232898,2720,1735.9461210748782,1735.9328611397227,0.01325993515552384
0.4869866927089538,1.820236051807365,3.3926157895229423,1.1551404726255514,103.55242582321814,62.460956012401844,0.006756083025442065,1223,350.7826069120224,350.769928093577,0.012678818445430888
0.6372196214919905,7.46743366621176,2.8388411889677028,0.8992948753434695,262.89538767054086,81.1885639284033,0.007987978501158413,1934,1396.31085053842,1396.2978347707233,0.013015767696659991
0.9996019329253948,2.923630191837196,3.5680856507797394,1.2841406434191591,178.80039546157127,26.285726583333737,0.003154659861614939,2308,1913.2926734569999,1913.287557588189,0.005115868810901475
0.7925040046738424,2.7725826718784923,2.522668843334426,1.0351448971367345,452.34388759506317,67.20207772870903,0.004860213534466485,9417,2034.0464764688763,2034.0380644901454,0.0084119787309946
0.45807913271568446,4.714824882496541,1.5875205168767046,0.9824611589132181,131.58161240626063,64.0227341975471,0.0023646387641880584,1199,366.6681659406596,366.66435542069183,0.0038105199677963557
0.8447977470466423,3.0500050745602127,0.5063819906026196,1.4695561223643214,256.4299972115339,68.79813773881281,0.004866342077981747,5106,1663.8190804878466,1663.807009120627,0.012071367219584945
0.25363752698123215,6.254724405772138,3.0198386621562943,1.3438166970308154,314.62147325553696,75.65132863324722,0.007315225762783072,6074,1336.5370611671754,1336.5197940750554,0.017267092119841378
0.1274173176780641,4.343170054010244,3.1579485197388846,1.3509486519067522,281.3184912103397,93.44871760273135,0.007222520447059165,4993,490.735140144701,490.71626486145925,0.01887528324176823
0.28400353521784577,5.040205503335111,4.874220341490714,1.2366053784954285,423.6095875866833,82.85456654208248,0.007384842129654487,8072,1823.9937001215471,1823.9770015947684,0.016698526778837968
0.4063704005028337,5.83452389443626,2.12665250342424,1.387420967357208,154.15392709383818,37.57103931479237,0.003778907757799209,4933,960.0054015124366,959.9981887510877,0.007212761348916956
0.5595226817136039,2.8318197023362437,2.273599592727403,1.3314137368143668,219.82599969066106,86.07170154336768,0.006959925764118315,7933,1113.1686392848005,1113.1513968747165,0.017242410084121525
0.6536162264870798,2.401764605789768,1.408098116039856,1.2191415928935316,406.4379334582786,29.76637420920765,0.004307196876300444,2597,1504.3076037255423,1504.3007895857072,0.006814139835024234
0.9195451454929796,8.923797125862443,0.8174043285679486,1.472787081296202,287.63213528156217,69.77588685400556,0.00950042841494545,1004,5588.622364830146,5588.598609604298,0.02375522584776938
0.5588686085954119,4.903513325482789,3.9776202178778326,0.9341164647790962,230.95282354158078,90.62030465967545,0.004090297292923049,9471,1000.2455068487369,1000.2382236013598,0.007283247377177566
0.5511480801631564,4.708842486692852,1.6235647895269625,1.4603658032963258,63.24913163517418,28.089764337192314,0.006427164106399493,8590,470.7887818037032,470.7767592847513,0.012022518951913605
0.1452187088406839,1.3205093524555733,3.240071874635171,1.0810067133992054,389.0234408070242,87.97541226482085,0.007751311427729585,4019,301.09118356432475,301.075432691566,0.015750872758776773
0.13142039739060143,5.481786723286539,3.5949786599546667,1.1698792883810407,487.4819350850421,83.88965873841966,0.009157666861237071,6357,795.8757413665851,795.8560405966318,0.019700769953304647
0.5960439657247348,5.987527494499001,2.6205650928124147,0.8859175236810163,329.1291542698295,60.30203470712566,0.004941357431085199,3364,1325.3801527989392,1325.3731353607393,0.007017438199822677
0.4943607519235101,6.029567838591999,4.443584508622362,1.1780752072452536,435.4435493099576,44.71180818363233,0.004244365973874412,1126,3128.962104458836,3128.9548686045823,0.007235854253968273
0.8552623554822688,7.363280523905959,2.4970767844087796,1.2278447263007355,282.59408443771673,52.43505824572351,0.004870253577849301,5826,3592.8830124212463,3592.873896934072,0.009115487174430573
0.24461162624066068,2.597336514919106,1.782088803687943,1.4983910792659667,154.25643444051406,97.49265085601694,0.003913267163948028,4249,371.0235027201981,371.0119225320196,0.011580188178511874
0.12247449590534465,3.2700082080755695,4.5320698533273,1.4826346877500687,56.49894690581546,36.13580449214771,0.006885320410605827,4901,118.69036683970742,118.67646953198867,0.013897307718751426
0.5041348911371133,8.296574187073714,4.377039279124804,1.476478104312001,344.02922041549516,66.36834302639161,0.009394450876077258,6157,4791.79972178383,4791.776645328376,0.02307645545405507
0.31373070107703177,9.524535551590546,1.2381797618438586,1.0438716420714402,271.89898171171006,26.659259830294708,0.0021346390584043007,9674,1000.4188783241708,1000.4160559895896,0.00282233458115996
0.1446529360049537,2.2233947263058855,0.6168245825926443,1.4938865491215305,401.9441661894207,37.43144513513378,0.006048298582931413,4039,368.54856542713316,368.5361478475288,0.012417579604354294
0.7521384581628661,5.478845990546963,0.904935003573293,1.1188347061165775,362.60708784588707,81.06531104596165,0.00907883852824298,5410,2179.453402982688,2179.435010876033,0.01839210665523467
0.20043369996152274,2.9275862746562815,1.7894632934921768,1.3962853811333304,494.57856569295416,44.207923228842176,0.001901030901904158,1016,911.6469427311229,911.6431149024602,0.0038278286627204247
0.6474875500069945,1.540658515194842,4.875169107837698,0.9514239783132804,279.6406625354179,98.86128564501877,0.005444788696896528,9004,1051.5668124301353,1051.5565108139376,0.010301616197691226
0.35294477515020023,3.9295300431352187,3.013322689223713,1.1540832257596216,242.22865535285422,60.0653634475072,0.008787066362744017,8083,790.5937982716077,790.5775660336681,0.01623223793967066
0.25614644531951986,2.2931886266579147,2.1796777941317096,1.4762084672893239,179.03286024768272,61.323146024619426,0.009104069905408742,6075,447.0164038335506,446.99472280114355,0.021681032407063153
0.44177637062738573,7.389397660908217,4.499222425757359,1.4629219778463993,264.5875813060735,22.90517914685882,0.005629169450376249,4942,2974.042669054167,2974.0325477687798,0.01012128538723876
0.8213011986006583,5.803528723043,2.5391134916532483,1.2786144144749987,442.79216515531493,96.52213996618129,0.0012245669602094572,7172,4960.043266154742,4960.040189111366,0.003077043376080547
0.4528842192141154,2.294510238912798,1.918573827804595,1.3584700257871418,69.09787660628356,33.938675270753436,0.001950752605850395,4617,243.3091663498648,243.30561692281069,0.0035494270541104682
0.7756926842899502,1.0831742956496293,4.735487879355459,0.923498687621681,490.0550212787849,63.06724790483541,0.006280450707171105,7230,1886.394080605683,1886.384622724896,0.009457880787165751
0.21293766711923562,8.273413441217915,4.322829497867051,1.3051609846389103,496.9882374385091,51.65396879669853,0.0021147274581971047,9661,2270.7462011530283,2270.7420154128436,0.004185740184767428
0.7954942776985713,2.585749655478228,4.296507689387484,1.2326355658347605,319.0196203645558,53.24677605956846,0.0023447599922014374,2324,2653.7223100772126,2653.7178808859294,0.0044291912833517065
0.31323999241598377,6.455949779986894,2.8052813437259587,0.8640862150258724,199.19489166293062,71.46401328288867,0.007949053880039025,4277,431.46953066919167,431.4577533755851,0.011777293606531614
0.7096538168999855,4.03229721769071,4.052472794669548,0.8792113046127734,150.3720357449107,72.96709416739819,0.0077562285271795045,2624,666.9227008252832,666.9109055698738,0.011795255409466125
0.6092033993568967,6.26937344483532,1.3070901166904834,0.8759105324258833,174.42067805819545,32.34308918864775,0.008584954834829248,8249,617.6654680914403,617.6555163512105,0.009951740229772068
0.9362302454905186,3.840882642840916,3.0795033090030963,1.307049854380885,72.54744192723733,59.96693224975138,0.0019516162285549512,1118,803.0111942517732,803.0071137197534,0.004080532019826977
0.44859026617778264,1.7824560462302874,4.9273066528139555,0.8992006457733007,263.7999313175115,83.23819593134856,0.0027833039298713596,8303,642.0191869155576,642.0146009240073,0.004585991550310493
0.1595486699509964,3.0065500770197824,1.8093129373308274,1.1274125897801293,75.79592188898262,55.46291868417836,0.008496652868727857,8940,74.03997690422351,74.02508474836867,0.014892155854832617
0.11723993699612761,2.6925270983116802,4.074585481614538,1.0498872641144303,373.31339664916635,33.26435766612641,0.00748978847828013,9979,326.4764265308088,326.4659473766189,0.010479154189930784
0.8441727048754778,4.852174171956794,2.707152832436303,1.1853528985391524,217.36825498978433,45.057355452535255,0.008253605150452363,7520,1948.9874907095893,1948.9732991178128,0.01419159177660169
0.5722620738952889,6.924554050835416,0.6791255744993929,1.294533541053582,139.71412928622343,36.990365128405614,0.0099077110741713,3475,1018.8100197193279,1018.7924495209917,0.017570198336242154
0.7977196466514543,3.3742546745172177,3.9335872901705033,1.2793057760549325,295.18410102621726,30.065397433186966,0.00877988445540132,3767,2816.3288991396053,2816.314289990097,0.01460914950825887
0.31098304001036325,1.1086294177055616,1.2585611497645075,1.1608639411400636,488.19168825935617,50.206490194828305,0.005684169257647843,1242,484.3193689657942,484.30945751975156,0.009911446042627827
0.4105753709619104,5.670436278382812,3.3416310520973758,1.12503441152727,362.80897205828825,63.27489945584601,0.003796913663175317,6080,1699.1383246109979,1699.13135006483,0.006974546167783493
0.12709348499018705,6.451835404230748,0.885488873211378,1.078470916585581,271.2860825468721,25.82012202213054,0.006127089279172311,6464,294.2508073141848,294.2424932619548,0.008314052229969001
0.965343092116701,9.665834446016287,4.760903288731842,1.4033369638130655,399.61143466452785,68.30586977825467,0.006747278952110073,5722,10960.043997593506,10960.028061205585,0.015936387920457963
0.7010811160307321,6.305237227839221,1.812757492311624,1.0315962634108515,381.8644123545449,99.4419552135686,0.004017809271336589,9207,2312.849072211636,2312.840805827174,0.008266384462292583
0.9398845789833756,5.240553034403277,1.5190911125482771,0.9815560748172464,451.28095747600713,97.1299945616067,0.007938433337362107,5611,2762.3455909899562,2762.3302305863476,0.015360403608580769
0.3389467666861651,6.1606146330793345,1.0811138182985043,1.32032084555869,142.10102641727636,86.33387855993271,0.0018347841339209808,7409,608.0413720229154,608.03685807774,0.004513945175354642
0.6503172501030948,9.351105668758244,4.757009870025715,1.0518344231877086,436.49490931642936,41.307289024192244,0.00801453565613539,9114,4430.669871656019,4430.657959501734,0.01191215428509174
0.710649971463374,8.455403310414816,3.7035668409858733,1.392899019830088,185.4617391687645,21.792607718349384,0.0012879866681375363,7703,3109.1840712046255,3109.181886202168,0.002185002457593163
0.3857947302318296,3.906808600274272,3.837473999231399,1.0295221030460013,473.44951752129367,86.68333623062809,0.005481694546493413,3782,1499.2897221316462,1499.2791866095924,0.010535522053614363
0.8632983115140671,3.1352892729142354,2.7473205262111007,1.2913613772022117,176.47931702603083,24.457618558297057,0.008752928171349398,7859,1494.5980866016544,1494.5840189163553,0.014067685299180687
0.952445316610223,3.3637025112946626,2.636275033717175,0.8315763043997353,467.0818444232043,36.45024651766163,0.0017784574661925782,7163,1845.8115038298356,1845.8094858356371,0.0020179941983845366
0.8963696059264039,5.539789357436917,0.9950955934616449,1.0698940160772241,483.70582150883604,63.55625723574275,0.005659650428447528,2823,3243.3157089272986,3243.305805226079,0.009903701219639557
0.7651602783454353,7.6964450610572,3.019284930127963,1.040261122477286,115.4711108556564,34.27024313149148,0.0024345229506518473,5923,1024.5512785732792,1024.5478781262314,0.0034004470478980887
0.34971821175245865,5.528972864646659,1.611124227989557,1.3716751174931463,488.5249474682524,86.70306650389135,0.009053341750548418,9202,2295.1761445202005,2295.152959278576,0.02318524162465298
0.3534544378950686,1.6101675624530132,4.897153997601826,1.476938782259817,88.57533579317703,82.17277570078633,0.008491109743302673,6139,444.4222865385543,444.39944052531666,0.02284601323767593
0.9670242884014342,7.512226303959828,4.084614230068163,1.1226168936850731,148.3555039756349,80.46156045897999,0.00940525518964139,9470,2096.7556608832656,2096.7366068523547,0.01905403091107546
0.10925604634212283,8.253731158038585,2.3584642708679944,1.3773853940076306,249.87595139276203,85.29020927180612,0.008874841073770843,6666,549.6725169177635,549.6498669008922,0.022650016871235412
0.74444497591793,3.605480786077477,1.1810356641118986,1.2897862906701556,497.11881457026954,37.57614242116897,0.007628979788793917,6520,2946.794614073308,2946.781076919959,0.01353715334874087
0.735621546299736,6.9771316535501535,4.033992610124528,1.4771701913645852,269.8533730244207,78.31139009197994,0.0026640027602965253,7921,4769.530883056144,4769.523866172235,0.00701688390930291
0.6604205868548177,4.83932710948954,1.049241951865922,1.3677759600399773,297.68424943031863,48.42252020734118,0.0037225235410201065,3085,2165.796663046557,2165.789105997859,0.007557048697743695
0.9910979614781792,9.002074201546986,1.3520018907368172,0.8542346461746114,362.49122728564186,73.34758076547196,0.005471696424772067,6069,2714.445305890061,2714.4372034288435,0.008102461217305321
0.3806914921873527,8.607030023446658,1.4518423298490233,1.2992972056675653,485.73210122282813,29.76173829049398,0.006300071033632513,2106,3140.0585954475564,3140.047973586765,0.010621860791734017
0.40597467741392335,5.72888798478678,3.0060078722289245,1.1748498007956616,402.50813005591,76.4469264051612,0.00803965055781889,9223,1970.151858514287,1970.1351924283142,0.016666085972707845
0.1710454626519,7.22354991232235,4.041754942956648,0.8115052405526291,150.86930199066435,97.76861823206237,0.0030426366536835487,9928,191.44724583196438,191.44236269618034,0.0048831357840286435
0.4985183228893637,8.950147309198936,1.914416954261115,0.9759190711078106,186.34591879895962,23.4880292254973,0.0021544965473226695,2848,961.2627361005216,961.2601396235983,0.0025964769232098106
0.3349436736113633,5.461453090704479,0.8810141642388023,1.4452286715188252,93.93270782383598,27.50631209336678,0.005343491535342726,4608,416.8024401350627,416.7925933744616,0.009846760601091971
0.4090480319598798,3.8192566643993975,2.5904230858598862,1.448242960950727,340.0035638741329,29.89094138704111,0.0024205726978562855,9107,1869.7262196619167,1869.7216662344683,0.004553427448424674
0.8511146112300649,7.7829952411862315,3.8664960852197097,1.359195322140444,131.3331379426497,54.4451123953041,0.007243631220966151,3677,2405.668696465743,2405.6534905572657,0.015205908477031214
0.9419360621747462,2.980596293062226,1.4974872938932473,1.4872457222945925,165.83219981571457,43.26241479464429,0.006180678010825456,1293,1547.2184487247114,1547.2052797757394,0.013168948971909176
0.2671597648046671,4.496780332054378,1.489660466177184,1.3645816572369434,449.6511448311697,84.55361228325549,0.0076699701731699635,4196,1339.1239294599288,1339.1046135240808,0.01931593584792508
0.4352580383981193,8.791545133961144,4.7625216230601986,0.8071429310996717,197.04005389940684,57.90297913607692,0.0015709290368959758,2571,757.3087623150057,757.3067601616531,0.00200215335258943
0.9357675059038547,7.519801062423836,4.793691772036301,1.0014840382110584,304.99102325937514,58.7629874150842,0.009682278043997836,7566,3524.7331249831636,3524.717730296843,0.015394686320688083
0.15562761462030036,4.634299047227493,4.957095794277094,0.821436927566434,228.90470395512966,77.3630481060283,0.001000049830081642,1268,230.55488987319856,230.55343287502683,0.001456998171720584
0.18312447530024067,2.9327005216752164,4.134468207086511,0.8658755781162917,83.31407933266111,48.95751860285966,0.003928981735121813,8073,80.84412371077808,80.83905616209553,0.0050675486825525725
0.24651189028560644,4.203715517490129,1.346828761255755,0.9531885718655433,213.2887234535173,48.25657979363708,0.007116713140296159,4342,265.1645509647902,265.154493876462,0.010057088328141572
0.6356915507141873,3.556937343046897,1.453916843596676,1.1524909824278657,233.63069136616886,80.55411101019844,0.00140627866475907,6177,988.472191773947,988.4692654910759,0.002926282871095033
0.23542504390539773,2.584803591494685,2.0310135868507637,1.3932724024234124,453.0654958601832,82.40333966694118,0.0017501462322184627,1879,955.7324651780156,955.7280173994474,0.004447778568148343
0.9712687433056602,7.68999622209091,1.9315963910007088,1.4033767293099757,196.00279414085279,21.15190180262556,0.0016901329350539828,1058,3607.426800544645,3607.4239269508876,0.0028735937574725806
0.5020430745326683,3.2686289816515437,4.804374870851041,1.2313413009901075,220.65850389293055,31.503238067258643,0.006233587540488815,4891,1355.9914012126048,1355.981307453025,0.010093759579882643
0.5513661643151497,5.087507231509875,4.050832922967621,1.4497231573463645,402.3035459025505,37.04785449187838,0.009063327835346843,1216,4260.23228762255,4260.21428047154,0.018007151009393766
0.32199275422486584,4.472735021524982,3.7580395647269924,1.1500436286131457,391.5304930452191,48.12803750063011,0.0059989327994103584,6700,1372.411234800735,1372.401015396406,0.010219404329041924
0.5238642271912601,9.838696407720677,1.3368345082615931,1.422325230893241,409.2283744918209,43.31584667455624,0.006432142170517045,8649,4846.761495925391,4846.748384534568,0.01311139082274137
0.6957222693733104,4.5198301973339845,4.5928650171304835,1.1178456794324085,479.1968330342018,73.48160387106212,0.004114014860871905,7246,3796.3068355380724,3796.2988574075453,0.007978130526912009
0.7760594232586385,1.7198423451707932,4.225416707777782,0.9940575051953177,408.0008742776529,86.25081870423665,0.0011686704278997906,8978,1860.1603186351438,1860.158154911684,0.002163723459635386
0.7784812744389218,1.8084317731487562,1.2363882859756568,1.4414890426702993,233.42369144805093,35.366958588481936,0.0011945324597609473,7384,1149.6835223245741,1149.6811914335342,0.0023308910399513346
0.6201020014246795,6.316783492177583,4.420266493824376,1.0715545529752086,419.67883260414135,65.03840484815586,0.008994789698328202,5956,3208.454599250144,3208.4386921755686,0.01590707457549293
0.9139237974944715,6.394271965644391,1.7251139136671207,1.1523828761911232,278.90358444047223,49.42530008648288,0.0019231519484768206,1733,2748.4091115726346,2748.405799998116,0.003311574518747188
0.8356670625754985,4.768830914343894,0.8639138562444773,1.030202442771474,174.97131463335438,60.46223000368495,0.009998104346313359,6950,874.1250682643833,874.1085405399293,0.016527724454019264
0.7813433032287629,4.886593230808267,3.455700379313945,1.2639863202035109,186.31268065895557,69.66062734267152,0.0024798035036015034,6348,1940.2411779587367,1940.2358600520622,0.005317906674553629
0.15004496951241456,1.485393245567841,3.4421209672294877,1.4965218575042247,150.72907485352926,91.48798549456089,0.007071709995596706,6571,249.60182080407623,249.58155569074003,0.02026511333618865
0.10619016599768438,5.64891859350336,0.9271940430452814,0.8178594842053388,115.24683101888904,35.38341342618246,0.009540599249628152,8074,53.84249047432405,53.83192668313968,0.010563791184371727
0.29120254947592566,5.542655278423165,1.9348331402146206,1.429893604204971,133.02068533414266,26.960526964484828,0.0042606034987782366,3421,592.2202077801176,592.2124730785875,0.0077347015299587705
0.697171234522107,2.345943867012501,4.967665080149923,0.8027482398924858,78.43012247921871,70.1769535236282,0.007609898698731905,4377,257.7094426389227,257.69904681339136,0.01039582553135184
0.47007773999429125,1.934554474998348,3.552920001539316,1.0549595168023478,449.80288921957384,51.53046790181012,0.004157709790981017,9565,1291.333042776514,1291.3263963236254,0.006646452888663458
0.46216563336938055,2.1121524153954145,3.7853382497149815,0.91802476440266,468.95351434210545,33.03221546343909,0.0037444695108530086,8104,1077.222317466061,1077.2177444627146,0.004573003346509921
0.8961281994066523,1.9092542184213266,1.4581277852193755,1.330139246470786,314.04667662225296,29.366973388387578,0.0028162367431789504,7783,1676.687795235987,1676.6829491659564,0.004846070030591307
0.9060065633186549,6.487373759830838,0.8545193195176144,0.8354275885300215,428.22030047390825,64.71278294992239,0.008388414162089781,1111,1988.0476926990304,1988.0361497711356,0.011542927894907589
0.9182577376482272,2.768343871626268,1.7460576038342195,1.1874394675090296,132.60699619391622,44.03764756225564,0.003316483572482331,9485,775.0993113291894,775.0936389487601,0.005672380429219233
0.3824902688635246,3.262871369687171,1.6200427333693639,1.006448293691719,455.7532213521433,99.79411036687823,0.0035484234661527186,3469,862.2153531245702,862.2082178680308,0.007135256539377496
0.7219502314653355,2.5621492973629576,1.555448453366239,0.8935691742052916,277.86270183372875,52.47206554645712,0.009990727679788997,3198,659.5485229360686,659.5349111353099,0.0136118007587114
0.3444698631469327,9.620517740036528,1.367394448491678,1.3402727484718486,80.22424667249979,36.98292870121462,0.003945793919007879,6293,545.4616257596598,545.454381499582,0.0072442600777992555
0.27154884976700483,8.691557168366518,3.0864006079493196,0.9521917839786798,113.59073502237209,70.30792360938223,0.004804970399488441,8581,329.3972761288304,329.3894841098729,0.007792018957523806
0.2661692116126323,3.0744535361636878,1.9764656412881978,0.9565726484384572,189.03940735406772,39.54039117524055,0.009910499119973515,9359,232.56331333430455,232.55008474839093,0.013228585913612055
0.40789685877723464,3.9480966452991337,4.191552567713887,0.9925537495965461,69.60091115963814,59.52688345849289,0.004323703108756837,1069,227.6628160379575,227.6559699294181,0.006846108539418502
0.48696185780183954,2.8890355807449746,1.327763380313228,1.2107367346796192,189.18202010784964,58.60609469768059,0.004295368065122803,6956,569.4602703144775,569.4520219095091,0.008248404968390372
0.8478542539495616,5.426883635147414,2.5908218189084504,1.2617661521835237,76.9686949035013,56.28461037725898,0.008449430195924743,7074,833.0131483339264,832.9964865111893,0.01666182273711632
0.2079019841254409,1.1764947922682825,0.5614602639173599,0.8123217665909415,156.21242233677134,83.68685570156599,0.003807373316389229,3572,37.250762113866216,37.24508102434941,0.005681089516807221
0.7614332626554048,7.042312080071161,2.6675704510483644,0.9693087452796533,169.55139013539872,37.32904011729471,0.0031040749327816645,2654,1177.8038271192404,1177.799695153498,0.004131965742348339
0.5783094227703748,5.7084233483587745,0.7512719939441348,1.101679589753698,497.46603936505727,92.3445844056376,0.0048088922965779015,3259,2255.528461926744,2255.5182717828443,0.010190143899728006
0.35915080840839325,9.087750354709929,4.899755803426896,1.0323838665128633,155.996003193649,83.30724025708275,0.007305767205185735,1101,835.2571792973246,835.243353612333,0.013825684991656541
0.5435376260795421,2.4795341589557274,4.0576645789268575,1.4189194609576203,157.63390202236116,46.6497891394659,0.0013891872248133882,6908,1127.6842926915504,1127.6814020118748,0.0028906796755309616
0.3699478627993204,8.236983214550184,2.705501644864049,1.3513961116204931,359.05503576127325,34.44820050241108,0.004365244244967101,6708,2654.508539602876,2654.500608269456,0.007931333420505324
0.6364737597144754,8.127649130200442,0.8896431118070762,1.2381231508771793,436.7108653324034,42.3628019605393,0.004116204117512563,2361,3842.192804338476,3842.185549006746,0.007255331730123426
0.4904595305697198,2.144630702951982,3.1660044835568644,1.0366296911979278,224.17493567093894,46.61089975272627,0.0032033651253582933,9524,627.4618965157938,627.45702800266,0.004868513133877409
0.24796497617099086,4.5870330172971485,3.914436878158449,1.290470641392312,444.0281089733116,64.55465350456373,0.006888586023139106,4260,1558.8170991703118,1558.80247105473,0.014628115581905493
0.20492476710012705,2.531373770300652,1.3582276385213539,1.3905466089920562,203.0639093364907,23.70945350509201,0.0036099107237230967,2122,312.97670182467954,312.97049192048127,0.006209904198281484
0.5920261138649171,3.2924845041179402,3.056937533543709,1.2163812641512908,138.6571458267587,93.14873038816425,0.006460584031072028,2957,771.1969564135052,771.1817777560722,0.015178657432967615
0.9121717299574932,3.369215573474899,4.163949042722906,1.3491230268253653,198.3374709474756,27.893988532888876,0.005539031573091643,9651,2480.639303458726,2480.629746151935,0.009557306791148084
0.409561917901917,6.006127546231955,3.9571149994084234,1.3243734729798236,324.21036826759655,42.341871528002784,0.0029547088374330876,7698,2320.433675567818,2320.428105533947,0.00557003387132856
0.7597000965003609,4.702698385844189,4.1134640804021885,1.2002161178122255,215.2144216904332,28.742995036237325,0.003399094513379635,5985,2076.410157239544,2076.404904978495,0.005252261049075866
0.6927952194457903,9.529595236056748,4.456955411913739,1.0185282517750578,352.80221179517997,40.533826122052815,0.0025354004797590755,7779,3546.446461175787,3546.4428320625584,0.0036291132285711488
0.938399422878533,2.137331277523046,4.719569459717616,1.3220475106008902,156.62114574011707,87.01390548870467,0.0015096629336586206,1930,1761.4123496316463,1761.4086171218635,0.0037325097827091928
0.8388829155692268,9.763229213651789,2.3248451984159115,0.9447574564503246,365.4468022951169,69.21406491065939,0.006572696167944205,9502,3307.689059484891,3307.678551962032,0.010507522858706642
0.6099447330149167,3.0757477619283753,3.0594609613529475,1.3456418425300736,206.34726346181,38.18585800715845,0.00705509824522901,3889,1398.2395497216453,1398.226430860109,0.01311886153624304
0.6913274484106966,7.955865427436677,4.057967867205249,1.3631826844997732,255.14076722087052,89.74068238394702,0.0024939999424780294,6959,3937.8039674679967,3937.797516706899,0.00645076109772666
0.9085478199256314,4.050729335555393,3.6371291627560245,1.375501415699261,300.98531319930316,84.05696473747878,0.00653853146217466,8139,3977.611540559312,3977.59498691896,0.016553640351745273
0.4595669061282413,2.2877325587558253,4.979841027189704,1.1310411796849205,358.80125143369713,80.29194258572645,0.009838762660518204,2758,1533.044114958032,1533.0240519882204,0.020062969811580286
0.39411523527199965,8.72100266721616,0.5615494299708986,0.9347365374392952,157.42116133193016,87.81061587085703,0.0016696188544403992,9081,503.1931247213586,503.190193647945,0.002931073413557409
0.10972997527167672,3.779748093128169,2.098099468921058,0.8698065200462481,426.1754918348647,69.57197452146521,0.005413337852489774,5341,207.96682556677297,207.95884117444388,0.007984392329079831
0.8438959667723178,6.92969863804158,1.7646256682159112,1.320352875341547,374.8292373898579,60.11498881689859,0.007597343922794685,9146,4794.459918790732,4794.443857376174,0.016061414558803916
0.8208826303630284,6.09799316577964,1.6804213257449057,1.4203829691708691,155.34406356079975,49.91480209371115,0.0014140827804675423,1471,2001.144159318495,2001.1411482210806,0.0030110974143020214
0.19400906629013626,5.245806784517869,1.501384021244986,1.2555868511858346,488.73855317130966,37.90112163261587,0.008004461445978541,5417,1008.6049658061274,1008.5911063344681,0.013859471659366176
0.6191716430194303,5.462375253836852,3.6910572836685307,0.9009120422718587,349.1586459637063,64.59293261175159,0.009815601133835974,4180,1606.1517070163545,1606.1371520744112,0.01455494194323557
0.5175835283501987,7.590141226830588,0.8814176297389483,1.4544275139623017,253.5920989100175,91.15938765712707,0.0017963907717947786,8816,2352.1476666599547,2352.1426722000874,0.004994459867320439
0.20683818595820033,1.7899562271109652,3.8372397527450226,1.4923714101775236,120.88729649908235,67.518543119386,0.00840006914919333,2144,313.39089163262855,313.3698914694639,0.021000163164684248
0.9825114043546512,7.013625957621146,3.6204162890732303,1.1033650269544455,289.9494510386591,93.56854893765095,0.004407233900608849,1098,3688.0585656575345,3688.0491528298458,0.009412827688573468
0.2932262987170199,9.06230891258721,1.6286185962540338,1.2163777024916398,124.14914907220319,48.55338956745308,0.0022970458219061063,4649,575.8403348038393,575.8361841102453,0.004150693593989056
0.16051076208150503,1.5200937731787774,1.6377520242432255,1.3440599640011603,243.2712554140297,75.61103780219982,0.0054387388827671305,1493,222.76563189177458,222.75279474038786,0.012837151386711421
0.6353626415517186,2.265880053103001,3.32987263405026,1.3154728530350313,233.9206352327835,71.8932377970113,0.0016436686220309413,3157,1439.175057934201,1439.171341256118,0.0037166780829647325
0.7649800094197294,7.449687430318282,3.9297699746765504,1.4774510343534144,373.97283995635706,73.63470752501935,0.005698912673504659,5579,7106.222305548483,7106.207685741516,0.01461980696689205
0.12919910144246827,4.935534834201558,4.444185258893144,0.8804181637551522,136.5724315509124,71.60336097926341,0.0011742110920364465,3177,128.2910638742868,128.28928984427776,0.0017740300090411927
0.6928458748543199,4.631937587323195,4.334628037345141,1.2065074062999641,419.84210969188064,37.73237399496934,0.0075575029750545725,9697,3796.734106176273,3796.7215474859318,0.012558690341570831
0.579062688356309,2.232699710898123,4.841973473737339,1.2843519937711645,196.7595471572746,31.487271862651916,0.005391727172304298,7912,1329.6547258565204,1329.6456205265881,0.009105329932188858
0.19293850798754358,5.560930366460092,3.1162320290143004,1.423068896931369,249.79488213594877,98.29026049856469,0.005130456948416626,9552,846.9142780410065,846.8998008815593,0.014477159447211311
0.2552714892517259,2.138907800767395,4.588950026031618,1.4118767394027054,397.5534389992291,23.623610307400096,0.0027657234436787533,9345,1361.036396110768,1361.0315687811196,0.0048273296484106385
0.6111768675844724,5.289584106794863,4.138309729671849,1.484599855492903,331.42657987108163,57.41891896226163,0.004251368402152892,9107,4209.09550423895,4209.085568616503,0.00993562244658219
0.36672185216195957,7.8725376906549105,4.526004309413061,1.1584549177563754,188.6114083108718,54.00642537134895,0.002636824891794997,1532,1150.8942360765675,1150.88953173044,0.004704346127410916
0.9444841557861845,3.3243792209844716,0.5523197057841498,1.3815326067692586,223.79131604564645,48.8015166572061,0.0076185109048216544,6666,1563.9634856738076,1563.9478239849857,0.015661688821823207
0.8368662065356457,5.327075513617546,4.84656346339615,1.0990971956891293,187.60406629532457,82.55870828613676,0.0027912276948972455,3357,1929.5145627179536,1929.508962126162,0.005600591791611208
0.9852104858622968,9.928143724571521,2.630885732809152,1.0956197144992226,317.6465752747207,79.62802306500127,0.006550779943465436,7779,4717.915359768727,4717.902467571548,0.012892197179161955
0.3337037550553726,7.179853810186335,4.091823453086793,0.9773438551310013,199.68103994307788,92.41799388239522,0.0035164675096097694,2969,717.4394364889506,717.432823471354,0.006613017596610691
0.9727512695181794,8.572210941746787,1.0724185370200139,1.3727661009134609,376.56396265241335,51.639002094953774,0.006912839763309945,5971,6657.637438177145,6657.6230480724325,0.014390104712107133
0.4881104828124021,4.733628459044912,2.2817349311628834,1.4900705740694609,310.90422136267676,65.13436223435677,0.005864094630292082,8171,2363.802858024955,2363.7884287249917,0.014429299963690544
0.4127669157823792,7.910748308132698,1.721572983594459,0.9794392098430805,115.56797528637904,91.38456378736964,0.00481094768487448,1634,440.79555120891933,440.786533109329,0.009018099590326357
0.14531457427241792,1.3645825564718965,1.8124644672542165,0.8392921116147507,189.62087840594708,99.50784502843075,0.007057007500694244,3601,61.6777420602397,61.665925428586995,0.011816631652704369
0.14748873207364235,2.106200642880205,1.0546502897789678,1.3708797061933051,149.65134885957008,97.5435489892284,0.004741498644474063,2192,131.12476342562994,131.11192304700447,0.0128403786254574
0.7228101303519893,2.8276353362805593,4.125937246443532,1.2341610367743294,225.64094564816838,77.42750970149874,0.008392335423175296,9928,1727.4218833190168,1727.403506276433,0.01837704258373916
0.5121360949906252,4.617567321536976,0.5415904156148517,1.4717891603857032,282.1928387942134,31.458204624814368,0.007566386124117394,6804,1615.1219411235795,1615.1073017734836,0.014639350095952288
0.30386946343249516,8.611703904931868,1.9062745564334111,0.9765674533538666,278.04328577784946,21.854880943442126,0.0058657509506177315,1607,847.5002161248793,847.4932359099456,0.006980214933733454
0.6525732756927094,4.116394457091374,1.2848474444738676,0.8497193606008968,389.53565445348005,86.01746851223535,0.008893546143273975,7421,991.3506903646056,991.3366329903902,0.0140573742154212
0.32757230642510005,6.891590741639166,3.150675232737532,1.1447095826065512,135.1273386207692,87.27536195934603,0.008459756393212501,6258,582.4870578025573,582.4689221235313,0.01813567902596776
0.6198685789099804,7.383828653231351,1.6441358117654472,0.8598262160756033,475.9127731838511,79.70887266107756,0.0057865545515844935,4065,1968.974819139897,1968.9658778483902,0.008941291506811274
0.42328787228442133,6.275641186795073,1.6654930453764485,0.9832530007718953,204.28029809697588,42.39387887993761,0.0016160292433071777,8866,663.860588856664,663.8583262669081,0.0022625897559189925
0.8411970039506371,4.215177713531226,2.697521647978934,0.8881845025734179,185.11198111226233,71.18542876788213,0.006093967169793197,8253,849.1629488650108,849.1536833386431,0.009265526367645225
0.8386265446901014,6.193480075421898,3.4371006770341657,0.9568925257620551,358.3303601810989,45.299875345221935,0.00419731290604257,5326,2649.9151567088875,2649.909320917607,0.005835791280149242
0.5296153583101612,4.080390335107716,1.0458711705432364,0.8743012569749743,412.48248290737814,56.051859688073975,0.005861016485233608,6570,856.0381112303965,856.0301146741884,0.007996556208023612
0.415737198401514,1.7548636469681087,1.2898015360947328,1.4677341995990998,220.31229416614403,50.59480679844084,0.006824174144478341,3037,600.7626035992472,600.7475199122956,0.015083686951561915
0.4263038169031851,9.93523580367413,1.6122863506753293,0.9949938994148149,386.0811387022897,93.09120694320444,0.006803547173655757,3185,1881.6136876362239,1881.6006163502718,0.013071285952098506
0.8251430731013961,2.1446420826925983,4.881866963530823,1.1107283101947958,447.6811802612246,38.732586459510046,0.007061716391662014,8505,3202.2472701162724,3202.2363884200927,0.01088169617988989
0.39536153451785083,1.6511354545245163,2.2871862497431414,1.4290282653439557,395.06164934313085,66.20887236590002,0.007113417625405134,2179,1256.1975852462804,1256.1806896575795,0.016895588700912925
0.2881534363361614,8.906776742864404,3.1954554078396193,1.274125111573032,65.38841850687484,48.87852232270873,0.0019835327684215374,5702,370.18488392880954,370.1811213682014,0.003762560608141427
0.17621950768777614,3.716511948036056,1.5869426572219005,1.232626236393242,422.31601011478466,73.04568895313805,0.002725410974115643,7935,599.6770250878869,599.6712117683924,0.005813319494616798
0.5200238087959675,6.852672766661568,2.7070678632086955,1.293894233252586,398.5164313044653,65.165051294198,0.0066748690408811595,3744,3316.767216518393,3316.7529519155914,0.014264602801610562
0.5339188890278577,3.9610515669600956,0.8335362847368113,1.3801755799737674,351.1806071689337,93.91821450927524,0.00467355149857933,3260,1712.4935396485225,1712.4810312999487,0.012508348573957804
0.8568178393626165,4.52308843715024,0.6563396566504712,1.4143684874962326,392.0100885895566,28.128972136097055,0.007865664807751872,7120,3480.1220422889824,3480.1077880068988,0.014254282083373492
0.29911482680145757,3.3590167481511686,2.609300870696571,1.2498477694655186,490.7414281243725,37.65126718054107,0.0021241835403654897,4498,1368.5415559009562,1368.5379013891222,0.003654511833851883
0.44289214630155993,4.087396052137092,2.2939667938328543,1.4230050922858404,244.00079951825734,81.30783710648447,0.0027237069497848543,4413,1396.425471270837,1396.4184440531005,0.007027217736563714
0.8275651650043219,4.696303605278888,1.1159614386132246,1.174778269197834,80.25045572956901,49.502947191587474,0.006026181781928258,6478,532.7403064314716,532.7297224788589,0.010583952612738451
0.8412612496740762,7.483744621831086,3.5942064301433017,0.9941035993878964,257.4004863324725,33.26270289829792,0.005506732173411089,6798,2370.632962833418,2370.6256676835474,0.0072951498706780365
0.4461499683808914,5.603825748113126,4.96806570904669,1.4160536962186911,70.89514492597156,60.265700739631015,0.0033975743857902097,9097,670.524258826211,670.5165482065283,0.007710619682684009
0.5132116209580129,9.492086954412793,2.280410695385206,1.1790309791891609,182.4126836398075,72.17136492891089,0.004675089191546427,1205,1532.0510962102305,1532.041605995489,0.009490214741549222
0.37295730176435465,1.3769235445489796,3.310513861628275,1.434296311297064,314.09590630854154,23.586137132279887,0.0013148315025098777,6380,1129.6282137000794,1129.6258830410575,0.0023306590219011594
0.9392993905773809,5.527614903688254,4.833391740640185,0.8281174697654069,189.33030181677034,43.32975114939558,0.0013333429719493673,2809,1263.6027341232264,1263.601151526841,0.0015825963852990402
0.20677938916742228,6.258023099485463,4.241907376010938,1.078261026078865,358.4278606592924,84.75380301568343,0.001854343025423845,9939,904.7842258924908,904.7805318033608,0.003694089130062274
0.940374480701323,9.281772874668466,2.585985004862086,1.4634635128537277,419.8938474585745,61.61956532881554,0.006191132078805045,7942,10036.295859156182,10036.281215622092,0.014643534091167792
0.7154798066518089,1.4424267125928483,3.818702680069637,0.974755064930812,239.1976306757916,22.830337213865597,0.008773447731518384,3296,855.5188263531343,855.5083219486181,0.010504404516201313
0.578414937418058,6.161496264416944,1.0766076811273582,1.459075372226945,455.0620780818516,42.55608042197607,0.0033420096033361757,5928,4055.9366192876073,4055.9296679054232,0.0069513821841716535
0.1293931547060463,8.682669356751614,2.8044673495870964,1.467731722790475,85.9275191076801,71.13125247835372,0.0013054584675107823,6149,275.1401069017638,275.13682791948634,0.003278982277411333
0.5280365726398075,3.177349553073129,1.7557712473097145,1.4174996199581027,428.0509238902024,35.94875756624198,0.007377643918470813,4998,2240.422114917391,2240.407897658093,0.014217259297785853
0.46697329450245906,8.886631136715437,1.225236595532725,1.194567631565309,422.85791544768455,86.19131249755314,0.0086981701510456,6934,2849.327198403298,2849.307852097192,0.01934630610582157
0.2450969307776103,1.1713906834686263,2.418264078145407,1.252857614356447,194.8972533470442,74.12607256669314,0.002243555067367916,1938,269.1581932771961,269.1532988456931,0.004894431503027777
0.6907686431505913,7.5920916622035675,1.089565494951265,1.4087318989149085,184.42183420607674,57.71032487582345,0.0044717292634636014,6250,2194.8570830935287,2194.847148182622,0.009934910906911704
0.9740358166314572,9.398018990517878,3.645432986785185,1.343127957672429,187.2927415190807,93.24990248534279,0.002428631565311843,5555,4292.633724375536,4292.627420635308,0.006303740228207901
0.6059699299580726,6.91477895476056,2.5530801982400098,1.2410656946187881,415.1271705549849,51.34406167397294,0.001957216875484287,7538,3668.37731427986,3668.3736380800538,0.003676199806372481
0.7432779487995512,4.951263195824032,2.8901508465409873,1.4875815855094918,424.2440694245878,38.80587284512682,0.006833516846269371,8695,5471.723230519899,5471.709120328511,0.014110191387803978
0.1616054073094151,1.4039291482544622,1.1586917240067065,1.279973645433586,198.37510647245043,72.91223940213607,0.009707828285603183,7556,134.61665568976656,134.5951700223489,0.02148566741765107
0.4759002962352953,9.28102431990366,1.128972474920725,1.4828373947134328,316.6656563500078,65.86361499761188,0.007103490630586861,3164,3449.5051277596085,3449.487656811723,0.017470947885617042
0.2047226366480463,5.232666004224173,3.1253694586705585,0.8401719322249636,112.51995324820453,46.81983207449801,0.009863331965268564,6268,135.9173300577599,135.90516325291324,0.01216680484666556
0.6515162519828593,1.260970699023532,4.932543865232509,0.8972722595195488,260.95043222645995,47.49316490591817,0.004909557484632623,7252,847.7586857903456,847.752188407083,0.006497383262549145
0.9446339423927391,7.208389641958857,0.9331276245697653,1.1160211922003433,499.4567828849922,51.856824690728146,0.009080828099446242,7121,4784.241459780021,4784.22607000714,0.015389772880922432
0.6955999592244747,5.336535282186324,1.7857914285460157,1.0694156226190206,121.47761646781109,43.291085398349544,0.0028457580219967415,3873,688.2932354104436,688.2888746355829,0.004360774860650171
0.16912274348297937,2.119107856981697,4.412566024420494,1.3479143889499194,476.4031879820265,76.8193125088738,0.002061139303097138,2450,956.1543760920067,956.1494636283337,0.004912463673033956
0.4191995844865746,2.9284462837923364,0.8252240551485662,0.9124298185284426,420.9146248842535,72.10867240409642,0.007322680458211927,6105,551.4155185429508,551.4040192190353,0.01149932391558454
0.5955970414967664,1.5804161241026164,4.441485746151281,1.483266625378042,487.49659292582146,55.262212203711414,0.004342674977763723,6636,3846.7801793899093,3846.770178415385,0.01000097452434539
0.462886980519927,6.168641857377162,2.8592869251863804,1.0205461126826398,130.81044227473987,51.82837406233897,0.003859188424723915,2203,569.3447641451413,569.3387844153817,0.005979729759550104
0.8502796094276551,6.598265313268083,2.3372004826689166,1.1002465954181115,146.0833206995139,49.20410154877641,0.007041525201978923,8052,1343.5795863487947,1343.5680268891488,0.011559459645971439
0.8332039042389903,5.551680685198999,1.8935625395815514,0.9923215227080161,57.59023178068641,42.67746571138028,0.004001356375925393,5491,351.7959444288427,351.79027923165836,0.005665197184311513
0.6506479180928993,8.353919197023535,1.8370272115752886,1.2055545321285832,376.1158158120225,26.85573305256475,0.006153023550236693,4024,3624.574292958612,3624.564883047161,0.009409911451191197
0.43611215061943476,8.749079391772122,1.8761116210226545,0.8410400902958088,339.84261204628353,41.45637484180004,0.0036950959563517394,7144,1113.9042890710234,1113.8998929975437,0.004396073479605956
0.32980273638691976,6.54061957014814,4.481613864320881,0.9047742538993142,130.12944724612944,45.6961078954452,0.008053818293901263,3055,387.2503496819553,387.23973297057154,0.01061671138374995
0.19528688639181638,1.114808317366875,3.757078535786535,1.3220583923931069,406.0152344939324,63.81472050122746,0.0038114950644578386,3191,675.1794082255144,675.1711535705621,0.008254654952335691
0.41940791513789866,7.257066901729621,3.5137535352401774,0.9305504083833628,184.63797775927642,81.90308072624399,0.005814947300465982,8832,722.257681849647,722.2478388891624,0.009842960484662407
0.47185526548694756,4.7619929522831645,4.0943711702840035,0.964860116089664,110.74800619878583,51.656171586722536,0.0012085847532731057,5728,430.8545441843281,430.8527756986211,0.0017684857070515772
0.7082406325936662,6.090017349037483,1.6570159835186524,1.3550875650073864,240.15319925870665,95.58055246816734,0.008125577050225536,6690,2419.598048732551,2419.576513615265,0.021535117285951273
0.6923438418678162,6.841725418169959,3.2811926543679006,0.8653108248500776,90.93643179208523,86.187997075293,0.006583039973397785,5824,477.2208283531995,477.2102223852858,0.010605967913694055
0.16309732567713126,4.152129528943691,2.570298075310779,1.1062316759395887,168.459645322961,98.78414783069961,0.0027301336029360614,4011,226.03337566065582,226.02737206079777,0.006003599858057195
0.455733383888042,9.253886546546148,4.020987358400871,0.8161443708980589,217.10001129230577,90.09624328331854,0.0029383603848192265,8619,874.8575334111425,874.8529746631604,0.004558747982183572
0.26360098049562575,2.2057738007480308,1.8916524971297848,1.0427651795225328,433.3388785313674,69.33807594475033,0.003362436266543399,9435,508.9368935686433,508.93095618375565,0.005937384887648468
0.24113143478512514,7.043606265529337,3.3943037759145307,1.289286981827528,406.6469335819496,67.87834302533751,0.006188770941360057,9331,1701.3258317724558,1701.312436588552,0.013395183903924367
0.8445719347635213,1.039236219609224,4.46995585317791,0.8630722958020599,249.2394285877782,30.362090140337365,0.0059348469978372075,3448,863.8513492207326,863.8446718111134,0.006677409619250343
0.13772369504463178,9.321859948646628,2.309677142877179,1.4218342387451322,376.0587759885744,77.79193991132541,0.0034647734767770046,1724,1217.874574245597,1217.8658156215963,0.008758624000653253
0.4772645883119092,2.0125371991428236,0.7997993931535765,1.4366493300585013,305.89233628055223,68.01654860741371,0.007246560627793034,1103,847.4334839361292,847.4159921256207,0.01749181050839932
0.2513832901898664,1.8539580713281718,2.8222287005380675,0.8734932625875946,203.37883478513064,60.554568271678775,0.009001370493403582,5047,182.42450788754218,182.41188406548687,0.01262382205530424
0.8913971941106267,3.997068697470198,2.0568761951316166,1.4935127054630437,376.64345457287817,75.46294980458309,0.0013916392988818462,1062,4533.758084712898,4533.754437836601,0.0036468762971619334
0.6013364619475317,4.3620965743517255,3.5250142124622874,1.0082706873768423,357.5746195098701,55.52382742703949,0.004754769740404134,3062,1724.0836191214883,1724.0761631615246,0.007455959963687485
0.3082425727391632,2.9287006509059075,4.779648161368727,0.8588711697921243,328.5924989871209,61.9087729926629,0.006341681066903289,4565,575.9361307297946,575.9273120656453,0.008818664149352961
0.5521845584497388,6.266094948344122,2.6852374309858114,0.8035469801480837,328.0799844694628,51.86818438426051,0.006277916831832995,7584,1047.0740613181808,1047.066400174063,0.007661144117979973
0.7583377237328043,4.9862268823776725,2.5978560356999023,1.0859660270347038,357.3418965471395,77.38967146965518,0.0011758181229055969,7668,2423.720607499696,2423.718342413579,0.002265086117030616
0.9623062080274905,1.3075803013697866,3.4456316008615713,1.2408669899942824,223.0454806891422,90.12887764383106,0.0028950945926374456,5822,1570.8916916661874,1570.884861424457,0.006830241730215254
0.29840140382087704,3.8768685602977055,0.9657387661710546,1.0325254749323194,441.08411678046605,87.26759513060821,0.0015564764918090939,5833,679.5243293664553,679.5213197858835,0.003009580571794879
0.8975635949164107,8.293896222158534,1.6407778501625658,1.385702155832236,123.03853047340738,82.88202176395751,0.006120685652949408,4646,2106.701339374767,2106.685828332462,0.015511042305247401
0.9408737027507412,7.207313813756818,4.635406964751794,1.301624392895535,447.74845845761934,21.103016363564073,0.006808508989025205,1129,8452.571020181496,8452.560287885191,0.010732296304209764
0.9247784900788596,7.523837682218924,3.514741760136948,1.045113072377623,204.02682936439749,92.95043711019675,0.0024376794708112983,4015,2274.91768120941,2274.912765506285,0.004915703125438405
0.6718729211757188,7.283052316751712,0.5604981979253731,1.3140167666260232,106.26422702388014,41.99005765787152,0.003997100074078654,8669,966.9234354255807,966.9159777435264,0.007457682054302278
0.6668385889912369,3.7987571924472996,1.4208146265155894,1.4583414158784749,320.01233120560846,91.03791543707007,0.00396823369038419,6290,2368.8783630314783,2368.867307591778,0.011055439700006118
0.4628895698654405,1.896975298690983,3.572767697130046,0.865167198980112,219.19400108168236,35.75744824715012,0.008378220984308052,1926,415.4161335604505,415.40629309766985,0.009840462780602695
0.7771580940734092,3.452204656297864,3.9397964115315838,1.0142727721103317,416.9748771965837,55.17166011397898,0.0027519346407622004,2980,2464.2886823345852,2464.284351164003,0.004331170582313435
0.5781646165158387,8.486067701666434,4.2793680770331886,1.1243281573816852,243.85346083794528,79.95190354615309,0.005934827091930927,6525,2275.121238202709,2275.109230564262,0.012007638446759844
0.709694264105465,9.82423718004764,1.814795615219202,1.148593089428338,350.85313650294944,71.22231562217381,0.00804641961250796,2819,3823.38248132897,3823.366656856468,0.01582447250183161
0.4856121134639159,5.444623132674052,4.6896286832490315,1.1795369514202516,188.7160952771715,53.273755042354395,0.008466203736073432,6107,1292.1662412826743,1292.150935058726,0.01530622394821113
0.7583468176388252,1.0873031943073799,2.9882610211005156,1.010438834577054,144.25356876140305,74.28990853922227,0.006999094848562598,5783,455.21230542658645,455.19997937019787,0.01232605638861541
0.8420243658440942,2.260403309208061,3.634425600745518,1.2670817521876443,224.62206392697072,63.91596080373116,0.003695749770356946,3895,1790.0263021834792,1790.0186262988457,0.007675884633411279
0.23179263094253452,3.898725177846392,3.185324882509586,1.251559152470881,323.06352557109506,42.05890453084258,0.008407419173459708,2756,830.9592912061431,830.9443432249535,0.014947981189582923
0.8496367440168052,6.2072681373365475,1.0523302460357922,1.2044750543901297,345.6260326451083,71.70635563977117,0.00767949424390114,3327,3092.7881834224463,3092.7723009979377,0.015882424508667916
0.5862668786112766,1.6758428122478257,4.834015967231959,0.8796332051976137,310.19299938410825,36.33976690756187,0.007340222204463424,4196,916.0228827119001,916.0140796578283,0.008803054071762483
0.8601993181812019,9.490215688388934,1.052940109523687,1.1338775237671612,494.625073380849,75.51906274073323,0.0016060185899650647,4653,5767.377512829442,5767.374316577494,0.003196251948177518
0.4881715357069132,4.285753059559607,1.6469688038503263,1.0493588212425629,360.9905839228244,20.248870209859426,0.001389383925863946,7254,1151.2536283716706,1151.2518751885025,0.0017531831682202122
0.4411364368447315,9.213257961323407,4.161325461003411,1.1437269288866858,469.183832418613,63.901801100941576,0.007258287679314216,5259,3621.1170092635803,3621.1034029570756,0.013606306504660106
0.9235546592655002,8.024696224813196,3.2836863267549563,1.4453065048605183,103.06993770282853,52.08541020449128,0.009503153211105377,1414,2248.6354757173267,2248.614586833149,0.020888884177339154
0.32605234079356116,7.79893545264023,4.271671244193606,1.1363719402108858,77.61781841606549,44.24830190415578,0.007963515352567176,7337,394.4874830434689,394.4744292711853,0.013053772283653597
0.8597910927575289,6.460476218040088,2.820812847683202,0.8097865542876583,189.94761590537917,61.256637378771,0.008483280098443199,9146,993.987792241306,993.9767144809086,0.011077760397396174
0.5356185152584637,6.641054353466601,2.196469559149857,1.1071857166588916,111.46502226939077,71.62493060287105,0.005904840527648114,3870,646.8048582558673,646.7936378382287,0.011220417638533204
0.5626858982961338,6.742029116946233,4.648304747965033,1.3744537260345675,286.64083770272043,97.22498129707719,0.0037412752967926656,7252,3470.580039133484,3470.5698974112233,0.010141722260684612
0.37762145334053565,6.658492483230239,0.6631354288165768,1.3460426462527177,283.54156408547544,86.64515919104781,0.007099632070901959,1398,1420.3786553549664,1420.3608187829002,0.017836572066235
0.6157379805571142,5.983554082585251,4.352585991588707,1.1593730514697267,308.77122489977756,77.37199064670486,0.007407737879434234,4970,2641.435785322275,2641.420552027429,0.01523329484600809
0.3926900766485902,9.877726166346001,1.5386800333450172,0.9748383090015208,385.3525463739827,58.31735293433171,0.007078221745246063,9320,1641.744755648861,1641.7338315588095,0.010924090051401034
0.1353424728174871,7.590615106831265,4.319313474892855,1.1255620640401816,487.09836509554395,51.37152957314834,0.009520381510473885,7570,994.731595484896,994.7153748444057,0.016220640490374284
0.34479874480992045,7.992517495532691,1.1263847603759851,1.1945915535927343,445.21641114761593,22.602372366879777,0.0043046112993810086,2050,1997.6511579346559,1997.6448534113433,0.006304523312572161
0.10574113906593162,8.852165335753067,3.110985336607432,1.4999100067918938,103.26525780901171,48.72775224472385,0.0013569178506020515,3952,293.8858451062129,293.8828181177009,0.003026988512010878
0.980519308351171,2.9407578645326424,4.496485635551624,1.2509246631185642,202.33115994679576,87.87017109380932,0.009175999174816686,1343,2308.858346646683,2308.836781999761,0.021564646922079
0.9691724888377727,1.7542374318555471,2.6309284110450073,1.2859854510438296,165.12036127161886,50.7219665581032,0.002444492069686732,1603,1160.5440089680535,1160.539270900593,0.004738067460470304
0.45563976772507453,5.346049929387388,3.8595500321152683,1.1440179004976363,129.56781100090674,56.92679992497172,0.007275865054486893,8036,711.2863215302964,711.2732593830792,0.01306214721719745
0.7555337689056814,5.6267262605734585,4.1210222803500125,1.048142685547771,295.12619449510305,41.74675392199238,0.00885883995795416,5828,2387.86167377726,2387.8485121257977,0.013161651462441583
0.4112254885693825,8.46263601954926,3.8142239392255064,1.3690670885530443,298.9689809147287,41.93062070506934,0.0037912725821317166,6932,2829.072323171747,2829.0649562536314,0.007366918115796591
0.7039838413773785,4.994052213541021,4.663983815935692,1.1464526270374653,152.2601725496276,24.94974087133987,0.00847373716769434,5251,1360.6735154684025,1360.6613769281494,0.012138540253120842
0.8248870387413813,6.137677229898815,2.510754037339679,1.4962830909751677,370.35376263800845,69.10431404958406,0.003988523136442997,7583,5915.301106563447,5915.291014486088,0.010092077359137502
0.9520806202230166,5.743638446621125,1.2790644762432009,1.1199844019876308,379.81143462627733,55.84555224362771,0.00814832135412625,3148,3185.4584549461047,3185.4442324921984,0.014222453906490793
0.4601910482647048,1.3438250538165195,0.715149786661159,0.8476001985533042,59.44099767526999,68.47686459926356,0.0016284687667635317,7044,40.465261827982026,40.46293635790943,0.002325470072601616
0.804968184660443,6.536934069372226,1.6090694133687728,1.277804695963058,228.09096667504244,63.750952002308225,0.00689718698803835,1747,2442.097051065332,2442.0826192715817,0.014431793750104378
0.3393356055689069,8.45238957196827,1.1443887674610895,0.8326490156480678,450.5632885407295,83.90756698377399,0.007094242725209166,9691,1017.2771322393855,1017.2662687932486,0.010863446136907321
0.9912990734142836,2.4175049326822347,3.010769336455162,0.9753511178192923,284.1433737097272,80.08095298491781,0.005422832470728609,4356,1454.5505924638726,1454.5410676838533,0.009524780019250598
0.12319263888791604,6.348985605339362,1.3322540174527941,1.0476167769459324,206.43251064754745,81.71630825103036,0.007183817774764398,6188,214.40097628148743,214.38730051560827,0.01367576587916637
0.6431759258510089,6.342494900017729,0.6752016828021703,1.3176385099349295,164.15426821780855,59.93912055533404,0.009308653034984569,6898,1286.3991022184543,1286.3794849820426,0.019617236411645284
0.6935553834861944,2.4776646765072288,0.6619542299090053,1.145965148485329,159.50953396322703,48.31050810831444,0.007604693424714052,1385,456.1417818930689,456.1288570570046,0.012924836064300418
0.719241001366716,2.111172163576624,4.2420627426418775,0.8200521519171796,94.89561523286285,94.67492724263623,0.009651664260861939,5233,291.6227415459757,291.60733328236444,0.015408263611267719
0.20834882091018012,9.820467486788363,3.1615246914936117,1.2317948958931455,417.75188859189143,24.341581897324318,0.005037510824668647,7246,1714.4687240773044,1714.4610084581814,0.0077156191230658535
0.9446768051258174,4.543472526877338,2.1113838585202016,1.0880053661986637,88.99583242737705,32.20970462801843,0.005754616585335615,2735,662.3066446104918,662.2983668898551,0.008277720636769086
0.26306495114507455,3.0467955585117634,4.524026192331111,1.445284156976975,181.5326446378171,53.56792737413117,0.0033736482751393617,3557,755.2166141980354,755.2091264095588,0.007487788476545653
0.660478062915857,2.5419209000893748,0.8158847513347112,1.149693617798165,70.55408235485895,69.11661220544089,0.009870415010207818,5822,206.84290972291987,206.82371844901104,0.019191273908842763
0.30040847121077646,7.008415422249115,4.911449327275217,1.2962826021575373,401.6239563756652,20.65602998453773,0.0014962306164514514,2178,2416.589687923894,2416.5873477546847,0.00234016920929018
0.3764947753191438,6.485007675945509,3.2733130561450747,0.9532079446306828,67.67765700205571,77.54582554489136,0.004227583758551293,1879,225.92714657258162,225.91999189051438,0.007154682067228071
0.5918126875553119,6.791969106886757,1.325589142859818,1.3326814951721573,188.73549674069378,64.69812342319318,0.003679274482917516,2505,1610.3422461634386,1610.3341705186745,0.008075644764154594
0.47547407670811886,1.7920542476030703,3.5558109453963587,1.3046687173385707,307.98381653899884,58.77622069415402,0.0044786054181525,6328,1333.0262831647563,1333.0170057171424,0.009277447613789564
0.24420304087885567,9.041811251485932,3.935215669026032,1.4328571959789158,234.30261213204972,53.87960310622945,0.009259460744678791,2006,1524.4565055769199,1524.4360896237229,0.020415953196929848
0.25384276217876345,4.503397571281434,2.432042525168485,0.8236751492034395,177.0219802620952,61.55896253924996,0.004312340866616634,6297,211.44125015991952,211.43551163725812,0.005738522661393483
0.4763303093465197,3.8203246578732215,4.377346728104963,1.1132504883322158,173.83508259239375,32.942858758539806,0.009252789874300005,4657,841.2576149701396,841.2439209611867,0.01369400895283686
0.7815546804479507,5.1612530252296525,1.1782958328341164,1.275408781917741,409.0056377028122,28.6969391421586,0.004810049754968825,6109,3296.45280263078,3296.444907357084,0.007895273695661275
0.9081681821630098,4.510594591728655,1.7547691260992375,0.8666147300561505,488.2901427892603,43.170998300147076,0.008692918922981876,1272,2086.62739661598,2086.6166109554065,0.010785660573505985
0.17571489603344456,8.772193028252312,0.920715627127954,1.0874228470042386,206.61848170195702,76.76038335882598,0.00569575088650602,3895,416.1407047315338,416.12975674197355,0.0109479895602597
0.453793516803461,9.363348776781029,1.4489502827330847,1.4595026221463367,67.61548112405744,67.06303070683971,0.0038021755908548348,4095,706.7046281326813,706.6953573285689,0.00927080411238572
0.19022100735058897,3.7310789480464557,1.5742796536001527,1.1051541436237897,66.4546000590988,58.409841409521015,0.005044148190710986,2606,81.92016162357096,81.91133096989752,0.00883065367344641
0.1149332325693381,8.775422267139593,4.629349359147696,1.489783348436442,391.64603684482313,65.72167727167682,0.004819429710803832,3447,1339.2105671111249,1339.1986684502563,0.011898660868673628
0.695546814379561,8.033708165797604,0.8514935993802029,0.8397873427558737,298.5664197241071,64.74064104314746,0.0033392265587699585,7496,1301.2921548252057,1301.287535101926,0.00461972327964443
0.642204497769929,9.377269051102857,2.4233680408446925,1.302480843298624,402.6166958377987,44.56335403919403,0.0036067485699271614,2324,5176.233231615335,5176.226440432411,0.006791182923798588
0.2467172024333976,3.2117528096729906,2.8957940925211085,1.2067113653737886,363.87365462985866,27.796475779578067,0.00267808529179949,4902,798.4098902840292,798.4057603160448,0.004129967984287945
0.3104315497837577,6.192632351088812,4.544118742109724,1.1503777739924879,458.3778571694284,91.74258949304405,0.004024005014868475,8210,2021.8328072924196,2021.8239312864876,0.008876005932026886
0.12133697828006655,3.4709012626640017,4.9896329839754605,1.4795931810395067,448.62093097098057,67.99290100991317,0.00661965222924254,4122,1008.2360575718662,1008.2196036881064,0.0164538837597852
0.8514524851249634,8.416850414359368,3.890246517139261,0.89075528034379,404.7473280295298,75.81983997446814,0.004479023518386681,5866,3365.2531947196826,3365.2461800111764,0.00701470850613462
0.9772215364436964,1.0479177151395782,4.868559457560632,1.4271992661766393,263.8351220189647,57.11977794935641,0.007410908898336631,2729,3107.1368518131994,3107.120233499799,0.016618313400550595
0.22191358311522175,6.083372465977565,4.041955096411432,1.2838682877956271,188.6568834217336,80.51844639812501,0.00988280352719158,6354,698.7483621462546,698.7254575721677,0.02290457408696744
0.30832769238876834,4.052830881447262,4.834411884371375,0.9812972513097429,278.16205435008794,66.75978111829338,0.004393909715360365,5585,733.9777258268194,733.970535592764,0.007190234055476727
0.8815685715522407,3.9041533637003822,3.682718266750048,1.4311684019426054,275.93222329392063,24.304089767775217,0.005163752926806553,3722,3780.104349279928,3780.095162959056,0.009186320872204362
0.9338174181605664,6.804156914784253,0.8589354145298198,1.1005064425027093,324.62399700020194,91.20776283149529,0.0024769914125328785,5676,2813.407446597233,2813.4022343787683,0.00521221846488879
0.47766464452612933,8.663360043825945,2.308640841467044,1.3699591296511495,133.74390550230683,44.44289174303095,0.0045299375720138455,3894,1315.5310809434,1315.5221170640539,0.008963879345988184
0.14556022504216673,6.482758522539936,3.4096877771111167,1.07218556193318,345.02894620024495,31.031262193706837,0.007541492057116115,8648,571.1496530495988,571.1390580204179,0.010595029180910818
0.13545265032353745,8.678556807820502,2.0782332925441294,1.3956515792032687,255.4704158926171,27.043280616345264,0.002956643197682166,2961,725.0500369905379,725.0447946210277,0.00524236951022913
0.6165548794621094,3.3813740069292697,1.7302276315120038,1.2456403829115341,329.0921743733866,77.63522510736887,0.0026384864378970634,7568,1609.2859853566722,1609.280147188026,0.005838168646323264
0.45360559800386113,5.67551669288483,3.098296702098909,0.898732643508609,157.82217031379554,76.31746934434878,0.004387373862842726,5862,507.34314215388315,507.336189821872,0.0069523320111442655
0.12578718481988907,5.054828851603684,4.700758445160957,1.2547642144286693,245.47770224480973,76.01296998506166,0.008367845371459584,3675,474.2889839805722,474.27050319442,0.01848078615221467
0.6249271530813011,1.104804095527866,0.657418430822691,0.9339413338913108,144.59054650363413,93.26022181452528,0.006612914707403351,2939,138.90137885221202,138.8894429571605,0.011935895051516784
0.11017228293012023,6.011309288266661,3.9615404159364696,1.0883458395259138,443.8873205405607,47.91544175981212,0.009618214398279458,1013,577.7099471817561,577.6944634767015,0.015483705054660474
0.8086347623343457,6.953718917315574,3.752272751200822,0.9192069089764237,269.5824702686919,64.89064450871385,0.00914086391434863,1745,1971.9712007208745,1971.9573460396148,0.01385468125979309
0.3757895404330344,6.32722963977163,4.837790414247292,0.815411280966983,151.24163700821546,69.55964663954796,0.002360234771409181,9162,421.9221784866269,421.9189152060014,0.0032632806254760025
0.1362322027083089,7.6265190890507935,4.688200500496446,0.9483205776149702,68.54391308369583,98.358546285317,0.0013829749714649316,5570,103.417604481178,103.41500300165542,0.002601479522582822
0.629516998884838,6.142055756077694,3.9300465291988678,1.175460416606888,354.08239909409383,44.98769149748735,0.004591852607752788,8709,3102.0517741986305,3102.043948428567,0.00782577006352739
0.45791597298974923,1.6007522936568122,2.841839441071694,1.1370926774441423,146.59012129539008,96.50649599231524,0.005698715309367757,3946,385.59639846363757,385.58366490666185,0.012733556975710107
0.9764203720214346,2.0480097167624027,1.4192039895508395,1.1510479668752447,495.31198654345025,31.89874664659051,0.005640135536968431,4182,2221.696847690735,2221.6882847363336,0.008562954401321307
0.589778796253332,6.368271197895572,2.9535607324650845,0.973380814912621,290.16516803682725,81.12011648222736,0.002206965409939498,4486,1511.479924347144,1511.476033492582,0.0038908545621106666
0.34771526293330746,3.4748127277627616,3.9440839726384422,1.2796128404299303,180.03964831161443,70.63087200163302,0.0021233568893914935,7564,760.4857153398782,760.4810791715556,0.004636168322618344
0.7384949781705773,1.7168061613128924,4.530511456870519,1.292984300774242,345.9548452066837,85.351682981759,0.001421746802012833,5506,2668.3795786139935,2668.376171300873,0.0034073131203780603
0.3443428022884402,4.86642469103692,4.053704041447471,1.0505774778917658,173.8489655471385,22.29484589118777,0.008657739334498605,5078,589.3843656775636,589.3732421958199,0.011123481743627903
0.9138189622668086,5.988903382752898,1.378701208359743,1.416819061931922,419.12343225938594,26.250483435124465,0.00952969724261361,2907,5664.459902553265,5664.442856393899,0.01704615936628377
0.4372497734566388,3.958713895146459,3.1985884140262675,1.2508162516448835,188.70622291847386,25.57566236553167,0.0020411651819617453,4991,923.9611570976118,923.9579509970187,0.003206100593211624
0.5948817064985847,7.4839033200320015,1.9947805678911066,1.2991274926810423,494.7114795781592,67.43675643978303,0.0029181013169420045,2647,4707.981792863859,4707.975445360454,0.0063475034048834445
0.14551579344180599,6.793935472911202,0.5414255032578934,0.9941379425572576,322.3151534503821,68.23488540604303,0.0018087659626141932,5776,340.02395079847486,340.02092566122667,0.0030251372482013815
0.4835091141570077,3.9953652498250474,1.4009942110489972,0.800428144608911,429.9850170241985,92.4883911483981,0.008897519540267516,3663,718.8062476023993,718.7925389159261,0.013708686473080637
0.8491271856948955,7.793852760177045,1.0094929247005218,1.4057629284714768,82.76696131029,57.4082811614756,0.00962837860182617,9127,1222.6699897773003,1222.6486842237678,0.021305553532617087
0.8250839248270078,6.838255382797319,4.292236055927608,1.3756970692058659,206.73473782378468,25.443924400397115,0.0033561691904880108,2882,3593.1243510424038,3593.118559205945,0.0057918364586124005
0.30188670296817366,6.737008408461119,1.663278134665154,0.8862343216299812,381.86918877476734,36.762352129801236,0.003732254469418375,1328,760.5931622932341,760.5886386705479,0.0045236226862117234
0.3034711639095064,5.980849307083613,1.7811408599939997,1.0618735944694147,344.7765578032622,20.645847585427433,0.004264027159716456,5367,915.7490597257565,915.7435970532796,0.005462672476980444
0.8355747809919131,1.1025070127969752,4.819714573094979,1.2629375158720078,137.409404645191,82.1371620102724,0.0055221738344265825,5717,1084.5641622111311,1084.5514596731139,0.012702538017236498
0.937358578152393,7.268564651292002,2.2058902537198346,1.2564776000531097,210.29131872936944,85.24795495046196,0.007142148807804343,6600,2948.4467283062836,2948.4301042474426,0.01662405884077678
0.1858248291457032,4.3843761199824085,0.5431353806497755,1.4022452343659895,168.5495333693934,99.83523330273088,0.005539515249291618,3166,303.47932053233086,303.46379781329256,0.015522719038309964
0.5050527754836027,9.4834873914279,1.7773076675576145,0.8981877131448001,326.01657639282934,52.975555924247544,0.009559014235086172,1381,1495.8344533028228,1495.8213191441619,0.013134158660867593
0.4037088510678061,8.361862939694849,1.0368481127081561,1.1009578234495832,205.05570325644874,21.5438700321274,0.0018990411266934881,5144,943.0852582894032,943.0827170936989,0.002541195704285015
0.8836196099116954,6.28925022578181,0.9626385278113427,0.8680570925484974,189.0744089001574,38.778390519229774,0.008187449610475569,4881,912.9573761264099,912.9475129051318,0.009863221278173441
0.1751724232120169,3.269637836373425,0.8486928056108728,1.0727166739070397,143.32009119635376,67.02150941306367,0.00401034781732124,9108,118.98447920352744,118.97729399335668,0.007185210170763848
0.2900133483022337,2.8334565394989992,3.169667615789198,0.8105752119113931,234.06220441159175,96.95543736421891,0.004397929192778929,7747,267.7470099142193,267.7399887436083,0.00702117061100839
0.7772215038278449,4.063463539097942,1.352064756334364,1.428791145577089,137.9761655884491,28.286284117663545,0.007379464993392029,3199,1185.5835477359985,1185.57002159679,0.013526139208603603
0.14616446408309403,5.289111492220167,2.125592573184547,1.1689307977800767,483.15631431993455,29.725841612859423,0.009364393988869412,4532,715.4997758200514,715.4855756032322,0.01420021681921112
0.5432818426428604,3.664589590350524,4.379079722585075,1.3948615825616475,119.52581517288652,76.14071882231543,0.007445807006982192,3729,1016.2747990829458,1016.2565053366161,0.01829374632972125
0.49789633121174803,5.634365458532345,2.4095216290832404,0.8419332907023547,460.98712173144935,73.37656440172397,0.00798274517841457,9787,1308.7386133051336,1308.726960772144,0.011652532989661277
0.4009610610898738,2.488333829618673,4.620611075232369,0.9592206773310444,242.81289417046187,40.040508424946644,0.00775701317942919,9038,636.8296312736055,636.8192112970897,0.01041997651573861
0.4551150837870314,9.7994153154295,2.7407212402802283,0.9815659966548265,220.03969620277493,85.05158328116151,0.003888807453853524,4910,1209.9462494491063,1209.9391858059562,0.007063643150187263
0.5769465282372097,1.9713209946849448,2.2947647667789006,1.0706840462471516,154.09391040718197,30.302300438197058,0.007812373898640232,4496,434.7946307329109,434.78373148741093,0.010899245499946645
0.2452306225495448,9.387497256889349,3.8767501719081574,1.3620064606782822,336.0903504653836,94.05934758214079,0.008060686841978216,8502,2028.038785606877,2028.0174803986201,0.021305208256665733
0.6147962904552335,9.222202102624253,0.8292879444560095,1.0705905116120449,358.48760675487637,36.08255442659371,0.0058006028858546155,4800,2539.124857385364,2539.116406562917,0.008450822447285592
0.8248890963699878,5.728244336375482,0.9026527234208783,0.9432574707524289,260.40693301358783,26.5081898178404,0.005830806148001347,9162,1267.3112291230025,1267.30427123397,0.006957889032414354
0.7841448368111431,7.52419244652476,3.433881712653323,0.845493182237138,75.06810306204086,47.161766917908366,0.007837487227562355,3636,461.1214962956323,461.11174455931484,0.009751736317443131
0.23850991422439632,4.92443468175329,2.691233209576617,0.8556442238468812,463.32956780984745,35.027303082763595,0.008353277760019668,3823,616.1659531446819,616.1563021574937,0.009650987188275534
0.23432452276732652,6.670311197881944,4.056868626436446,1.3320330441726842,491.14810979437146,62.15529800288263,0.004034758978276034,2492,2190.5214199317966,2190.51270500511,0.008714926686628327
0.341356930970422,4.065183436790068,4.623218768045891,1.1113620937256432,243.96953684532573,74.94772298973808,0.008214059958177616,4316,893.7234730829224,893.7075024641555,0.015970618766906825
0.4249672537069335,3.7104311780690082,2.247650949521964,1.3083267854000107,326.1473633341972,59.2737262782633,0.008327881060078701,7775,1413.5579612575625,1413.540607445598,0.01735381196448608
0.46761002326763434,6.2040680755256234,3.183845119630908,1.2776009852345882,252.63438180968603,72.84858654487822,0.0031071307682672142,4902,1810.2454058458384,1810.2385443215956,0.00686152424272105
0.7117274951500108,5.483167067655823,2.7531348250788943,0.8947537232321805,194.84584289875426,49.193641151998754,0.007452556707850445,5937,914.4266998545086,914.4167513198594,0.00994853464914223
0.15101238894925187,6.2158273223498295,4.917247950390948,0.900021553934587,84.79345678601344,22.2338077790912,0.0026788052965254256,8417,115.48005114156271,115.47710410584115,0.002947035721564537
0.13120543380345975,3.5799452315832068,4.239879833104678,1.3287394108038937,255.2304786787845,97.92512993801193,0.0018374420168931632,5584,462.3443622746811,462.33952996900655,0.004832305674563118
0.45271950664951816,4.302620486352957,4.602819687248091,1.304887805439792,418.2730503617532,85.55308036319963,0.006170887108452049,7394,2871.3959704247955,2871.381029105648,0.014941319147554146
0.7274473229241825,1.7550816456601837,1.6445303940992189,1.0646215368120173,57.66415748960161,25.873505926770246,0.009177869789050592,9172,161.6443019763614,161.63200292916622,0.012299047195179609
0.2740918086608343,1.4704873504498515,3.9763689042316743,0.8541955843329881,311.94845743110005,55.934111692506754,0.0013191312117318693,7457,339.8143408051116,339.81258374569074,0.0017570594208484694
0.6773540331306266,3.2811141670571464,1.6946295124894202,0.8084686151889166,446.34744892701,70.80152560574997,0.008438514738354295,4296,983.2823761256706,983.2707235770429,0.011652548627714077
0.33384532414626955,1.668221733974912,1.4393414004277545,1.0017098646232214,147.8972435064611,35.24754164581103,0.00555824089633156,6784,153.96800426094148,153.96047402306118,0.007530237880293754
0.8974774979321647,1.9339723777126663,4.749197718449979,0.806455591511059,132.46513911007798,66.23908890902172,0.00874805903849107,8223,516.7475838920124,516.7358558554084,0.011728036603877166
0.906120949839955,8.316355648545434,0.5868698752303999,0.9610508347725925,397.5244815658744,62.691889449414965,0.008591292416539423,9164,2962.048163526831,2962.0347305964383,0.013432930392824198
0.36755848385319384,1.3498632731502038,4.844249166485433,1.093650518147937,164.78889400368197,36.66121508277638,0.008877581243346599,6560,448.7489468629724,448.7356784647853,0.013268398187088007
0.30699437856691647,6.930485145412685,1.1716785364496278,0.884991035718368,136.3929204022918,31.29682474219626,0.00791986559326006,1974,265.7149860506001,265.70578344295313,0.00920260764693331
0.47017357485960815,3.453019739338605,4.187471368069707,0.8729944304820824,220.09516275615576,80.71698316949099,0.008586931190922955,7276,602.591080389399,602.5775332242923,0.013547165106682848
0.3164784266621339,8.843911126373138,1.7416514888064638,1.4275062050031155,226.6259055215981,45.8069156919707,0.002584226864810833,7224,1547.1240168331774,1547.1186380162258,0.005378816951693205
0.7051454589625333,5.364930561197496,2.078160473438273,1.2098290203160225,443.3454783574547,39.52324270737947,0.003734678339874475,7493,3405.8312588329627,3405.8249547232613,0.006304109701206534
0.843458216093457,3.7501881339504317,1.4754097009489322,1.454118980733947,328.2995623701546,79.0302682244791,0.003182375537265668,2670,3059.6441751093153,3059.6358903893533,0.008284719961915725
0.7057829178200953,5.6587504212049105,3.1348131911648585,1.0420783146499755,232.6826553528152,78.88549536183857,0.007681854733552545,8118,1568.2119046691625,1568.1975847166877,0.014319952474898938
0.8419154025244145,4.437622171407419,2.0664299637854335,1.2740014561304143,290.4745839285951,42.112132506898334,0.0023827880743042236,9184,2581.6726948294404,2581.668380766285,0.004314063155378437
0.4572929459867267,6.078709582028472,3.4582686777259846,0.9432841722352533,479.2843549963734,89.80547690014829,0.0026400501134000976,6171,1859.8792360197979,1859.8745092608174,0.004726758980398897
0.2406852736379748,2.030795814937134,0.5704129307392969,1.2328382220959588,100.94660447445291,75.06001320578739,0.008910682486497484,7637,96.07614297279683,96.0569118776681,0.019231095128736636
0.7641558526578329,9.97291452531296,0.7896869758176783,0.8907100110069891,143.47198477611116,47.66113742572305,0.007352939736215544,5805,936.145736818781,936.1360659932236,0.009670825557330467
0.4244270546273985,4.830002899270458,0.948475187290619,0.8014564474234,483.1379179639499,54.199172014772714,0.008878419801271782,7761,761.1211120672737,761.1101397679961,0.010972299277613166
0.7041437427062193,4.134075757366318,2.38547158389604,1.4520722609867054,480.7961818372419,78.13677487444943,0.0022541973243462147,3803,4653.897138352288,4653.891307477112,0.005830875175449733
0.3435795477835891,7.391888634846384,4.166582776969892,1.1884260633226464,129.72443956914768,36.92670663163936,0.004590823641051721,4816,727.6094057808461,727.6019352590057,0.007470521840474955
0.1731066713260054,4.275094658457992,4.496800596702722,1.4488584639474276,115.2989677063842,57.50086339801793,0.003548360530686859,6133,367.5311505559507,367.52305332286664,0.008097233084051032
0.9933236159389871,8.499468745258818,1.6016483302740534,1.0336820665914503,239.48831045237893,72.28466738064797,0.0010871297675168455,5079,2567.5492132846616,2567.5472772416647,0.001936042996806654
0.24058135713753936,5.088436519243827,3.0846637590755632,1.0294502484132297,72.3732316195861,63.159883840697056,0.003560706643948362,9075,150.81853260770413,150.81255186739668,0.005980740307438693
0.989578894567133,7.476025719388915,3.957642467116702,1.0804585012411223,344.70658952831303,68.66626767235945,0.004416249267800916,9773,4553.051303246614,4553.0432552107295,0.008048035884649992
0.9795519393098026,1.967078947976979,1.799732434638239,1.2942286887707177,84.87320974778399,63.69699995814237,0.001829976735184407,7262,524.5624805705299,524.5586035570481,0.0038770134819377106
0.8144362935172357,8.615072669996007,2.3405348153132293,1.196066043930322,76.11333219242633,35.93819550320161,0.006098388020441379,8818,971.5587617267387,971.5488462930307,0.009915433707940258
0.6934806658737979,7.621461881002989,2.857883912085713,1.4477484349693825,268.33412129398215,52.816427597809714,0.004448553962253699,4557,4087.2545292271648,4087.2446872577716,0.00984196939300267
0.6200263452259762,2.905451006157691,1.1069368088362146,0.8178086307927076,481.0039862495457,62.55883963820366,0.001418154960497909,8350,800.3245220396966,800.3226367158161,0.0018853238805403147
0.8794913908400512,2.30757408771208,0.6169203217660114,1.2957371565807756,242.0581712284218,82.40501938767568,0.007335809783811792,3382,1045.305330403121,1045.2879922929037,0.017338110217259194
0.36049556945753913,3.8466311385306193,1.1876261419322747,1.0312293825565881,210.41652139724798,72.31233897356341,0.007563518504569933,6681,406.1066540362216,406.09321415191835,0.01343988430321924
0.5209130912363894,9.784635274287139,3.3208412956409004,0.9261635562729229,499.08052197602865,54.12727561487478,0.008510242986724917,1230,2922.5765271948367,2922.564379072689,0.012148122147671072
0.6574509724298517,3.311484171103528,0.8312821769015675,1.1572769357640693,289.38603235063255,97.95198657273164,0.005369865398802844,7454,1055.6283227672695,1055.6160211967053,0.012301570564213625
0.470071428282542,5.105144880519699,1.3536336418255774,1.1535446489259973,218.85863310061185,28.623641734378012,0.009717929176010588,2883,884.2067576140649,884.1923388199643,0.014418794100560786
0.48473780868124117,1.2701820314560268,2.0203424856288668,0.8959077200818999,223.6373660037208,36.54438948439747,0.00922657730079211,7031,286.3255297397729,286.31424275956323,0.01128698020963442
0.39725620075187595,4.575047766096093,0.8504152893786485,0.941327239293023,137.73177321507973,47.30500880253312,0.005962164625901185,9876,263.04892773665216,263.0406604669846,0.008267269667569514
0.6078086350160824,6.141880138897925,1.362646720227355,1.0857152654310884,280.5003758513925,38.28576615903281,0.005004567379624756,5176,1508.195641936674,1508.188128130892,0.007513805782136554
0.8655170752136044,9.578121512571686,4.6007140504257995,1.0861679886746207,247.4847626756026,70.0353597444809,0.0010273098511263056,5483,3583.099757545765,3583.097860238383,0.0018973073820807895
0.28137554020568156,5.650624404460579,0.5868460950214314,1.0222906977337793,171.85788335633603,23.16405834690042,0.007398950785653105,5922,315.2288502086183,315.219534228814,0.009315979804359746
0.9409897348780973,8.37196593559919,3.4404436587846297,0.9039816060569867,122.2430389707919,34.19494274187328,0.00608459053644722,2368,1110.3747971036428,1110.3674159014743,0.0073812021685036745
0.7201788883734067,5.924148783120105,2.229840189118332,0.8030615753706857,190.05749090039916,43.467779012688354,0.009437897309374728,3266,719.779960420672,719.7690866925712,0.010873728100728964
0.8409458914120271,1.367065120919663,3.52691932744567,1.4791645436996144,278.9074974594782,74.66766200634532,0.0063480891271711975,1651,2511.4621606732762,2511.4457596097513,0.01640106352491918
0.6005716233670105,3.835074476707966,3.1491127416353204,1.460449460792749,76.24997252816075,90.06919060649024,0.00993570484503457,3110,682.1988702909447,682.1712901208874,0.027580170057236682
0.8015650312816571,6.179945570479929,1.5057443945958993,1.1385552654232947,119.18481286278019,83.87934164424435,0.008684373446769615,4098,951.8293029158036,951.8111215900954,0.018181325708309222
0.11458035760552049,9.555345693380119,4.312442694080248,1.496536227292504,476.4457701360929,34.56647466002039,0.00958238142233458,3755,1695.5486942382056,1695.5293968931187,0.0192973450868145
0.8365423823015817,8.7321732377611,2.7137317217421053,1.2715580315475703,294.28490796410256,65.23246067528552,0.003948964941565351,8548,4555.953011623944,4555.944714743463,0.008296880481210033
0.13612497317682987,3.055200527609629,4.201412085110623,0.8482002763252792,78.55218664701704,22.40181162757498,0.002344023952905398,5048,55.827191025427354,55.82475743044871,0.0024335949786419495
0.9009220387265763,2.9809884701724716,2.3270564128469866,0.8824027393578392,361.88949144630783,44.84294202822889,0.008171849024156129,2177,1347.5187942699645,1347.5083498453494,0.010444424615025667
0.992766472514779,2.8105567040251067,4.931084992618576,1.4412775907087465,77.81129153556563,84.47870358626614,0.008075773926722193,8749,1242.2973758692037,1242.275903595967,0.021472273236663595
0.36466071595910005,9.302490066722529,3.9672021132558335,1.24103654150474,382.49340217086785,56.533257099467164,0.002903040454650069,3556,2850.64918805129,2850.643548503528,0.0056395477619912
0.2892867006572143,8.673995377915485,4.8467759230065806,1.3902285386601458,387.4832247740121,31.995305782066765,0.007882701887214216,7794,2929.2563783086152,2929.241913263638,0.014465044977526882
0.7888270274722367,7.973950890276539,2.814469155094365,1.428788754743691,342.9855390871637,55.084270519065015,0.006237760222372656,8596,5958.71334942083,5958.699527625696,0.013821795134644694
0.32772370682822793,4.534616028018048,2.6316100953081523,1.1135594078976703,379.49204507870735,35.84263403697826,0.001985726304115057,3084,1105.1697929888842,1105.1667892036762,0.0030037852078731463
0.8790061448549832,5.5394263386889016,3.8995421419636602,0.8339681661036852,89.58460145587598,51.45531662911702,0.0055160523781318796,3471,516.9572288046169,516.9502615388366,0.006967265780344854
0.19255833294172905,5.178985703156376,4.461310683560436,0.9317962442281255,377.05124855987043,59.02667781982747,0.009380242007548107,5778,607.7219621692343,607.7080624833729,0.013899685861387411
0.21335967674142245,3.280582968034354,4.838656081395011,0.8466003631117046,111.50974387574733,47.964649000882275,0.00555811790900706,3385,138.45837536860944,138.45141288518516,0.006962483424271143
0.9812363995905541,5.5452524153389025,1.9604835771462488,0.9321178919889551,202.77765827232972,94.95751603470887,0.00809829090598125,9157,1297.578533994085,1297.5638175054098,0.014716488675197825
0.7064550084430042,1.2744689306747903,4.094170582291875,1.0873730485191138,474.2353640752848,65.00242380451056,0.001260189879777609,1918,2126.6708533678493,2126.6685923453924,0.002261022456931727
0.8621985019860575,2.1862933614771327,1.447905189359915,0.8827377673604898,276.293964946613,87.43141391575173,0.007552732715763344,5747,674.6193195900781,674.6068233832408,0.012496206837331951
0.3918964396163662,8.979306365520518,2.9550845603545035,0.9167132734637403,485.34189443735625,80.85828376444641,0.009521536475237296,6736,1907.611763654556,1907.5959774051285,0.0157862494274577
0.708835374568544,7.7651179032828095,1.3093166678413963,1.1120752474501754,90.0151064990319,72.89330474142213,0.005495750064036423,6581,716.0693972794381,716.0588305807496,0.010566698688529077
0.6348176445777375,4.805815681531784,2.063288127876525,1.0381196652719427,264.90046980343106,59.75109986420658,0.004039389217230278,2081,1244.8842450888726,1244.8775461351634,0.0066989537092643535
0.6428351081106524,5.654353260554895,4.691112652429067,1.1273606869316286,78.0810441245918,20.173902702527002,0.006819854543982076,9567,659.9744247766545,659.9651852831724,0.009239493481991108
0.7142792135839494,4.329989973639797,1.1574081489788874,1.1004204194313434,333.5946180796782,69.0774080441667,0.009246350935838974,8866,1583.344863520841,1583.3276601086668,0.017203412174268833
0.6178232558161887,7.667018804446052,3.3458040281083843,1.2511346181859184,85.41815061583237,48.47659624019982,0.0025909268548000865,8623,909.7528990848341,909.7480860700424,0.0048130147917480786
0.48615613237239935,8.057684613088716,3.168294228173315,1.4560326842130982,128.9155111431698,29.420973344105505,0.0046332478902043886,7550,1491.5916807390836,1491.5829497926795,0.00873094640411214
0.34833042494249217,7.869566711828432,1.0433225871904392,0.8755050369109698,166.47363953117622,55.57010108896621,0.0024066125288365707,3103,396.1651674259481,396.1618895617543,0.0032778641937526638
0.7917231978218818,7.5035055235100465,1.9669056969596546,0.8694821045164365,386.9347332490174,78.84426578266438,0.0054698880899790355,6635,2193.324567806388,2193.316062027104,0.008505779283863289
0.3036451870028676,2.8405390482351622,3.033416770318696,1.3969642777636313,123.78295346813364,96.93422357589631,0.005863798117275032,6916,430.8685349667037,430.85240306728167,0.016131899422011403
0.7231188755389728,4.041729813164309,1.342303740448206,1.1544776932567213,430.9844239818805,49.92839128976656,0.009497832532494942,9208,2236.4197296427715,2236.4032899410026,0.016439701768872064
0.309999540384394,5.2286089148530746,4.102806453857669,1.3364835164979096,109.35677247386039,63.41786389639814,0.004712636383908647,1432,565.0532537119656,565.04296106521,0.010292646755579562
0.6627971529590085,3.9771369228489006,4.874704292906374,0.9507953325250971,65.86000208157036,88.0995506690868,0.006102609521857285,5050,349.3201522819681,349.30923812032586,0.010914161642232951
0.772370440416126,7.79446180142496,1.4664172998311242,1.3802038012172861,227.77043853635053,46.71995359600118,0.008967363166487372,1236,3103.58894627445,3103.5707870557694,0.018159218680277287
0.2968425000158853,3.964181718249592,1.3411038415575915,1.4466926369348871,490.7487388870828,31.380579597665232,0.0038926450015854285,1306,1617.515930014411,1617.5085313684906,0.007398645920304746
0.15394897077517747,2.2440887810680343,2.5472078230885007,1.2448381108825417,99.65400250494974,42.55054649861513,0.00706747482070831,6881,113.91952318614388,113.90698178577624,0.012541400367637933
0.21787636869475668,4.5913640684347365,3.8649437471301447,0.8741153150316616,95.77329981783306,91.92982638467103,0.00781445663939887,1023,134.83885295864587,134.8257427384643,0.013110220181562677
0.6453972705439229,9.819229895041422,1.7672027460586313,1.426706369909437,388.02492985803076,32.75144867694702,0.003974754112183085,6419,5906.1741535781475,5906.166625499689,0.007528078458345384
0.864501765603162,3.032932716402183,0.5894595891377619,1.35474140915905,190.4727622971044,46.33768488054257,0.0024790706697758002,1680,1094.735013324114,1094.7300985734173,0.004914750696837229
0.14049713911188194,6.509427930489061,2.935492826148023,1.325614443560143,372.7767277515726,57.17122484002725,0.005526185877120461,2515,869.2702137581811,869.2587000357963,0.011513722384787935
0.7607361331374817,4.896757448557357,4.804702554952884,0.8257097322341409,140.00476524951353,87.7690578792736,0.004211215571199715,1951,704.4866893192302,704.4801601352843,0.006529183945867612
0.40718678135504693,1.6392211088439397,2.260745849331255,1.3592737676798798,257.0323973891733,95.01706269223797,0.0033981618861299258,6407,754.1565791103219,754.1475712091858,0.009007901136052135
0.5306755329275703,5.390889453982536,2.390605493823952,0.8965657073278499,169.38044498701305,54.06482477066039,0.009760791796246946,1414,562.2507396477079,562.2372571403189,0.013482507388984332
0.9359735948610091,7.3194789578348125,4.860057727013171,0.9556703233378219,253.1876966955891,94.55632386828125,0.005519377168313799,5848,2636.0573424519357,2636.0470801798647,0.010262272071038681
0.39877435426226093,5.618979782450369,3.6257342523202776,1.2039943844084804,396.0936916633867,32.91672758862036,0.008708299244590816,5511,2116.7541008102057,2116.740164832398,0.013935977807707467
0.5188032405455375,8.84895457371923,3.7362736527895635,0.9854865410418182,392.90447321494776,32.54818335170963,0.0027578566948902325,5971,2491.4534188175676,2491.449816382408,0.0036024351596940654
0.112314173284613,3.600433149918244,3.0321590241698044,1.2629437444183438,282.09752945317564,95.94006557078383,0.009454984884092176,5985,335.2088440743515,335.18544664772463,0.02339742662682535
0.17343884800435452,1.7762425417356842,4.885741448884588,1.2256493133893571,467.76732967447293,60.77441068226649,0.008149882911121197,8969,811.9343097876895,811.9182501951625,0.01605959252695654
0.33273243202130565,9.429090504922055,3.5998991799150026,0.8757047186092839,168.7028461017233,34.872626828316314,0.008278229405702282,8650,560.8558250165795,560.8460477160776,0.009777300501951238
0.12506701673896697,4.403767145753971,4.527647382223263,1.2592102057140544,158.1401080036549,59.039229646044944,0.004507883876763358,6370,280.1015651032174,280.092537442716,0.00902766050141952
0.6682377934434259,6.1876499630827,3.6472048957994954,1.446768436877451,326.21288052894516,82.65689243032412,0.005370732937699177,7521,4487.448930828292,4487.434738009838,0.0141928184537615
0.4837585211214603,8.128028135171764,3.8080212117817815,0.9127769336300833,329.5836653975551,86.15362925788189,0.006340188933088122,6457,1585.5764146089423,1585.5656415666672,0.010773042275082894
0.5933306824552198,3.918822974880225,1.8068491496401093,1.2179434146600212,70.9430178042383,89.11754053193938,0.008107889825845583,1449,357.52782732866586,357.5091520641678,0.018675264498093563
0.2571824673066966,7.4454808435985,1.8656541410621854,1.039305760355686,323.49997057410394,65.56567224699349,0.00864151076854394,8328,836.7825460957264,836.7676763580615,0.014869737664879402
0.3663388264929545,2.2187696483604524,4.023430923092131,1.1217281702415227,218.49627080705648,89.35568114943042,0.00170240778416741,9283,628.6985359702663,628.6949199607683,0.0036160094980393943
0.6974420273674526,3.621643724849547,1.8351783012645482,1.000900125355279,386.3491363942516,60.802416704260374,0.009136561487798572,7628,1473.0370561659754,1473.0223511298273,0.014705036148255426
0.9687724512673599,2.302395725228679,3.032465318606892,1.0478914454433867,413.6475490453728,68.56479219128619,0.00943746987253835,8586,2347.529300694637,2347.5126305740005,0.0166701206365542
0.14537509624198827,8.30107502561222,1.622085399080159,0.8202382762865902,298.46921879616644,80.69758418173163,0.00633598663921107,3951,289.69014344559537,289.68075255824743,0.009390887347926483
0.9013458887697395,3.003843117041068,4.176425213640813,1.4870862165420544,50.76726417601929,54.03482341684068,0.0026807555192941536,4125,726.5941275917208,726.5879869710229,0.006140620697889049
0.6191930811800876,7.456631998646893,0.997256080524605,1.2373599454509239,336.36461457498893,25.88651897110198,0.008365733494331406,7744,2695.796448499865,2695.7834174531063,0.01303104675871661
0.6075276100800614,9.489685575210872,4.23250987892749,1.1504939133457197,386.9965758496704,48.01330854861581,0.005937288530946391,2537,4270.379015242613,4270.3689047283415,0.01011051427085832
0.5502506816869843,5.749949881619893,3.212284102284208,1.0686007446502288,162.0424698041814,69.91553734367683,0.008354768083447418,4168,912.5231399379287,912.5079700293077,0.015169908620979495
0.16245467731376506,5.860262730346189,1.3410929067218478,1.1775621911768193,259.09070051335493,35.38658957115815,0.00833327313930385,6687,420.3196922177195,420.30640680292856,0.013285414790936338
0.1808891665625446,5.149302112880308,2.9391592347775317,1.0660741991010627,484.5769805353047,31.8708290799712,0.0017805638411721321,2895,805.7818232918034,805.7793201023572,0.0025031894462051855
0.6408208050931775,3.933011290542785,1.771244765813032,1.0519355492455713,184.15199902734656,43.44644356731501,0.006463192855335978,8803,744.8966190588955,744.8868663326855,0.00975272620991154
0.4068627142920025,5.280895278324254,1.9556030062872347,1.1247625792054092,150.41896296878335,22.56891698222571,0.005348298693418492,9376,560.2816242146642,560.2742510002824,0.007373214381855037
0.9255412599199127,6.425267790400834,2.0818761871859617,0.9931881235698335,144.88465571510457,79.47383184695357,0.009515075229995661,2456,1125.3083496017093,1125.2913888584824,0.016960743226957762
0.46593148362352504,9.873924149535934,0.7849366113754442,0.9260349299767499,301.46037545929835,40.6972481750671,0.0036697716273285676,2494,1283.8652274874196,1283.8604461211821,0.004781366237428086
0.228953312832377,9.439881033864019,4.936827579806378,1.1896241287262055,477.40419558860293,29.939071730927964,0.0028540009557183254,6060,2223.8885761765,2223.884164500209,0.004411676290905166
0.7432469501518324,8.759376624638096,0.6419058265905084,1.3899358053052107,323.9105581401596,75.93035327707481,0.009073781704172394,2750,4372.572611359469,4372.550423068915,0.022188290554425474
0.3640180792969089,9.002174821343726,3.481235929329253,0.9069797244081247,186.49540410694698,87.43424100346303,0.002338440120100943,7487,697.1431777172495,697.1392023911144,0.003975326135142196
0.5729232766203038,5.210642649628387,2.1705244149084377,0.8229140384229531,337.35640013035436,21.590047668942276,0.007178675128520156,1173,966.1012128695481,966.0940300195061,0.007182850042049466
0.7280495069546531,6.916998944597183,3.4070463092601453,0.9727682216078254,331.1790339190043,38.68798165929799,0.0037001783245762983,5312,2355.5553641141714,2355.5503721569244,0.004991957247187529
0.9102377000818633,9.055600506425927,2.103117138894127,1.4858044504176675,318.6163110783444,95.61858598956667,0.0061106117994773,4277,7144.32992512195,7144.312164569747,0.017760552202163642
0.8129720753215085,4.536556884922177,3.5318779081648644,1.3801306516203375,121.7417930997359,50.820330874622016,0.006545974895571351,3021,1521.0689775170008,1521.0553519549464,0.01362556205428539
0.7087249610854517,9.655862305109219,3.7815597926076236,1.2171062374700177,335.55505970524734,95.0873650705545,0.004756323537621701,6698,4733.86089864537,4733.849605133311,0.01129351205904131
0.7116698641556293,4.742074558622647,3.6074868817984016,1.4504742406701951,243.57400363152485,41.93700306965419,0.009774684822133863,2396,3045.061626984155,3045.0415032572805,0.020123726874378557
0.951332179628878,6.409743988538941,1.0128289161116852,1.1116953817860713,58.36642638036501,37.44541084575456,0.002186498512764812,1173,509.35926990364356,509.3559289901422,0.003340913501365534
0.3662416877468824,7.388242419451347,3.4560195559460807,1.4882964218026218,292.89401921637284,37.128672938239674,0.004522591801330814,7221,2576.6694717734995,2576.660241701222,0.009230072277811209
0.10100088477656867,9.555328117683445,1.759943972543438,1.0074114315834988,495.1700353482879,26.81829283399506,0.004873557941868843,8551,574.3319721623675,574.3257457925656,0.006226369801843389
0.34475910345837885,3.2015464664703943,0.6296061675620008,0.9682140246611574,207.3828158797926,91.71458308073005,0.006679422540965634,3246,256.79210764739287,256.7797092533055,0.012398394087352015
0.2961022416640696,7.71517880414778,2.3667380235002926,1.2466337408029078,484.5016482433962,98.3868018106321,0.004665337823750672,7745,2247.812323790562,2247.8007856785584,0.011538112003559945
0.6956511266025984,5.68734027529674,2.450943962617105,1.0647077775652523,93.29258374816754,96.36070458173103,0.0018733241023494692,4078,598.7357107327749,598.7317942345942,0.003916498180730766
0.6703404397889762,3.4170142655857694,2.6022836000860092,1.2384558793833804,379.6025521402878,88.16225118618192,0.009526869983627437,4051,2349.2842174173197,2349.2620168906287,0.022200526691153095
0.6341152444342515,7.989461558167515,3.6717087442582232,1.0134968628118801,101.4484975982759,87.75103261207802,0.004744711734748172,5729,770.5589295983982,770.5499011197574,0.00902847864084704
0.11461909888850834,5.970000521564619,1.8897971411410661,1.2325427797865938,173.1072080998734,72.88683737351901,0.004084063544953653,2699,236.92094971131908,236.91224696303044,0.008702748288630302
0.7559002490055827,6.948764385847082,1.9187623089676515,0.9930223824095255,306.878375894956,86.09709695604909,0.005020499117566043,7668,2028.398783404647,2028.3895055934395,0.009277811207642825
0.3911773712369424,3.906109617201109,0.7724851530856727,0.835680448173223,316.750862289537,36.66738914744382,0.0029493611391603024,4091,404.84712268862256,404.84375421544934,0.0033684731732372183
0.698550390105968,5.331465566448445,3.590695471965332,1.4384951313462284,398.84509275537704,51.03301043097028,0.0019019951620178582,4784,5143.860614173401,5143.856481893953,0.004132279447364228
0.6009205856519381,6.556188258892604,3.055217411298128,1.4182436413114234,326.89013325234765,71.26690346357984,0.0023372063119797633,2844,3797.5905795025574,3797.58490247057,0.005677031987395583
0.40845783288511645,4.644197328428596,2.072413007122046,1.4795587044908705,317.12661697125236,89.98170660492771,0.002499893443032037,7397,1904.5662403129006,1904.559213385228,0.007026927672524658
0.221118640393697,2.7853528586293117,3.673350405128096,1.3015690233549833,460.55888914511223,72.8375569895027,0.0027790609439430564,4251,1114.2758063539943,1114.2695545782099,0.006251775784344942
0.18497700789443286,9.654764430837735,2.9181098715209473,1.277904824414712,253.47233849412075,87.12175666673647,0.004779641910035731,8520,962.6869197789888,962.6754905178376,0.011429261151240471
0.8483664998010012,5.603207860383557,2.6116022564174286,1.1913021490523816,151.36960041277476,57.9159612679438,0.006615093421397383,1892,1497.1563787543218,1497.1439340685429,0.012444685779050519
0.9265577878734023,7.605283332589305,2.8009604464750693,0.8881596914467659,122.80486326063361,77.38429901640355,0.006659990542240594,9406,934.0477293289777,934.0372368079647,0.010492521012892877
0.6848092420878696,4.699424742004523,3.363566563701754,0.932464717664489,229.9975685642749,98.39846451000693,0.0010008781260573418,4429,1104.217418553055,1104.2155669328438,0.0018516202113582024
0.19309070337443504,4.196185876231447,3.4700117205856977,1.0026287820707753,370.7387398371631,32.27908457038062,0.0092886190020856,7745,551.6954166187865,551.6830974190184,0.012319199768101488
0.46182449519941665,4.6644786862041245,1.8003101861332271,1.423109453801376,69.1445682184554,94.1536553852712,0.008405624624790897,4644,418.1095731572084,418.0863482564557,0.023224900752689386
0.7560452800946416,4.682769794070849,1.1333451352601895,0.9210786672221526,108.07402392923275,61.78911582735222,0.00967544235492436,6339,403.19123918625144,403.1768207933695,0.014418392881938667
0.8018387956090613,5.897621043477582,1.2048538153573345,1.4460112221415236,97.75105704663774,71.45744245840464,0.004239877102571736,1605,1164.0335058025335,1164.0229939012695,0.010511901263937197
0.20639676006197974,5.891228829832269,3.377258986563507,1.1659500131359921,313.3625688731565,90.22952055284102,0.0069831934902045735,9743,814.9425525911244,814.9270639998067,0.015488591317703455
0.10002764696084418,5.474384342945845,4.427929785952067,1.3008987448311506,159.28909273906982,52.77233380418536,0.0025121867433048743,5414,267.0163779868486,267.01138523331974,0.00499275352888606
0.7409233412925446,2.213072064256943,2.342733252554983,0.8771711406763966,124.81674273562842,53.49540599120405,0.008353297244983024,3513,324.18656691102336,324.1753198862351,0.011247024788247042
0.4209365583875851,5.46467930650478,1.2628407214825808,0.9883234841431376,316.74682388436,62.17454690776803,0.0024523095065893197,8043,876.1613522006397,876.1574216165671,0.003930584072613572
0.32903319845643425,2.5219351037858635,3.904711242322346,1.4709630257269983,392.58946195357066,21.528166759748046,0.003933871307269746,2177,1796.2549244695456,1796.247892145876,0.007032323669641419
0.1116077228105729,2.1352220766618863,4.246202634887519,0.986304962850812,199.46971240369896,59.733294475468064,0.00541751370352285,6181,138.20956994601747,138.2010348839055,0.008535062111982393
0.5862694660853497,9.393811456070509,4.462620994044349,1.0075652042738024,310.19207255446827,43.286981199538424,0.006350785019674754,2483,2558.157490684563,2558.148321994216,0.009168690347182698
0.8660356618833835,6.444550118329338,3.2307414301117996,0.9383181693887557,94.15598593975709,94.23633459134251,0.006036697218580585,4311,694.632186096817,694.6211838852103,0.01100221160672069
0.9618684816453291,6.935410523121258,4.373278517246381,0.8903515657147807,470.8359637059065,27.018823900242506,0.0019188641053899756,5285,4059.9517285706697,4059.9495585002214,0.002170070448492534
0.6091704555519604,4.616143033000274,0.5693673130178345,0.9632803490177986,201.60328339164778,56.74563696158415,0.004795084025774659,8313,590.9335677559152,590.926327658934,0.007240096981126218
0.5630151949659048,9.180828027233778,0.9825611079628558,1.2496288243655589,498.8775619280756,95.79745363018887,0.009306183377852403,9264,4457.762515563141,4457.739745738828,0.022769824313504883
0.176550746940317,6.741374406216989,0.9165923017344444,1.1187574134524945,490.36449013240195,92.0828200254782,0.008851316749766665,6358,829.8199156422438,829.8008946866438,0.0190209555999648
0.5939855213883398,7.922528825712287,3.7067210791462983,1.187629085436529,400.4705522011152,76.10787538996402,0.006317051709291759,7559,3901.766447021214,3901.7532348548175,0.013212166396579215
0.44198117106885515,4.317062221249424,0.8131180259461056,0.885655380136217,59.03019293313502,67.14888415968598,0.006150921179082413,2090,104.99721751038975,104.98811191373504,0.009105596654705804
0.6464217527952193,9.640106927372129,2.733639676098382,1.36148151301403,294.5637141729635,42.45847497062721,0.002005076643843972,5802,4367.373270077383,4367.369381139399,0.0038889379841415567
0.44985371308889205,8.384151611424835,2.627181043863301,1.3488662904058937,89.07638919800517,49.35656902019638,0.002802335070792731,2591,802.8134750110881,802.8078293696532,0.005645641434939223
0.3162692111053301,8.685536167130893,1.8981658560120842,0.8151129377998728,452.81211168268226,27.21078918033018,0.003273757683436865,6901,1007.0466544430021,1007.0432598456816,0.003394597320445991
0.18546874770553887,2.5497484068317884,4.416823264739449,1.0684605661572135,405.3363136913313,82.88866382065902,0.0053937615567142515,9079,597.9020120319173,597.8914721188515,0.010539913065702858
0.3834266001300062,3.4386688708409756,1.266949408459982,0.8481394213798035,487.5531694680573,45.90958143230494,0.007582204432861469,9779,632.793276276245,632.7838931717905,0.009383104454543486
0.18698035085897705,3.5706393971521937,2.0860825297965793,1.3544740455904707,323.77232891740795,73.42255192241659,0.005146528200438324,4649,628.2756980807552,628.2636090740923,0.012089006662903993
0.25920725574158554,3.4381830092218406,3.983771750103181,1.316088778187993,284.9777620179521,48.60758217588908,0.00213454937653658,2565,949.6175010796221,949.6133263114887,0.004174768133456244
0.9886025427215913,8.698673458938591,0.6369004147697791,1.4313916660052093,283.53823517497443,57.14643531170101,0.004954139893102425,4609,5361.573280437478,5361.562136689438,0.011143748040253499
0.4996932012159568,1.286963156877329,3.528276801108659,0.9654827712671803,223.9017685044552,64.4001977901116,0.0024636992837399957,3929,502.19378892030585,502.1898783998565,0.00391052044933703
0.5786845898545149,1.6848999008269687,4.173789768627068,1.1194071181894591,260.91053025311345,84.14819267124828,0.007760326165235961,1721,1108.4507850198063,1108.43478813196,0.015996887846379086
0.8862566758634939,3.4652338356691335,4.6952052747717525,0.9291415140150785,335.93566241090764,36.89251020325443,0.002498507743641211,2804,2097.459318098659,2097.4561401838428,0.0031779148163085425
0.996012010441619,2.798856771844993,4.4433348822116825,1.0598644541318836,469.8264234003247,51.90123094638851,0.005342805905900111,1654,3806.919228077058,3806.910626441905,0.008601635152905405
0.6244430044102134,3.0867365249456356,1.9372285257515833,1.1655702760968187,318.147952215214,30.406525751345406,0.007240722423949838,9336,1355.966620540176,1355.955614789062,0.011005751114017326
0.8312264389397546,8.1814887032797,3.1386386359532867,0.8373315528870123,435.7021740428152,26.060840393700744,0.0030537825755068775,8684,2874.456815686938,2874.4535922753143,0.003223411623932045
0.39424692190300775,6.068139345028422,0.8478207191770963,1.3004092874741697,438.2509600861253,68.37394849350335,0.001684270968735938,7453,2020.7127509209474,2020.7090631246665,0.003687796280923168
0.375169561702562,1.051935951636712,1.6604150159660387,1.1803053522597526,283.47470413171663,35.127283548712214,0.006069695284672739,5239,401.87131338929396,401.8616327439091,0.009680645384826051
0.4624333488951042,4.863904891337757,0.9240007043637832,1.3802713120474714,206.36133867392974,24.783947354087907,0.0014878239715395327,1892,1052.2741515015732,1052.2715889375004,0.0025625640728690136
0.7052565364062843,4.670964341653231,1.9183428056928373,0.990246350833838,337.80824299943646,91.76783449651244,0.006289917786713513,5290,1539.384061343037,1539.3721169528037,0.011944390233277308
0.7139725203295889,2.0255074250008915,4.4383424605642805,1.432324773688478,250.64480386167924,62.74515358283167,0.007781486838275814,2660,2373.1095725765604,2373.091433626074,0.01813895048658506
0.38371549118450576,7.085276097413114,2.0622507785343167,1.4990859771213103,86.6483902948698,30.770256592238773,0.003963843925050759,5913,683.4890271340291,683.4812565785855,0.007770555443576033
0.21988893172296584,7.31887469541542,3.0285414635064187,1.443508906864372,220.01409519459514,24.27409019580398,0.0053951446817262294,8336,1043.106750084514,1043.0970716936774,0.009678390836704008
0.6691566308189577,7.488038971468879,2.4502138165172336,1.344524733083208,497.3324621221962,29.588804273092492,0.00935885654402452,8350,5978.929168816464,5978.912862379777,0.01630643668719044
0.21549327596988807,7.556238510027328,2.565124359344309,1.3686581620116465,71.83034151182925,57.70697922564913,0.005239979777579972,4920,293.4859874208259,293.4746770845928,0.01131033623306972
0.620643257406397,1.0004754423906712,4.863074233264512,1.2016209697812106,363.500110355417,73.47722041351182,0.0099689865525405,2299,1910.05960461266,1910.0388238748073,0.020780737852667354
0.724079915250678,9.5852872346205,1.8326951071873607,0.9331077040388274,428.5349172820612,71.30240599888364,0.0024130217022190563,3523,3084.7940575381926,3084.7902004775615,0.0038570606311163036
0.7305503467550065,8.327878903491968,3.322960112854271,1.273928479603402,341.9266565639204,31.55384690115988,0.007380405122349603,2660,4723.147876865467,4723.135508030339,0.01236883512737969
0.7781248995936371,9.135835269303568,2.3902820131075115,1.2989271014419521,306.3867040234805,70.6791161470167,0.006873567383775286,9625,4636.3183160125445,4636.30307733224,0.01523868030463282
0.8855734794090981,1.1407896577669072,0.7751578147145879,1.489769598187534,368.3994876404409,52.38924993740795,0.008850743321736946,8630,1387.304269684968,1387.284176296302,0.020093388666009872
0.5499630927683096,9.404729162071654,2.701988742309062,1.1789109213794253,243.20423178484504,57.1795027439572,0.0018319889079148667,5512,2250.576259068618,2250.5728643815864,0.003394687031897783
0.7572242705766141,8.288096758192943,4.160044980702987,0.9899583105175395,91.11278178899454,84.11443249962537,0.0035218593235163504,2858,841.6770403966028,841.670621258134,0.006419138468776872
0.6572554618292531,8.534972286628287,0.9443883590675977,1.2785707652176548,483.0672894365218,46.59994981437107,0.0021896130318430173,9902,4920.064350700883,4920.06024652503,0.004104175852368449
0.26797594581791434,1.8395864624977167,0.8131633132833904,1.4855630737665182,244.53534649288824,31.7599237730683,0.009397856100447294,9329,383.6513736987652,383.6329785535126,0.018395145252609393
0.12312068038246736,7.649002260267379,1.1913418417697,0.9240497357883658,349.4251567256079,89.87625068530724,0.004839717921807315,2753,324.755410694013,324.7469191621285,0.008491531884493976
0.3560872471092404,9.639250206778819,3.9398005012518773,1.0281985429749219,289.08969660018283,36.97044606930704,0.009190592609815623,8335,1477.8018829824885,1477.7889396123774,0.012943370111041984
0.4987303357038575,7.106926072763446,3.7579792286513207,1.1793166676408768,74.60288238989955,43.522389644371415,0.0036496629492294044,7277,562.2286635514175,562.2224861922646,0.0061773591529243705
0.6553953499857906,6.135052641621458,3.0425799600774974,0.9191502444174035,478.73597044664234,76.5272047122098,0.0021373129122548673,2184,2432.784930177725,2432.78146228016,0.0034678975650030384
0.8649633974528849,9.510667099740973,2.607018818416846,0.8155544476639569,406.6417517514455,74.68402536460859,0.003668835456874148,7927,2834.889340165935,2834.8841133839423,0.005226781992659251
0.2766211450355491,4.9864340956099245,4.497466166161799,1.0358881857088755,117.09405251122772,84.0320017027063,0.006374569233952442,1733,329.64687251611485,329.6347202555698,0.012152260545061886
0.2129948109086294,6.393642096794308,3.950140207250671,1.4057595610507407,491.74199432972006,34.709331315835286,0.008607093326061318,2851,2140.9725114864127,2140.9562123258374,0.016299160575255277
0.9671319527268948,5.287044641449295,4.153740130858123,0.8304278795266005,381.60561747726854,48.18239146513626,0.004468516239024972,7520,2402.7767676228723,2402.771268899637,0.005498723235063567
0.1972401034387664,9.395615992242693,4.159680356077944,1.1002503413118423,262.54474269273896,30.070659116500885,0.009233277933281358,9586,849.762069414473,849.748855643915,0.013213770557913717
0.5306419630964703,1.6847625408895652,3.392227196355011,1.3335405410482577,325.11652545180795,63.283131773488336,0.0031980885371013586,6291,1557.6192632258796,1557.6122995583598,0.006963667519763301
0.6270073559139717,5.5100773074281335,2.5610658094217564,1.4672278178376197,98.03150690656888,43.4056474030961,0.007241866185733903,3517,1068.0083881955243,1067.9931506750365,0.01523752048776076
0.5872369788166945,7.182571972468945,4.391049886635427,1.4898327793031025,302.18517950702494,75.11485128068502,0.007621420154340451,8589,4558.613688581558,4558.593804917858,0.01988366370012223
0.1774289413296489,8.127158845800132,4.667033379214628,1.0953785664261193,83.14748240767673,20.027549438763288,0.0034656662739755446,4327,226.4767643700216,226.4722078643194,0.004556505702233532
0.15132422260325742,6.247167826997227,0.6071271946625436,1.4652690060653824,295.1848657036859,24.77463987676634,0.001242728904704747,7124,657.3574053879383,657.3551333264095,0.0022720615288263145
0.19493508471493212,9.180259697093085,0.7319969296981308,0.8247932812966047,298.7130599432534,54.60482404154747,0.004287136078456799,3066,392.65672035814896,392.65125352997296,0.005466828175973848
0.6270289154853512,9.477923021954846,4.814344836087968,1.3221418565989895,443.49745332233476,96.65473247804547,0.0014067653257552248,1246,6947.622029497412,6947.618371830852,0.0036576665593890797
0.589910398870889,1.5788730087422516,1.7472227622988765,1.249922224243529,376.2758751225323,91.26811098873463,0.0091067839786196,6324,1153.4568542307372,1153.4350826183547,0.021771612382472993
0.3103667128330698,4.6213348558723695,4.4301624784223845,0.9746653003103066,162.29857649680403,99.52072224495866,0.009581727366406523,8587,433.15164423671007,433.1330110419881,0.018633194721962936
0.6739967276610325,1.21113119549039,2.2495780353263117,1.1551229504757543,449.7917639845356,53.34641798912359,0.007618419243514005,4138,1399.8935425124387,1399.8800477042257,0.013494808212918364
0.8380607518500844,3.9647499163699864,1.0359502592421002,0.890687616432347,307.9591991816026,23.725478901900125,0.007540161267824506,1341,1023.8913010846577,1023.8829917702465,0.008309314411244509
0.1374210638619344,5.831813961735419,0.8619944009420042,1.4101180056660927,322.87076535831517,44.47649136158099,0.003168034024705576,3434,590.569435801853,590.5629816009239,0.006454200929224082
0.5483169491932381,9.19715437458954,1.2042855458620543,1.0505286598819537,126.04161614998024,74.06166817391612,0.0016653301890227617,1341,793.3349291796288,793.3318840106186,0.003045169010194528
0.7203793708924213,8.618988902188626,1.6245193769031412,1.2382311293260015,435.9981181861013,30.81310478139322,0.00821894172274825,1107,4932.864810844127,4932.851498060525,0.013312783601503215
0.3270807343627184,2.1474975400478717,2.698332592688718,0.9111434004010837,468.9343017574448,43.99777430080008,0.006032457383980309,7820,617.0412391573451,617.0333244151028,0.007914742242323167
0.3769938147638342,1.8372733726680615,3.656740552546026,0.944315391241845,398.7457922727087,24.493293163588696,0.0071346477770845755,5728,736.4769798318858,736.4685922734042,0.008387558481643173
0.6522741126904454,6.303406048810003,4.93879359418385,1.4943694595622063,473.3386036902528,57.99736307121874,0.008016769612776071,6093,7751.225800841181,7751.206872732321,0.018928108859931358
0.9081417640993632,5.789061752129044,2.4867803448012697,1.3271604761089306,186.03495685505564,36.713654215607036,0.00468490842057042,6521,2462.684520073665,2462.676019730926,0.008500342739353055
0.8289319782726094,3.397398772870215,2.8318322405439944,1.4733803088418496,437.503625763247,27.29984215192019,0.0023009193098048595,6226,4904.165215923113,4904.160900293988,0.004315629124547634
0.6248171971896251,9.095077760984516,2.8481706562246503,1.0070958156484309,270.00191428868413,52.897264758598325,0.00815533119426606,8802,2043.5559616079106,2043.5434038498822,0.012557758028322265
0.7571995459815243,9.346297685153981,2.927454599695712,0.9151940136338743,123.76274132461322,48.098032349932396,0.005083890753055667,3384,963.4009423347322,963.3940517088886,0.0068906258437002425
0.4283402231870188,4.623502945061464,2.82983295697008,1.1521479244351818,350.9602695650305,63.00141895563939,0.008442318077703395,6920,1487.3686411079157,1487.352786287118,0.015854820797522054
0.676868975288882,9.012723014021683,0.5394863977786302,1.1462677975591404,357.8541218176455,79.92309242509113,0.004939292320840115,9800,3040.101656276414,3040.0914694776156,0.010186798798245324
0.5195634320148013,4.455540048366753,0.5077616994942832,0.9224625596305915,179.11603119051057,29.005498914120416,0.002953147676115755,6923,393.0475500830882,393.0440357563566,0.0035143267315850147
0.2709425228118048,7.6313514864673015,0.9394984315675532,1.3132536987069872,62.37199923240653,83.29004721680067,0.002539045149884041,6468,249.80355597899722,249.79744433653784,0.006111642459374044
0.7315644464895315,5.283479957929517,0.9570047154313047,1.053244274107114,139.9312665885035,22.10319839001441,0.007695295809032511,8696,708.6796392092963,708.6697427130166,0.009896496279675853
0.6008181736139399,2.103248408564647,3.672036090296582,0.9304556616513622,229.89989645324903,55.448152199667824,0.006174002105145971,3739,690.640751710935,690.6318217816446,0.008929929290433222
0.4227594237582323,9.351407811133194,1.4221221463219988,1.0323883761803019,125.40330997694085,66.99442295087056,0.004641426104182179,5823,608.7685969090965,608.7605949465557,0.008001962540797276
0.9202052710707677,5.086869340397829,4.526213471400258,1.1945610897445107,137.31347670782188,96.5598938511838,0.005429050805721989,6060,1733.3269376512133,1733.3141900878538,0.012747563359490503
0.11884070604405994,7.610383362901633,4.678728483096588,1.3085296525263104,226.1257989720213,65.91384214957198,0.005946747447578859,8040,565.474320569754,565.4614099918069,0.012910577947118846
0.38419583612454644,4.30456432988163,4.891520020531544,1.1373236202402393,482.80397643885215,32.699935461711085,0.0031547479764321646,9402,2206.4571255014735,2206.4523642684094,0.004761233064254305
0.1511932579998819,1.169927907186112,4.725865871991591,1.1679164928798615,393.90958193344176,61.403344427512735,0.004403490217279203,9477,478.96344066440304,478.9551398375167,0.008300826886365313
0.7898745845994645,1.904773228226523,1.7234974486333607,0.8972621551599239,193.88678055195385,51.662715775313295,0.0036317031859876155,6838,447.35213758129737,447.3471955154689,0.004942065828456217
0.7318967087024134,5.465975315409319,2.7939958011658064,1.4402836472957625,478.2218310133467,58.348445408019494,0.004495814620710646,9685,5997.28272544212,5997.272471987133,0.010253454986870456
0.39821699686268536,7.209679214137261,1.2895473658862344,1.4501069385944312,340.5410565164297,35.76776117272698,0.005505059921661145,2017,2423.654347266663,2423.643509027314,0.010838239349327579
0.7080966119863658,4.012617939213512,4.127943448275949,1.2783986132926026,254.95234008806307,60.06616338490175,0.002560217851489293,4490,2401.8141751646676,2401.8089362328324,0.0052389318353745565
0.4563435035763549,7.259396132598853,4.497942673148432,0.8123419862538174,260.7350895298162,32.00318114327015,0.0045416355638399925,3884,923.1674427178607,923.1625726436405,0.0048700742201646646
0.7806284122801909,7.287720304887604,4.330799776838817,1.1759519511323282,234.83501052592635,79.52344645526959,0.004469449989762312,3814,2945.3611689487693,2945.351733450564,0.00943549820502631
0.5087652964630355,7.335423165950478,2.450151269135757,1.2404532804620294,154.84642364567287,67.51250081804783,0.003574034351580365,9714,1186.228971908408,1186.2215453712788,0.007426537129232597
0.471051755048499,5.432696686184576,3.9140324810905143,1.496257956070677,223.98448649616756,26.282215327342662,0.00998646692322207,5914,2207.8160266039013,2207.7971570978148,0.01886950608668214
0.9412569239394709,9.233975351093536,0.9391062630932125,1.4972468686363578,287.55337281952666,91.16915743431838,0.0016626475809486225,8915,6172.574499344279,6172.569740390965,0.004758953313687005
0.3257911899016302,5.40276866182554,0.6811014677866281,1.4003278647278903,287.61230782859946,69.31036836925107,0.0067865602535716225,4064,1117.8729575193925,1117.856867261881,0.016090257511422797
0.20840260599690888,5.052386741469744,3.889563864389424,0.8446816944182796,392.7816059956331,45.28856441022651,0.002569947458827921,1589,522.2462630829555,522.2431091768527,0.0031539061027890834
0.6260888019335124,2.794427371095643,2.4140987344790767,1.4672934735451109,211.45903572080866,23.651391962184825,0.008555715903566642,9826,1484.6208018353138,1484.6052789535095,0.015522881804468463
0.972389631055761,3.7688957862070285,4.979971691328061,1.2288628730063993,372.5591131867786,70.57813566173064,0.009227768824083708,9399,4786.256291545952,4786.236948561054,0.019342984897506188
0.440055292354468,1.3810104326647301,0.9376439713498959,1.3606207393354257,310.1413274459081,49.87522090786695,0.00461330184348063,3233,585.8467951360565,585.8373875371353,0.009407598921160384
0.15583308726590336,6.701817642545532,4.350324566908552,1.0850349947800975,482.83043203707547,92.60944839027901,0.008411306044786388,2313,979.0301420746832,979.0125634550936,0.017578619589568814
0.4053747405786107,3.236821695343836,2.659923794880463,1.0237686298642128,223.3782167152922,22.790226617133964,0.0032491850441505443,9169,559.6502372200844,559.6461527091384,0.004084510946024817
0.5553384888876026,3.737397290369186,4.2221758797674465,1.1242709018386656,455.5474089173556,23.128194827379467,0.0022606165659633543,1970,2545.2099324317855,2545.206803072783,0.003129359002923037
0.24573070596899235,7.937330694978891,4.177072769765652,0.9028121590781789,419.28914628423024,95.94394295255483,0.003842904397623499,5706,1017.355607971318,1017.3488098513728,0.006798119945171926
0.6922919962508428,3.944990648453085,4.621964006129348,1.0499462971273144,336.9489280652556,97.1899156543605,0.004075066125019426,7589,2203.0060694157373,2202.9976324468457,0.008436968891675953
0.9979744501091806,3.1797630281182796,1.8403250507874624,1.400332249837795,344.53151003395277,22.219378141811088,0.004576217903070211,4185,3384.721139907565,3384.713307814194,0.007832093370635443
0.5065655283832995,2.5215197422033517,4.774097090579014,0.8265653403826171,88.0924705728848,77.2826587953062,0.004356630477620369,8264,222.43508243269793,222.42869841367838,0.006384019019556528
0.4192557010571914,7.973725619637603,1.1825013216092912,0.9056146327772232,477.60107251704454,37.719588186307234,0.004700300075654536,8126,1503.6590554672969,1503.6531932119487,0.005862255348213776
0.46063375015102,2.167356321910242,0.8688594991707074,0.88758131175464,98.12122857308476,76.1114213028858,0.007390300292246171,3375,108.12200084480924,108.11044882946464,0.011552015344594083
0.20363156055568102,5.083783842253181,2.4422698281755713,1.0821528798901596,303.4549889345782,89.49862373263869,0.0032102211957916174,5444,544.6144639527803,544.6078808651287,0.006583087651607535
0.8949462412836015,5.56237104469475,4.227453358888292,1.4978908306236032,198.53186020211953,28.066518308982033,0.0011671803618860952,7450,3902.6772426835223,3902.675003685362,0.002238998160468098
0.4733430899692168,7.186509214171432,2.630395087850505,0.9213505511479679,243.4333902304333,39.10131334096336,0.0054071249624314454,1198,960.2485951505961,960.2416653212954,0.006929829300664775
0.4485469702823572,6.699551340996959,4.231790048887314,0.9018378547194822,324.58235487656765,21.926213466119584,0.0050346211978437765,4248,1294.389768120845,1294.3842321684415,0.005535952403449946
0.6937212456374269,8.296486056506573,3.7835906260743735,1.440539010843308,458.98312004704474,23.506387635555264,0.0015405849085908742,2147,7981.813884449956,7981.811143506462,0.002740943494571428
0.49783007883801117,1.4027629053361435,1.442427737625201,1.417435361876176,255.90520560753566,22.369428657421935,0.002204212613512724,6276,728.2498967156451,728.2460734922166,0.003823223428575051
0.6834101219270614,3.6679665230145746,4.769967312047587,0.8225682589975881,494.4782998878985,84.05458851411316,0.005589288052164045,7750,1929.3479536604482,1929.3394916201692,0.008462040279135056
0.15530166111770877,3.5212070689784176,0.7735152588323153,1.3261941721255206,316.7654294081749,43.86341427446213,0.0031127568401762137,5706,371.59523852728614,371.5892996729366,0.005938854349560493
0.8323510093500047,2.314152150328974,4.542258683947077,1.2588259910335007,122.24927418897852,59.45691516575913,0.008898384647273024,5035,1105.574597078421,1105.5567354835703,0.0178615948507525
0.9464535575914623,3.602604284707988,1.869995520456683,1.3374185668968963,135.50418267406351,83.0275410877613,0.0025596323781354566,4968,1255.4012689972687,1255.3950034156983,0.006265581570537024
0.6838888475434474,3.7878878272861307,2.7506663742397968,1.1461517183571455,372.24996601516295,59.595493016537446,0.0011811036866366464,6054,2186.6867093692167,2186.684548886693,0.0021604825237967864
0.9591093359729297,5.696960157347305,2.4005834271533053,1.493965452913807,72.67900740952179,54.33568500996769,0.0050280739245195435,2426,1259.8403280414677,1259.8287347017297,0.011593339738047239
0.23628908293296697,6.9733403103363045,1.2732555061261228,0.8306929130976742,266.1537093000021,20.925856519156703,0.0098754679954743,2841,357.88536430657047,357.8754441765714,0.009920129999040345
0.5296745705323184,4.429904622506327,2.111660898807619,0.964060110482664,116.69859941158248,65.44316020294049,0.006704852736758288,8287,375.81754224933155,375.8068482002173,0.010694049114247553
0.6416260605509025,7.4752320818204305,1.3682049633175788,1.0775821908815306,244.94838583003025,29.979446250966912,0.004186267491357321,5863,1613.9127544591363,1613.9068910248423,0.005863434294099068
0.6235629826790681,4.02548804721622,1.4174891395723574,1.1148445590959923,387.46283993227377,81.1718592632821,0.001151812103210725,7174,1634.4669850012801,1634.464658588914,0.002326412366138131
0.4613156011801389,3.612553095832843,1.3417557621187115,1.4449571818896632,256.4658177086454,40.61901790520157,0.005364535957680041,3144,1223.839689333831,1223.8287892158414,0.010900117989564945
0.40427596842963526,5.870692502713219,2.700578211559674,1.1920030548540812,123.55299904141714,73.9349928646924,0.0028581940192458724,1704,608.3246252776798,608.3186993542133,0.005925923466514019
0.21414162029537692,1.2134472427521155,4.09069115380092,0.8315776968642757,163.36641666048908,71.69788222597435,0.006829786769019815,2069,128.32680572248273,128.31705414409222,0.009751578390508392
0.45256820550605037,1.7181021127060032,3.0603651519255846,1.0855040743979634,215.39281489348207,69.3340482344016,0.006247076443581712,8728,548.8780567716407,548.8665738455558,0.011482926084905155
0.24639473359493663,4.7617258922787435,4.519429648478789,1.091543288658349,81.30253256888662,41.35616060297541,0.003386923978484665,7480,221.5285570790709,221.52333117837108,0.005225900699835896
0.7609291088429966,9.486214402525809,3.364450198595259,1.4758436569064493,312.9519362365048,41.36718217404545,0.0016199446079680447,7817,6665.432827049951,6665.429447264601,0.0033797853498803696
0.287947841945131,7.493606018590812,3.60203052034672,1.2194379637147756,323.3902060751226,89.04384347530639,0.007795172782363013,7428,1536.4464044600616,1536.428434463429,0.01796999663258156
0.15270877475608047,1.7931391255050197,3.504232533771514,1.2449557498112571,77.96836720965536,21.02458661043416,0.006269176851336481,7277,97.76708531649791,97.75763953175154,0.009445784746378144
0.5971295240355109,8.616862115027864,2.522566369326835,1.2992771218758896,231.04009452837292,34.52181067631663,0.008579136245577657,9960,2594.3281058312004,2594.3131111215557,0.014994709644658249
0.6357067594474615,7.590706935473629,3.6020246999003724,1.3390275209774862,236.3003072981262,68.8136734113588,0.0033382001407304468,9451,3014.652790896803,3014.645245023751,0.007545873051477525
0.884721755152455,6.498518731323879,0.8136848591103252,1.2445357491417424,200.21880584867054,85.36370035225359,0.006875758583023709,7646,2006.217591746353,2006.2017299384365,0.015861807916573798
0.6192834511759137,8.382636645482595,4.369331623620484,0.9660360457937549,300.9828831490003,48.66764069382869,0.0020681245047581647,7735,2218.174665950281,2218.1716957450303,0.0029702052505161283
0.41093276835110115,4.636988629686614,4.000154645497628,1.411832140038815,205.6808705270503,72.275476688864,0.0036262891712515936,3943,1455.135916863837,1455.1270968562712,0.008820007565800028
0.8227106933736885,2.9935094576846746,1.6035348120425548,1.3124838602874411,237.3841757650127,64.5725135696189,0.006908852006896327,9275,1546.5705180732793,1546.5555950380678,0.014923035211418304
0.586251003868679,5.608210501978834,3.9561460441433707,1.3193093395678692,408.8855963487225,25.163208358562834,0.008430231746303139,5505,3990.5794144140777,3990.5654936575606,0.013920756516905908
0.17135225616807256,5.939575800341264,0.5568917063000832,1.4975897174643245,122.94920994359065,69.74001575445425,0.0038883295156901224,6275,306.96758910125436,306.95770493254355,0.009884168710796991
0.609265504281922,5.844937348089209,1.4776095761639618,1.361768574404321,328.6016128865394,85.11227778179948,0.008189682009008513,4561,2718.619059326232,2718.5984147690574,0.020644557174595908
0.9172166908794962,6.085664123320948,0.7931175740190317,1.3804059822086072,277.5174807608805,99.39586562395274,0.007099772142459543,7471,3336.491553087228,3336.4720111599527,0.01954192727557842
0.4566813629483985,9.538344264152627,4.011021124780526,1.465983860997111,187.2822368657071,22.37120581213783,0.004138072943568399,3393,2490.5112274258713,2490.50380396249,0.007423463381018757
0.36669322170982005,9.120210607866083,3.9014336803027425,0.9057937998942257,377.3905954206848,72.80465380670944,0.008887572439699955,7240,1478.5041797927427,1478.490268485852,0.013911306890494869
0.22912251131621805,8.881453329030455,4.161362107108238,1.1484091635346476,298.03476179351657,53.16396425183697,0.005583061594318881,3684,1174.6350633156121,1174.625242995,0.009820320612179483
0.2363009697418216,8.212751298177645,0.5201676199648797,1.2063969165135513,264.8126871323129,20.783031096496423,0.006834221402914741,3230,795.3340846095363,795.324126309964,0.009958299572336902
0.489494335907637,9.490852965387568,2.755547270052836,1.0304930104557204,350.45119164704005,69.14887549668092,0.005460682077131322,4747,2230.8769414503877,2230.867423113809,0.009518336578717753
0.6361118417453766,1.8864517751146292,3.671762888828014,1.3875823407261538,411.0306385916124,29.794183884450838,0.005074479644416913,1895,2798.0916696744002,2798.082530530599,0.009139143801450136
0.17255386465264158,3.3861093530116557,1.1993050793255695,1.3336937351520064,487.7009555151093,50.28534801513093,0.008631799455149709,9852,686.4044012459474,686.3871001308946,0.017301115052790667
0.9456117301226492,5.455503510891264,3.424058273806811,1.3046181521556868,333.2076657693681,40.90936739907218,0.0036523397353476323,6040,4761.971750510592,4761.965036307862,0.0067142027296676985
0.7796202557006764,8.618810438110646,0.8784954468935857,1.4980046078307168,443.4979934301723,48.89307218168795,0.0013296630012735221,2110,7368.883195037405,7368.880229323697,0.0029657137086776465
0.6279615264552965,5.546491403704592,1.3159663524694092,0.9815669613858734,50.49119346033063,59.41564652007597,0.008918043791904652,4745,209.6510921145943,209.63713741546033,0.013954699133966427
0.8455948038450918,7.732312654074298,2.6410856674757044,1.3148200761727948,288.60606172665103,48.73676259916116,0.008425215577460649,7823,4376.461346790512,4376.4448702635555,0.01647652695669915
0.17216808113090196,2.250639147240246,3.441043187064959,1.1859831324341303,146.59139694658913,64.21854964716314,0.004299044271126515,3137,202.05834756029168,202.04997472318703,0.008372837104653473
0.5291549899598119,3.2717243167890415,1.1564110712925324,1.0190924277457132,92.38660568741173,39.0919752186283,0.002669060248346901,2840,224.82637360127097,224.82259027299474,0.0037833282762226974
0.6670838141754971,7.585984855339051,1.3335049887392205,0.9124108095061881,289.38695767897644,70.82894139427053,0.007079802787436239,2910,1433.4533357089165,1433.4423006912766,0.011035017639812687
0.8457876155064603,2.4826060799895164,1.4200086517954835,1.427118685947283,386.07192776709235,88.30104032998827,0.0017088481327207534,1742,2595.4112277835948,2595.4066356313256,0.004592152269240724
0.805122604044341,4.162203411894341,1.574153621145403,1.2168188378954918,235.52263511347087,37.92536375321699,0.004813792799849277,4160,1610.589536134842,1610.581457137681,0.008078997161177853
0.3493623247420597,3.383796320322143,1.5194923183683104,1.3774536863485562,351.5483522049957,60.6301772684498,0.0017727608938602805,2316,1142.6259865083002,1142.6220640863812,0.003922421918909136
0.9467921526032839,4.148755248002306,2.2781709882393653,1.1817414888010813,270.37366422842746,71.8951827639911,0.006381187077958866,5541,2297.575377120333,2297.5624146532596,0.012962467073540365
0.21191125728778332,7.374916441701733,3.442053428765253,0.9539839564578138,246.6886396817417,65.17009049707329,0.0012448754542866698,8566,514.6270332142263,514.6250716687481,0.0019615454782373563
0.887620256759037,4.31062463028521,2.4711430241051136,1.0362841691702278,180.61548819613728,49.25195569537807,0.006663145380708805,8681,1167.5800387606444,1167.5697330443336,0.010305716310846896
0.9738462246441567,5.997369903471462,3.9918825893744967,1.0670771897314826,222.16708152545203,71.37597664045987,0.00705885015960457,8007,2460.917396849654,2460.904488231858,0.012908617796016287
0.25943817090036303,1.899386893489687,3.7367082767687667,1.4810543687525917,207.40803385749254,22.2596964968061,0.00538430027162636,4805,665.2519162421058,665.242166714204,0.009749527901820394
0.7498594577834068,8.24515923911165,1.0693711132208406,0.8039432948669678,340.7842328066967,49.59249855971464,0.002575065963678507,9108,1538.4097996452417,1538.406702770842,0.0030968743996048266
0.13625696690019862,4.328997630833124,0.7197873049433476,1.489966216117155,102.20833007561279,62.60897717128025,0.0019125454476448653,2731,156.0980996119608,156.09346586084806,0.00463375111274121
0.4648805426252395,6.836807431300082,4.450737037998228,1.4863231445768814,91.6863659095127,21.649052706869174,0.0038196311332330296,8409,1062.857168642214,1062.8502623747038,0.006906267510292526
0.5646549692779066,7.528506414956494,0.8592397995329304,1.4973055533710955,347.0058473938072,60.61190637474398,0.005186860116400112,2567,3684.576435679925,3684.5639620542206,0.012473625704195994
0.6225807033186707,2.8869482990053035,1.1675263132387088,1.1336117252437443,295.8341314454963,72.34035686125027,0.006779874851603601,2810,959.6506742015856,959.6374285601438,0.013245641441817729
0.9423435234237035,8.96207486458015,0.5995997400115313,1.4746662787346998,243.5900435341959,80.7366158170436,0.0010112511476664966,8874,4772.989588658276,4772.986893409094,0.0026952491822883227
0.7050256185647752,6.546018264462576,3.327513643843942,1.0769194272948792,118.5992979835566,29.06992651275443,0.00739957527311827,6123,957.482045639051,957.4717603839732,0.010285255077747456
0.5331501560973133,4.858526275763333,3.1206675342125685,0.8184061084678708,234.96220034119017,99.2451899913356,0.007414407389127489,9796,669.5023757173171,669.4902855265647,0.012090190752480337
0.8287075326393004,2.6410166522039757,4.941066498958651,0.9570430304602352,405.3792934940052,68.49341610680764,0.005000840258432499,9669,2333.0058178871914,2332.9977537597506,0.00806412744068565
0.9554795388589681,9.48070844111086,4.491195783427274,1.4617073714561692,450.32955610516564,49.0555034089864,0.004090658011731566,8280,12844.837619654474,12844.828707111728,0.008912542745376182
0.11985953381406177,7.795613837184626,2.3487942986640937,0.80963528533478,366.1594564838991,39.927428356537106,0.008580777082033229,6852,291.852133928506,291.84241275041404,0.00972117809197396
0.9842691450304348,2.87222106459924,2.1721362841064074,1.1821958947960824,76.96047914639637,65.83174893467317,0.008061287338281053,5705,534.0466864480496,534.0308826478863,0.0158038001633066
0.1775189251573123,4.039396972518021,1.8358341542599328,0.8529211122262754,351.68439947050337,90.53693177332566,0.009849484796659516,1141,266.8495655165329,266.83355882608595,0.016006690446916987
0.8329481013418852,8.28706832279266,1.1858311401704662,1.000477604899305,158.44351529583255,61.64523169130918,0.004347377248050569,5655,1251.3895479851449,1251.3825173008336,0.007030684311400417
0.35230127729627125,7.26109896893805,1.1213764547090408,0.8616649954983207,191.86305936188228,72.91776444839682,0.009161493443713887,3098,420.6964666253971,420.6828162580872,0.013650367309899833
0.21896169197848458,7.892058634441519,1.0952766860432244,1.4016700347791395,138.14294358199305,48.615715163244815,0.0017866169730365706,6389,534.0997762794588,534.0960545741647,0.0037217052940322006
0.4958700757424514,4.970809919916392,1.0135164073405034,1.2137494967533942,399.0901057790921,51.05218304711781,0.004703194596257671,2286,1744.6744517652392,1744.6658289512577,0.00862281398153847
0.6795609215028522,7.448286363779502,1.582304190824916,1.431474526002819,341.8709551867756,42.894008461751355,0.005188367068737931,1807,4299.075514983509,4299.064902223651,0.01061275985759157
0.44285666052112754,4.478443505775223,1.880008836409024,1.28184723967816,325.3257745696314,76.45098354945918,0.004967868845831124,8388,1505.2507795393592,1505.2395430543238,0.011236485035379865
0.14910886745442906,2.901366252443768,4.827105369675121,1.4797203918715698,350.58767435117426,48.7350042733252,0.006625883695880115,4805,884.6270366499785,884.6124539930896,0.014582656888901124
0.639515025692845,6.69409331357224,3.103129629508486,1.1569143583322847,156.54751763175653,35.25731232329914,0.0025318705495435204,5504,1312.81539816542,1312.8114362658575,0.003961899562416466
0.9121629484996073,9.784125330389148,4.944180985309765,1.2470974072340122,250.08998644641272,49.552045693299036,0.00879806954553627,1973,5225.449498368343,5225.433089443533,0.01640892480910501
0.4448938293525265,3.7954087425579663,2.1761012652155296,1.2034161739223397,334.9641746970451,88.3061766266205,0.005965876166856754,3938,1288.7692084065786,1288.7556890929193,0.013519313659441444
0.29469949986774435,5.148726329912857,2.5593198466524845,1.138982300612629,336.4673124282352,79.06016348615387,0.00913788593211938,1085,991.5364848619191,991.5178484764579,0.018636385461309624
0.49831961133953384,7.066012339628682,1.9606039662437562,1.392171555796109,406.3333382398087,46.77126755708511,0.0010236847961933627,8723,3542.429260217429,3542.4271685142603,0.002091703168738421
0.1435264399439028,5.873556539102391,1.322994429034487,1.2511675949692522,179.19678500964974,92.5447171869362,0.006669893022336969,9651,289.7621069389935,289.7460387858033,0.016068153190179037
0.8384388260322474,8.590850161381443,1.1442411849991063,1.360918585398831,396.6512547635701,25.986610809397355,0.004712120621693496,3508,5996.324397988153,5996.316318702988,0.008079285164994027
0.8437067298551681,7.855684358225643,4.752856390135244,1.3504547556216893,248.08301627762108,23.980303313091458,0.005545891555745118,2144,4812.9825620650745,4812.973276590477,0.009285474597201453
0.6292004170866656,1.5246748347612133,4.940648068094401,0.9337316124587067,351.5777114265207,30.197628382819303,0.007694240597022568,8828,1246.9468419346072,1246.937488073898,0.009353860709039055
0.41779260004455054,9.985791105313966,0.702092734289292,1.2551144727623507,255.07372102937904,29.316380468688248,0.0030443657350302067,5664,1794.2628169202667,1794.2578757058143,0.00494121445249503
0.819805028001205,7.771622083475205,1.1765564362929495,0.939753613426934,476.8745764059245,27.026745200987243,0.0028440949169294925,5645,3089.42653816132,3089.423143055925,0.003395105395345909
0.5992183223095304,8.775129846647019,2.4058584153546017,1.2083243347706396,130.68601913374002,72.90740895983939,0.007327070359634288,6832,1278.3996682929692,1278.3843599745626,0.015308318406520572
0.8433390776950146,6.860779408858117,1.338500643549833,1.2742042791124104,353.7522898620607,68.0673903724339,0.0056922918304976216,5266,3971.519106069653,3971.506915902151,0.012190167501889778
0.6683129133247185,8.70656615242086,2.1374617713209747,1.4980645501113108,309.4407503456715,71.80844084653717,0.0031027518825552138,5130,5032.800656013989,5032.792670147016,0.007985866972930697
0.8059649258915176,2.011446774358385,1.0809335743683501,0.8213793847048169,127.72896842648507,75.0692843329624,0.005356167712024739,2191,214.78385011698768,214.77614803881661,0.007702078171072479
0.638706693895984,4.12964052003384,2.554302905248056,0.8638696758796047,79.70285111525057,80.55038019845439,0.0051360256519944365,6921,253.93247742679205,253.92446666494317,0.008010761848881158
0.4727269613940996,8.887788492440436,1.7226257727616667,0.8539186874598621,409.61497503724866,36.57415419891283,0.007222999846737805,3025,1498.1455764164625,1498.1371527212805,0.008423695182036724
0.9621512739335238,2.81489690140203,2.083572750913974,1.078852900386718,120.85310014081934,69.78428105878399,0.0010239499325735146,4511,662.9599179436044,662.95804235133,0.0018755922743392607
0.5870024423909603,1.7041788872202046,0.9244069315823642,1.3751118530400697,133.9280072535992,66.40389274690986,0.006280842391943348,6741,390.77385555423376,390.75948348161774,0.014372072616008456
0.6445805666864846,8.09307045950697,2.426576228195638,1.390839432950995,490.2954007950677,95.4928020642779,0.00645110335461048,9024,6431.19023456635,6431.17269407452,0.017540491830239043
0.29843887547327436,8.519375400789666,4.924659249327064,1.3158857170048062,372.7673831644838,38.58941793917189,0.0077095912346912794,8872,2589.772570418086,2589.7585106034185,0.01405981466786402
0.6630857104845489,2.4638699637091053,1.9797487109653564,1.4278147692809633,162.7190787205501,24.697834749946512,0.009003074194319043,4692,977.4527910922782,977.4367615319024,0.016029560375684003
0.6144468845346495,8.689113845044439,4.443931736790958,1.0260019609186168,315.92703206822057,72.27960557716345,0.0049617081740052,7499,2683.7025980640683,2683.693827787741,0.008770276327094194
0.26635455815232245,7.180910160374527,4.294396137306583,0.8617082509766094,290.350327281131,79.21382721893694,0.00408268201877996,9159,658.9787310814991,658.9724261942855,0.006304887213532249
0.15362838761782935,5.680744148949255,4.784262882337448,0.8407071195928951,430.0129703812314,42.65568046460405,0.0019208833976015768,5628,488.63441378107075,488.6321100339901,0.002303747080651877
0.6439233877432939,8.472251735032465,4.055492805201925,1.3964929037335705,378.194336524681,65.66787447517352,0.0040315226040390974,7516,5949.771078721062,5949.76175163181,0.009327089252089847
0.7873230424152885,4.773243243870692,3.468185721764667,1.311305406047584,424.2745064719336,24.762885242732047,0.0016163619799996695,4483,4733.805006319106,4733.802361914605,0.002644404501038226
0.5710612338298074,2.745945606010575,4.354629999023559,1.2890307142077846,145.1779645898131,96.80358729346312,0.008225381848073095,2015,978.1663857442427,978.1455191128485,0.020866631394152027
0.3040953627876811,3.563674089495523,0.8404010629580734,1.0377734369819682,338.09864196515235,28.79399786393349,0.008263055330612529,7157,487.66645324866283,487.6554089323792,0.011044316283652095
0.6998697790237315,5.5464761646398335,2.582737957394635,1.0659336320327584,68.10838628827115,25.405642892159655,0.004755138915653004,7358,440.2840923244055,440.2777359356174,0.006356388788117167
0.17209515394864203,5.7819771340585815,4.951653073767765,1.4706794702295234,81.02327552564904,23.528812759569526,0.003336771104888418,3583,323.7197968456178,323.71373489054366,0.006061955074138001
0.49765033432175915,8.250227437971102,3.963200680826295,0.8446633208685546,371.0871647170688,54.18175252026821,0.002062180679070446,6139,1609.184385853041,1609.1817002406815,0.0026856123594775237
0.24703008255857817,8.12217451287101,4.829339201167504,1.3416122158564547,60.989046189769105,27.772779476575202,0.008661134494196619,1927,351.23240814454897,351.2175610959939,0.014847048555071128
0.266013145953895,6.232299014841174,4.008354602600656,1.0167433265958752,310.89425400522913,79.57185927644602,0.008897457505468649,2737,875.536368313922,875.520123470399,0.016244843523060288
0.2820645542423833,8.027069350289288,4.436968853489649,0.8273382328887893,428.1822943000385,91.90993285011245,0.0033966065313083267,7579,1030.3966829928456,1030.3912900503656,0.00539294248001943
0.44803635133958014,2.725961124643039,3.6793833453643594,1.3197990775197193,220.97381378811286,40.81751458598856,0.0065958449362098735,4038,1104.6304582555338,1104.618199823248,0.012258432285679171
0.14603518505835786,1.450580743839649,3.922259019877579,1.0316383199748622,70.17819657796076,70.30184954011192,0.003327882983113498,8219,58.60866859887517,58.60282184412584,0.005846754749327991
0.4580140968361884,8.862704403712302,2.854301044277753,1.3055032631199577,371.2313523329271,23.38707576094542,0.003026139644292209,7500,3395.444773617951,3395.439899044728,0.0048745732229308275
0.5605367024032307,1.6799904438649262,4.6590696536635985,1.2953580681826842,468.3589036088679,50.92515773542363,0.0011908724556827376,2721,2792.464978246647,2792.462650065741,0.0023281809064579512
0.5349648564696927,3.220195867695976,4.2126750978051275,1.1743508128031805,372.72712642622054,43.43536907421827,0.006194434758274563,3766,2043.9523633149956,2043.9419291958604,0.01043411913520376
0.4445056903627365,7.257870546619461,4.297482345495345,1.3441611904473842,310.30125935124886,38.28952771522871,0.002349473888670015,3825,2879.7012760278194,2879.6969087454922,0.004367282326989355
0.8552319472636772,4.685031438645782,3.5285409543337356,1.2067268269198705,153.51297344557702,71.57787917029593,0.0011113406458023876,7670,1570.289260472585,1570.2869594681201,0.0023010044650355423
0.2307940231784537,8.886825729239579,1.8706097618926205,1.0006457969937825,56.91903082002365,30.418235708682904,0.0019436604790313559,9410,141.50094527169261,141.49840874696483,0.002536524727779042
0.5551270694032366,3.681818151960426,0.6603340792556269,1.3138807107450934,362.60244881557395,88.85684186375907,0.0038239227242903248,9713,1508.8386065638329,1508.829118059353,0.009488504479873561
0.15583727526089888,1.1068421200242335,4.710448082342951,1.2123978711144066,153.96177912993184,73.18687250949877,0.007022468711005406,1404,205.17599071955573,205.16124554400218,0.014745175553540374
0.16404011099011878,3.705900765046697,3.137541569624736,0.8089090971829445,436.17320473206087,76.85881429504464,0.0028236074799891267,6138,320.3970904484633,320.39305091925775,0.004039529205578565
0.6164792647093867,6.202675442663485,1.841643370166631,1.4311509244392167,259.86385347467507,94.82754469261346,0.008988315062785046,9771,2639.5422416409365,2639.5171797359067,0.025061905029959156
0.6094165823990388,4.38344537862964,1.1711079853139201,1.1819505328270195,288.7860120676053,95.38982972020118,0.0035963956934465507,7158,1365.6543962437204,1365.6460906874656,0.008305556254800839
0.8902301615600113,5.813854801828797,4.232854244753396,1.4080390858356722,389.271444919865,64.13218590553886,0.00398103660481285,5421,6902.535942768625,6902.526742412571,0.00920035605405787
0.6020863080940658,8.88938306951517,4.2643408750141045,1.4179157872875712,400.7437735115044,59.63038538287844,0.0029617946195677957,4697,6380.806723631636,6380.80001983332,0.006703798315311848
0.9638119183643652,9.212365488073317,4.165285856587392,1.111476659714562,339.19287488625565,46.83052865815281,0.0032842480336465456,6066,5402.813937517079,5402.808577666801,0.005359850277538394
0.1438253635599368,3.393766581887009,3.4028721138505382,1.1553619975158618,472.29431693573434,77.24572881619747,0.0016672160309782764,1157,616.2840771163912,616.2806629417317,0.003414174659541782
0.18820691630266698,5.159264259429106,2.1470692441634416,1.0910280713729215,492.0342963441887,63.05671095838504,0.003652935208445706,4175,805.3891980010465,805.3826994494426,0.006498551603817295
0.13965927541334325,5.94229613717306,1.8683162815111565,1.114605742715632,476.0984499685776,94.63000637920997,0.008736557136405608,6911,645.2187054317914,645.1997527184184,0.01895271337301112
0.26674916530018605,9.542012111994223,0.5384964655317659,1.4266030112802095,420.8806334047746,39.090075897008425,0.007195820872560521,8043,2303.315446272044,2303.3011678694124,0.014278402631365471
0.5871430998475103,9.987555872479462,4.251234014097081,1.3517008097775378,367.53134910991315,44.82021490003926,0.00887741383479055,8921,5614.019591378476,5614.002213521152,0.017377857324080793
0.6810149632846852,3.1186652395737395,0.8934471387213911,0.8885679734209047,348.4966360467504,45.287235793597496,0.0019437311294142098,1805,751.8151881961342,751.8126788861936,0.0025093099406117863
0.14102664215380192,7.5428188421123386,3.3383974911834544,1.2272154470780672,96.68757961424025,84.47987636453657,0.005100549677579432,9705,223.466983960276,223.45543649157347,0.011547468702527843
0.9513738008610394,4.402279560098757,2.7683372607803975,1.4971346482704395,172.16795606860063,27.923226547372188,0.0030632938568210355,8235,2632.58690905619,2632.5810422880313,0.0058667681587643945
0.857948838985343,1.072973771975919,2.87010211516858,1.21688549086274,52.55970058821966,56.45192967911838,0.007490940315005333,1503,263.3130342829272,263.29877272488216,0.014261558045077873
0.36695123394138385,1.0832727019231212,4.6702078038849795,1.3501101379151739,111.83444160529635,54.206458957843786,0.009732140422533016,8236,430.4011414369388,430.3808795387136,0.020261898225208852
0.16946877720382117,5.145094068060302,0.6422675507205895,1.3383430313668196,247.65326472613475,25.851169681100686,0.00833823531145259,8726,435.0741458974207,435.0601016379248,0.0140442594958859
0.25289836589715153,5.395014217039011,3.9802650108294753,1.04522226811063,115.94144785508301,52.86375988354777,0.0013175035007590573,6986,300.3234922468417,300.32138718446663,0.0021050623750382517
0.2142499723794754,1.203127269160984,0.7342357926528821,1.0602945118927714,455.7485366045411,61.07023866271851,0.003849937251798108,6183,212.67846936060624,212.6718943650006,0.006574995605643379
0.21095540136905216,7.182346750968723,0.6716912267091975,1.3068534952532822,412.56463340087686,25.20837540039306,0.001257217214054712,3639,1167.4282954203657,1167.4262382483723,0.002057171993241409
0.5667055197991605,3.646030497354578,2.4341796416362187,1.1499884721233846,82.2253604402832,60.78897027557339,0.0013615027023788698,9957,374.6896610556031,374.68714356273756,0.0025174928655364495
0.3212626982440603,6.039037913823544,0.7838382845433502,1.1993994963912715,162.0111719602697,96.73903237467209,0.001715637737479725,1236,510.8623810347648,510.85833266676156,0.0040483680032313415
0.42232574487623004,3.708271658488769,4.051147780818104,1.2990340532553863,418.58234807517897,98.31314585292259,0.003486942360735057,5491,2314.7305971458763,2314.7216142408442,0.008982905031935271
0.9905548000458902,2.504208833823765,2.8830339214175176,1.3443025189273352,411.37075695194306,62.5343822871849,0.003737824908743181,6960,3967.102186056845,3967.0940190821248,0.008166974720187431
0.7158828240328103,4.664563647389878,0.630674521968985,0.9900616044131499,475.45274755300494,61.20775460823672,0.004604081619113994,2799,1766.6928280475563,1766.6854796750874,0.007348372468888646
0.9540826003423012,3.0904602831145067,0.6822530891686378,0.9027556316058741,498.89649272781213,42.840653313311314,0.004644379850196666,4387,1463.4989925917196,1463.4930036544188,0.00598893730069192
0.22830089952980404,5.813208792272513,3.257008383827657,1.0042562527066077,489.3215284585048,99.76923773696812,0.00794268110658863,4999,1021.9166919089345,1021.9007573413277,0.015934567606801186
0.44392552734931234,2.7894567725783195,4.127503179462822,1.155276827564453,234.56209357464866,41.93833368201808,0.002272629192210098,2446,961.2957408667265,961.2920142532878,0.0037266134386890627
0.5992586229541189,5.575653789801644,2.470097890736481,1.0394989221079274,162.6477997109145,56.23210403519651,0.0024196655422383194,1131,847.3819517561608,847.37802214422,0.003929611940800737
0.1690822556998642,2.416406633819808,2.9956130219103096,1.1978539311933156,391.2845856921781,20.234724624214124,0.006639301465050106,7369,513.7666930557624,513.7571308922841,0.00956216347834438
0.10376869926516208,7.038772385372065,4.0992325432245575,0.83742600688794,184.67280173481385,47.93858327273095,0.006145679369732471,6592,149.6896232108247,149.6820094751017,0.00761373572298645
0.7033909004172257,7.7854391599728165,3.2472777831881863,1.156825288129637,412.8801620590984,25.715224048705913,0.002386042349339012,5213,4287.8455852596,4287.842115225081,0.0034700345186154525
0.6776375651212918,1.993548108249404,1.5114210694646877,1.0575894348563957,290.279628679066,79.50598163081058,0.008670379841685272,7059,771.1550600841987,771.1385999204014,0.016460163797308046
0.4697099289996506,5.210221708336053,3.2587341164126538,1.1742667284250177,407.26727385572923,64.88115624239458,0.0039615347269108675,2458,2233.9534766453853,2233.945806541478,0.007670103907578088
0.5406796684288294,1.6378453058938622,3.327257565793461,1.0957733484194838,174.1459458726547,65.77375018301252,0.004302706136900376,6298,561.3441121901225,561.3362963047477,0.007815885374733258
0.47389870053288063,6.383642009878022,3.80348141396507,0.9989580954462798,278.6122919992194,42.92090287197624,0.004784140727511297,3022,1342.2521560532427,1342.2453256401814,0.006830413061360991
0.12160454036039997,3.3796386813668082,3.2939338440056054,1.432875533820345,303.81070712098193,85.19170322023788,0.0039043168366504222,2948,506.2174053517878,506.2070449870104,0.010360364777400675
0.4018344455957162,5.74862011154837,4.861589587061171,0.9293354918949499,474.3986304740595,20.261674026500014,0.006017095470453639,7605,1746.8727686015056,1746.8660436885002,0.0067249130054545985
0.25937402985756086,5.657149084458621,1.387797389226808,1.2769559029063917,169.9689095736878,46.68809433313537,0.004497829508423787,7861,506.4454813397794,506.4370562651614,0.008425074617976817
0.18858177019123187,9.319189115744203,4.779908058051843,1.4472512988076898,471.5097076782026,72.75979923670943,0.0033349125335075886,8271,2625.85611811981,2625.847779943258,0.00833817655192285
0.9610483905004148,5.941749003118506,2.922527706575073,1.177068971779803,412.18651195957216,92.63380299335368,0.00914027380939697,8867,4865.057861770781,4865.037136814837,0.020724955943521868
0.639423752537949,6.246986317464841,3.5238026322271043,1.4134859420056374,378.90232433901286,38.769276554018646,0.003775156661261393,5718,4729.65359667497,4729.646191764766,0.007404910203666737
0.7557906558129425,4.614878131879422,0.9475771885348543,0.8873960349032991,404.0916211333063,63.28800413819344,0.007286400329219398,5150,1337.784915027862,1337.7743569516367,0.01055807622533753
0.38382736893950575,9.541716428645351,2.2125917362014818,1.1456521391794856,322.44127064602566,63.03931364266568,0.004125040933212066,1523,1909.3736668861966,1909.3659618732781,0.00770501291850737
0.4538324165446137,7.994673184956486,3.962206159084277,1.1199176963366575,159.83600470811862,89.93394952349598,0.004916979881897247,3481,1087.8383513920096,1087.8278924648673,0.010458927142327386
0.3132315945070511,3.568647612725574,3.6810995679454566,0.8056831649258964,135.27273597793373,24.041351164787386,0.003123491710611985,5484,199.4040953854283,199.40097382939584,0.003121556032452306
0.18726910386888226,8.597886271986088,0.6806272467443458,1.1102801389515342,439.8536461326757,53.958044885656584,0.007770966574485288,7810,942.1585611517326,942.1452777288326,0.013283422899860906
0.2611284736974254,4.891567241665809,2.9596741857376005,1.0583208294678186,376.31273116812497,34.59725398335452,0.007634829262836279,8502,864.1350630102618,864.1241874191063,0.010875591155479356
0.8177626407668372,8.458004291802345,0.8972518683578425,1.2688591094422308,145.94192724242708,21.722608023887844,0.0012001595122729017,9537,1797.588489093569,1797.586635461124,0.0018536324450492928
0.7097912246653982,8.405992614641518,4.98135393130173,1.456830845003563,326.7920146434807,31.762475241638626,0.0015417463627116264,3312,6590.449223796683,6590.446264327614,0.0029594690691364233
0.5922359883869293,2.6998316808656897,4.5378346483998255,0.8600537617834256,251.39591663640073,98.11765382785593,0.009301388092704458,8015,797.0974247287317,797.0815759230242,0.015848805707492034
0.5275808855800913,7.310270182452192,0.5948629719284163,1.0292334707002362,121.39482648339227,37.18788076162143,0.008999441625140658,8271,536.3354612978968,536.322754234034,0.012707063862749913
0.930190855290512,3.61578672375878,4.363923105061839,1.1108453161759764,289.33569921072393,94.802461866864,0.0055547847350067734,1140,2650.149247539147,2650.13722724037,0.012020298776680727
0.16546145300080156,3.677434029934014,4.637433202512835,1.1186297646240684,176.68359160988777,36.42034741047533,0.0054402165240250286,7892,304.1816188413844,304.1733168609158,0.008301980468608455
0.3525407319141244,3.6671326919252265,2.0909670015355477,1.3423668045895776,93.3098558709072,94.50361819075876,0.008311817569454134,8776,341.33908556914565,341.31738381240314,0.02170175674249517
0.41494406821364266,7.530114228039534,3.7377574477149462,1.1103769660834086,260.13123434543485,72.36967481602515,0.002246051321963911,3883,1499.5677362611514,1499.5634374241135,0.004298837037930155
0.8041832309915091,3.0684343761328248,2.489466857935005,0.8190129110175574,315.54884844210284,29.05748620015414,0.006883292092113633,8628,946.0569347572904,946.049659134932,0.007275622358394383
0.9932631581457743,1.008152517214812,3.4485461805935484,1.297072866214982,71.10788467151772,66.55321241012622,0.005283846950385336,8461,529.5823104014727,529.570895619585,0.01141478188767255
0.3166034632814378,7.437131681343698,2.0314283193418614,1.41938078660197,230.94173723494856,45.481123003222294,0.007689979263840607,4460,1394.7771177337409,1394.7612384563388,0.01587927740209098
0.8868766007233726,2.5406626945161275,1.9515165648497077,1.159733298784771,165.94786392650838,50.652252478245614,0.001270925121807914,3584,889.2201186572098,889.2178981421615,0.002220515048277091
0.8475604843886122,1.9403415577705119,2.4099524998591058,1.2067759651889538,63.79276581825459,55.21367662679785,0.006334529947515447,5733,342.5540396101568,342.5421745202877,0.011865089869083318
0.30219165787758995,3.1376450853465414,1.1550549139362551,0.9140555072783323,106.54814732517761,53.81656180242676,0.006010553936940019,7547,115.48772640944101,115.47927575840987,0.00845065103113968
0.45939932217930035,4.419104700904336,4.240125339959222,0.95445216127527,112.5653714682699,73.12871123864231,0.00856763496630267,2307,407.9414543746748,407.92729695140554,0.01415742326922895
0.4687055823632672,5.2831569472588065,2.069140529127365,0.9646191673872283,132.29341165308702,81.46944548726105,0.007091526677995251,3852,424.21487830780586,424.20246466797903,0.012413639826840848
0.9803986016739025,1.4011303664136774,2.3006729925763034,1.1015193824169067,411.51990714706454,46.33421513608971,0.00892144322556074,3224,1812.1519490633636,1812.1375685913226,0.014380472040968817
0.2628027112410085,9.735159993646244,4.523245757159651,1.4497016546269494,247.77133991516263,93.94911693485518,0.008985459894783032,4444,1951.2583403456695,1951.2330760758282,0.025264269841290047
0.8192421739943039,7.444567480776023,2.734807163284271,1.1652493367004202,116.18869652167409,95.07730512151012,0.004673476008097461,2251,1315.644380426866,1315.633756975615,0.010623451251225857
0.40077344275579896,3.9087465879190253,2.949142592078883,0.9344683516409469,95.13363511755017,23.255234972091472,0.0022369072037663183,2395,228.3271654734291,228.32458904584942,0.002576427579681354
0.7577833111985444,3.868275315568576,4.804241561496943,0.9862614151082648,184.07320642806758,21.19270311064148,0.006672552902399693,5741,1176.7055366403026,1176.6975610921631,0.007975548139461915
0.4780099038660966,5.036882944316135,4.490268724152451,1.068810520809029,409.10698341700356,54.00530641208488,0.008863714885676595,1756,2128.3413572598474,2128.3267673642836,0.014589895563763266
0.6205237868048861,6.636203404867296,1.2626001899979777,1.2362812829849597,214.00693157283956,67.25162007901268,0.0016745800977528468,8304,1603.1830619825628,1603.1795994525,0.0034625300627552707
0.849350595993518,2.31735759930071,2.6294676346314727,1.1080232071028038,121.95381213227213,42.23237979616493,0.006021309457761978,3620,629.0906175573969,629.0811281677212,0.00948938967569688
0.8237490084854957,2.700368323884571,4.870833023428455,1.0747113909238475,231.85228169577195,40.75310008686195,0.0020349957399384156,3429,1670.1503906293256,1670.1473123124342,0.0030783168912629643
0.8797808651857302,8.734911245501959,2.175648342028712,1.1953100202792963,299.89020077917587,74.26670637673526,0.0012429639257968176,8805,4112.872119930247,4112.869530802328,0.0025891279187876654
0.15365559281019311,3.306294315001653,2.1720789883229004,0.9692844964681259,63.312882637106235,68.13634277244559,0.007116718185467503,5024,50.08356093497731,50.071962680550094,0.011598254427213146
0.7228454977357703,4.421754981776598,1.3776360430511945,0.8552322908092076,332.4388106480779,33.371749999448774,0.0071366465068494755,1034,1019.3216317407825,1019.3134914086373,0.008140332145246969
0.2259886390495866,8.841446658551053,1.0144540135360636,0.8170900203755556,227.79533885665518,90.76007706121271,0.006405922404967259,8433,338.75083288901504,338.7408480959355,0.009984793079547553
0.4742367112165699,6.968330464598402,3.831371558401918,0.975881414426989,54.376643809037475,74.3980856128856,0.008733005235116175,1020,265.23923867011865,265.22437580690814,0.014862863210523092
0.5937295735492196,4.075406914075195,3.9651371091568244,0.8641144239011281,353.2502295258714,49.006099933520666,0.0017278879581413054,3312,1259.214873172237,1259.2126483727272,0.002224799509872067
0.4624655362721477,7.153295911521587,4.8605583357635,1.0354384469645368,370.5744360031917,74.68997519929201,0.0019473423552888343,1456,2207.4275348729752,2207.424012506168,0.0035223668073034666
0.5676505082227068,1.1771489384327234,3.9803819490741335,1.3410534782518289,332.9779048514073,29.012246941425275,0.008780818941815026,8287,1753.2112225642873,1753.1960306655017,0.015191898785568144
0.9968736779187573,7.620783940102287,1.5950862231511942,1.301406031340787,203.86859791929,57.46048996592449,0.005529490478976369,8900,3172.1520354253885,3172.140704391766,0.01133103362243468
0.22169558234156928,5.383144364646156,0.6805246022983196,1.2276493359516203,288.3221843296825,33.51875276476474,0.0034574752795441355,5478,584.1487645576625,584.1430972644354,0.005667293227095114
0.707910440802783,8.31863932556015,4.934468229663471,1.3967501707156351,224.2209677600459,23.31449969027493,0.007643412801867587,2062,4104.035627125862,4104.022462146163,0.013164979699477324
0.4564008697470537,9.591738868058215,2.0320281299462257,0.9974473371809938,365.2797785718625,47.06610162306398,0.00904963350343962,8920,1927.977365187033,1927.964090217073,0.013274969960204495
0.21970881901659592,9.332096945451115,1.9038719409458933,1.419537627120976,312.6110838051599,32.05883867846266,0.00720642957582666,8127,1555.1059386021043,1555.0924292497455,0.013509352358827432
0.2428630870368786,9.183385391098067,4.576798443872221,1.0794674187684254,86.80960122235238,70.68143655630598,0.008127393370106043,8189,338.05847128241294,338.0434969624547,0.014974319958221302
0.9543457956210553,5.609529603404984,3.1329495434524377,1.0806253227866387,339.3921011985488,73.92543152141683,0.003542475161756733,9094,3306.68827443787,3306.681616418662,0.006658019208085712
0.8916413470405858,4.241279027250442,1.4669202823211056,1.0837461295378652,359.2572864520107,31.895384498128266,0.0035989782346948825,9238,2147.5885137257965,2147.583369306271,0.005144419525641381
0.9163377643735197,5.185317922576055,4.500933092223078,0.8686660563686871,216.81598127661474,21.9690404482741,0.008777114923191692,5841,1452.148662872877,1452.1393634875474,0.009299385329651688
0.9923794982446479,7.209064029820247,4.970123847746345,1.482843348831739,444.103601431867,83.42484493081284,0.006533765637896939,5634,11802.434790146011,11802.417018936512,0.017771209499183448
0.28748385100766616,8.95597999184068,0.8900535251787383,0.8969547444776115,429.35645968023323,20.16456165828498,0.0031074647650636282,8649,977.7668646125114,977.7635153194408,0.003349293070668595
0.4198954036276556,2.862876727001076,4.380132327361193,1.0386200071284293,128.82493575488203,47.5130471347031,0.00571745633915991,6167,422.65153724992797,422.6427775349526,0.008759714975382802
0.70229712693238,9.263738426155328,2.257320639579773,1.02351022422873,456.9198388186408,59.566663843653586,0.007172744243250244,5774,3872.9241729962987,3872.91245860583,0.01171439046877843
0.5354222858745825,8.336622087729001,2.8583260092801694,0.8522756029716968,248.39256717278488,85.49137508307463,0.002966941731257092,6079,1081.4815655556301,1081.4768751241659,0.004690431464155745
0.47655058004050016,9.809704136604111,4.616671890942413,0.9065820910783137,375.68734368543204,87.08469141969125,0.006894157673869624,8248,2122.8019532478384,2122.790260230347,0.011693017491233559
0.42203012440203375,8.922265959535185,4.880206380988027,0.8314008353297702,416.3436531352562,77.99515524883644,0.0013793036483599102,2653,1676.3848517029908,1676.3828105360626,0.002041166928259585
0.634402568749107,3.51943596722716,1.6797375968395971,1.0046831454923595,277.3005894813605,39.77580980319183,0.003733224607037451,1044,923.2317696581771,923.226527075919,0.0052425822581485095
0.6180340857760738,1.9536032020964291,1.457828469319612,1.4066598468202345,229.59587271686706,77.61495474553367,0.007065746305535033,5370,957.8541105579856,957.8364572271486,0.017653330837041615
0.24531205065781608,2.0101696479242976,0.8623245136618034,1.0376095440161692,461.95311587679424,39.723135830155336,0.002344141589409114,4764,350.4677539122235,350.4643554212409,0.003398490982567077
0.5245658537665951,3.621009867204485,3.028090336979621,0.8865842824471655,153.88409882094044,37.168655338536134,0.0029997912757824905,4032,421.89118517954796,421.88753708616474,0.003648093383220802
0.5981245985888649,6.5276535158608535,0.5612197795280072,1.2519857078687426,165.63653497361503,63.770236338442594,0.008911839613225505,5327,1100.8571448108648,1100.8388721535803,0.018272657284636753
0.6132582448582514,8.238882934874553,2.3535423392447146,1.4976206384384374,212.7291413060467,74.30835550672501,0.0070688898948844765,1085,3099.3599025835483,3099.341449402654,0.01845318089472282
0.2890964736211166,9.093252762834082,0.8302280749340385,0.9626266526723494,436.7596000867545,24.24414127293445,0.005490268392310064,2613,1161.0943437310427,1161.0877773304153,0.00656640062748174
0.7680442530270581,6.613780459323095,2.3235160231820027,0.9956997037593986,472.4547188958842,24.801808089968674,0.002898040529147071,7781,3215.213691122934,3215.210089869296,0.0036012536380984764
0.12267918533896267,1.0506818147324837,0.6796948516952417,1.480292937996552,149.03047163968785,82.73365494534319,0.0040726869092403235,8227,69.33475006940418,69.32373347823719,0.011016591166993791
0.4193486699888464,2.6768509886668017,4.25847767273946,0.925143401285341,438.7415664340604,88.75978007723839,0.006168974484586233,4291,1092.127878166188,1092.117105294376,0.010772871812252584
0.8021913836820702,1.8975358346803115,1.4438254727235464,1.1578498472214147,166.1913317608562,68.35527330735152,0.002397813345142016,9779,597.1970924420789,597.1924183814685,0.004674060610365907
0.6075036289498621,4.269920280121091,1.9773891966106039,0.9677564931112664,486.7885610374496,54.30624077655088,0.005335696719083701,9794,1730.2802429853361,1730.272275143195,0.007967842141170193
0.33504618925977425,5.512158942703714,4.415215984728763,1.4526463285308706,318.83355139171204,87.62531836793487,0.004680769547242202,7781,2237.821185708312,2237.8084281197284,0.012757588583621613
0.725457807408743,1.3905746072070477,3.858197275994923,1.4870647102034058,53.18891035132208,78.30536262202641,0.0052901860728485645,4516,447.88269943298303,447.8686724193122,0.01402701367086623
0.610651849740466,4.136301782160897,1.485672627389263,1.3702884922840108,65.35845683203004,66.36753587450148,0.001950047391522695,2256,421.3208333317364,421.31638777905926,0.004445552677194887
0.8166192485107485,2.6126170716279034,0.8235473839587322,1.0203486710689673,116.36803886211881,45.58056975590107,0.0019584737834052574,4035,339.96029044334335,339.95738126878905,0.0029091745543102874
0.7615226675708411,6.823631496329865,3.720531995849028,1.0824412326963535,134.40792101844053,35.8396049325453,0.009676998574716893,8516,1264.5423282848044,1264.5280993819567,0.014228902847702365
0.6490971298326113,5.17845132391906,2.258161478096492,0.969613978566495,395.4286052719685,53.49384314172126,0.009814309603522918,6286,1794.5444184091116,1794.5298117941193,0.014606614992402593
0.5393599077797326,5.457858822405179,3.9473599960319956,1.423530576906294,150.24464438762746,42.94580607681692,0.004835481921206365,5955,1544.4822877096437,1544.4724480974512,0.009839612192491328
0.21986391310077108,4.84922609230115,2.503826475688447,1.4401907943817107,486.1137290224369,47.14068701875688,0.008100959082857536,1637,1630.0620843675827,1630.044917571487,0.017166796095637933
0.3351997160968454,9.604177394379104,2.057010858375244,1.0932094635722331,336.2504257413222,61.25048442496259,0.0069021228423076925,1152,1570.7946760378713,1570.7825089373782,0.012167100493163416
0.47718952562537675,2.932616126094069,2.530424336955784,1.2595731489321014,361.63287916408296,33.52751655612878,0.0020522516915655008,6909,1495.6880323143307,1495.6845806799358,0.003451634394883448
0.6393693583057498,5.6499783385948685,3.868515435518045,0.9158872258422858,148.01743367834337,84.49413440590604,0.0036701079160122805,3738,755.6496528398669,755.6434512448863,0.006201594980656489
0.5623370696937744,7.624156315288023,4.559991289431683,1.1044551302543864,451.7178413427881,31.642356937181397,0.0038228626778006843,1138,3775.3385465813367,3775.33298840368,0.0055581776567855444
0.35936607336357657,6.011599718211063,0.7239523846485899,1.2420493746714483,350.5165577689691,58.47949115367619,0.006361969913733016,7239,1308.882582595371,1308.870059734962,0.012522860408973269
0.1058179220107395,9.36118797145121,2.858501935521298,1.0697821829626137,438.98253095383876,79.67770704643493,0.006219790410830231,1725,649.6289429003183,649.6169874673806,0.011955432937774766
0.5466152997107325,4.401715200771558,0.6477594308774492,1.050319667980522,480.41649375405217,58.8016566151677,0.0093115782433248,6700,1462.8287739893992,1462.813242974955,0.015531014444198287
0.3570633897060188,5.173082251958602,2.607842952609614,0.80069929458686,106.53843969931839,48.8817650870911,0.008110326825786466,3365,189.7771472155244,189.76747893349764,0.009668282026742001
0.7611474706394816,1.7967008369325557,4.483772730936051,1.3630054246439798,93.46425362102555,57.99130446582008,0.008711628981426764,1018,830.064282843027,830.045522959391,0.01875988363597293
0.12155163874343515,6.480991999467356,2.1271561988913934,1.4225363284150139,411.5335219653361,87.89365590993124,0.009021057522499085,2961,871.3939094157261,871.369797432384,0.024111983342077967
0.6263450301752118,3.5939077160329544,4.696026894862895,1.4786244706820826,439.75672659237665,99.23453586271661,0.008211490052994824,2851,4992.236084227596,4992.211893747766,0.024190479829519374
0.9473268137554589,2.4427813556401197,3.3377381224277425,1.303489969548451,312.6926393950935,70.49146314315485,0.003995931349513969,8112,2909.3841603142364,2909.3752799996737,0.008880314562884859
0.25696834040034955,5.9007816361405725,4.703699047068529,1.1841546186589191,214.70024648773426,83.47552341189606,0.0029351167420105006,6521,820.3926679742425,820.3862910401535,0.006376934088921161
0.5244845416755358,5.7907923704191955,3.9072498143563386,0.9884991638660966,343.6833362338507,21.15909489274309,0.006145906042189423,1100,1708.164614675175,1708.157253989995,0.007360685180013787
0.18227979263542435,1.6828447710164278,0.9654582499194303,1.4995096331744489,187.5488326666058,90.42915276196581,0.007206114848079869,9784,203.59306643923028,203.57248935313197,0.0205770860983079
0.6631137210352174,7.283939081450255,1.5401811540320467,1.212826998172474,157.27356146906067,96.32398079423345,0.004479111720668493,7838,1353.680854564162,1353.6701894845291,0.01066507963297445
0.595478512536603,6.613949715857676,2.2737670456257777,1.2768078506313123,269.6653442872695,66.01354734060564,0.008635047849680593,8135,2326.6761769712252,2326.6578734847617,0.018303486463703496
0.4666289717915491,2.7011555447184747,1.265480969054342,1.2776843133687223,147.26922242287085,80.30438896481758,0.009645099335361852,7029,445.0152656655936,444.99304604872884,0.022219616864724446
0.5692393193263671,5.224913759386395,2.7271022214949725,1.391676257030027,267.6666237418278,61.01957943680599,0.0061245615352361685,3509,2346.6338530982584,2346.6201287443573,0.013724353901087626
0.9069171926221092,7.48290624830704,2.621156700656708,0.8067707771928435,480.4729274586074,42.89629923644718,0.005109328559945965,2955,2865.720369523406,2865.714479256539,0.00589026686717958
0.2766648720799603,5.764921664871489,4.803166391123216,0.9541728583019603,427.9028160278257,88.17983775864103,0.008585984052482662,8078,1139.0835601096492,1139.0681434520816,0.015416657567677879
0.12030806053481252,4.559401685652132,2.4517754730319,1.2658738001190097,473.73391377501,67.74693695967534,0.00121842592290448,8543,640.3283353907988,640.3257481065746,0.0025872842242064134
0.8754983962291909,3.9010461227284927,4.03532061929599,1.4266020157771975,412.8480386813113,66.35064670331256,0.002161113542508233,5780,5838.124568029228,5838.119439357384,0.0051286718433247985
0.6194053741491159,6.493544799796482,4.73859745183166,1.2797371473449495,209.63792117582452,72.73057630729652,0.008610918931056411,1910,2388.6494698062907,2388.630435392814,0.01903441347667954
0.9015926099156581,9.451978284792165,4.446449739382935,1.0894439040455761,415.4203573482016,88.48025326630787,0.0075882572708319326,7163,6178.380372228524,6178.364790602503,0.015581626021431838
0.6372507010718553,7.045703564297351,1.4390043103021632,1.053088847109183,465.31208459894634,78.55249006167715,0.004745230283838935,8993,2790.120522046618,2790.111599512488,0.008922534130281662
0.8291449809637322,1.6727131327268396,2.732134524140949,1.3165636057983243,476.1661045266745,36.88993553725962,0.008999666719519645,7715,3014.4346567846083,3014.418437197619,0.016219586989122608
0.48670602701963317,5.146164761339204,2.0648290203316657,1.3188663879960354,357.43903280824867,57.34588355258556,0.004163124588808484,7142,2182.0622771897333,2182.0536379486434,0.008639241090015378
0.7748739381594419,9.017417183595647,2.2993641281174697,1.2249405947539833,145.11498971680092,98.42386655889649,0.0067046082208022575,7605,1909.4136137471517,1909.3973176974368,0.016296049714706263
0.9217373202008704,1.850161832209782,2.1236307181058804,1.004026916868136,67.87811901411088,64.36485710102197,0.006709010232933244,2181,250.640967766217,250.62989610529524,0.011071660921753634
0.6149106673499857,9.89988140923789,4.218616445787519,1.4476083728733806,116.2401026720701,95.05962827766389,0.0026589870335281263,8531,2114.7557715619573,2114.7482633815707,0.0075081803864434585
0.2627066355061416,9.541624542808792,2.5346257480510137,1.1863159594830475,484.49611305227546,85.06955890504447,0.0035636656254765223,1604,2163.1954561333896,2163.1876320708934,0.007824062496169624
0.34191785352717835,1.7044703265688828,2.856624495101097,1.3533446493738315,257.9435708867462,73.28187534470071,0.009244062304264772,6849,736.7924821384553,736.7708038788095,0.02167825964575031
0.2787801192076652,9.400719884045994,4.921013106711836,0.9500157835132822,434.7437066744259,47.94921621278042,0.0026507336841407538,3370,1566.5827865256604,1566.5790608110374,0.0037257146229264784
0.3221713248361596,4.26819331233516,0.769906724861824,1.0408285520303096,259.269869101231,44.34554780203512,0.002562171596628621,1202,455.8980972879843,455.89424790783164,0.0038493801526301792
0.3757739044159327,8.602382503682763,2.6958093790583697,1.4122056614711398,347.36791255692776,71.47368522380704,0.005316539263604867,1242,2941.1898590607375,2941.1769847361197,0.01287432461773194
0.5996204080778696,4.765450039419443,3.9832776812575226,0.835074920957978,60.86334970505014,54.60489926771287,0.0018297763141405688,7231,222.65509987416968,222.6527375108282,0.0023623633414799373
0.6291924665174495,4.967696014322643,1.1802288118470194,1.1586207178796635,162.43922422371506,83.90028982533818,0.009051635700859362,4740,843.5201847029315,843.5008983206661,0.019286382265360825
0.483849772517675,6.708187818797883,3.2518921757664825,1.1371938358908062,246.32117601916516,80.83653916321568,0.0019013422448122398,3721,1535.1302058029014,1535.1262957648707,0.003910038030583864
0.6538787018387519,7.970296773483851,1.5775915079051004,1.3258611322356575,333.7839712193734,44.97043893908114,0.0065490172915671505,7026,3663.258525775653,3663.245937865618,0.012587910035000812
0.17341743305022933,1.3041023585342377,4.403318509510554,0.9973256394195327,127.18453462393033,76.21830264494096,0.004058036708007863,9851,125.21768258481458,125.21055070576864,0.007131879045936129
0.17900941335234397,6.338403959744208,1.971948494300357,0.9533467753017196,394.0481589217205,59.56401520777472,0.008238455969239306,9904,532.7906989900416,532.7781666640561,0.012532325985535468
0.2546465143218926,2.6805969468763386,1.980782676054093,1.4482929871412635,213.9821177613068,45.863368065119765,0.0063082967119078475,6219,532.7867418358385,532.7734153765324,0.013326459306052937
0.5662697482363103,4.1135456607688266,3.1918724533305207,1.2001967563709253,417.845871155248,53.0373274211712,0.004494755269714944,9438,2489.951516035817,2489.9432602983916,0.008255737425540621
0.2925952108284822,4.131717995396948,1.3260330865395893,0.8732826977985582,94.08609067778028,91.62814937698096,0.009854856860903299,1730,114.59840574030349,114.58191407615772,0.016491664145772772
0.3549559631433196,5.221543061990382,1.7819988750637747,0.9351253135500248,355.89046445706737,48.76141536980324,0.001596078896189776,2560,773.6587382632172,773.6565179488438,0.0022203143733971623
0.4602815525556947,4.00722770688556,2.374843325537352,1.4991782416599737,181.9977499429296,42.99194186555664,0.006200076729076091,9687,1201.607323014975,1201.594031885196,0.013291129779041578
0.8306795116093418,1.9662500660560098,2.0913703841304967,0.9369262973765348,407.92242835517806,48.14457765681102,0.009906114803896405,6408,1206.975095148299,1206.961345406406,0.013749741892897807
0.1124759223215741,2.310658646729063,2.861947481025121,1.227332857947575,230.97669216908477,37.169474896695334,0.0072185737889171545,7558,202.43608301451658,202.42393035759667,0.012152656919903443
0.6844409382129601,1.3009418700498792,3.1983806483103483,1.0940896552969328,349.4073345186049,63.57079899170629,0.007657926684779738,3575,1288.028773015123,1288.0150683038291,0.013704711293827405
0.7019888779366168,5.232241767958789,3.0500035418757405,1.4199193663948848,470.4373708864131,31.794914905802578,0.0012888203012153734,8508,5514.519672192495,5514.517260318,0.0024118744951602744
0.8187902023209729,9.590029253676896,3.443757403963695,1.3286180146067295,59.28198440619396,85.39550291495331,0.0011922684678726616,2082,1116.7793977109102,1116.7764609175451,0.0029367933651390137
0.9394776451542819,2.041077012833049,1.8848728247351911,1.2178659773832712,55.00255205046813,38.04641977965009,0.0013249910078397356,3753,300.8958852677338,300.89365766584876,0.002227601885023873
0.11812406405436085,9.516380437027738,1.0689180221976262,0.8075172872585877,396.62566347952105,67.84440220317165,0.00992551511958609,3958,323.40298388544323,323.3895311145717,0.013452770871556868
0.2384053349618946,7.600253632588842,3.923633936439847,1.4158566452454218,340.87687317863515,30.002039913591485,0.009815677846667665,9735,1877.3933107278717,1877.375243573854,0.018067154017713007
0.8975541646503937,6.737489226407469,4.328511721838069,1.1112672295871013,181.84087422699469,98.27625185714611,0.004010580331878357,7833,2230.3941425128983,2230.385305684373,0.008836828524957777
0.5126667059683139,6.807499797912066,1.656528045000945,1.4521043571130037,272.4785162484181,56.36603671149177,0.00361883634639246,5314,2493.1106364336997,2493.102419511013,0.008216922686728252
0.6081315750401172,8.440548835566538,2.331913802711089,1.146877308997941,68.87104951949094,85.77370726070515,0.0023136287096605984,6090,593.4536139244328,593.448684515214,0.004929409218741335
0.6967244833508327,1.9622787794183925,2.743561476335999,1.285957142427908,136.60052241255835,81.4918268519987,0.003962262692482826,3150,740.6431754310582,740.6339278779873,0.009247553070965777
0.7111599440460736,5.5427889120898755,2.899970792388214,0.8485048546266496,241.02336853722537,77.0954437716543,0.0043313493749254335,7103,1041.8908966435363,1041.8843880831946,0.006508560341713895
0.9385663629848574,7.273820244346827,3.467705769894433,1.32160615746875,425.31998729966705,86.18918969636879,0.007734545350831304,1883,7489.48530222367,7489.466269922321,0.019032301349060754
0.9972544756705027,6.281384005662073,0.687214550098946,1.0365972219183461,265.8502322870382,28.037088692776464,0.008796641976277613,3677,1985.2313284614181,1985.2196533039255,0.011675157492701095
0.7481417148378462,8.495011639209652,3.7466468723030766,1.0459513100322466,313.8631270366904,74.27977579775697,0.007720616077672493,6238,3144.773046583586,3144.758972814612,0.014073768973813572
0.3584990882846357,1.6504453811021635,0.7788695314073462,0.883059091296573,443.1892063972012,41.26617882190249,0.006818275909860153,4975,300.99054360873237,300.9820380561177,0.008505552614698288
0.8917771620649093,7.216309355492493,2.6072985545279055,0.9028000040481416,188.96851111498037,82.86973312532719,0.007893100702799182,1006,1349.286286914805,1349.273255816317,0.013031098488034682
0.14429882308668546,5.80624957346246,4.224520110061373,0.9300313393443471,365.31469449592515,96.54950078783111,0.007646477312366249,8645,457.3752167262315,457.3612391801526,0.013977546078885962
0.3079727675870466,4.412447775819491,2.5304689097527833,1.0297443179999957,437.750266405214,92.11916238741567,0.0052817472435735535,6400,992.5309753897948,992.5205263182429,0.010449071551879817
0.9076471457173434,4.062474840106278,1.170903869457115,1.4243789389429238,141.17706531327954,29.196177797893288,0.004022662622152221,3089,1360.5572139402523,1360.5498112629314,0.007402677320986503
0.3305723629954195,6.587493694967736,4.932652302526819,1.0577821667610563,210.41517431652463,49.56419365382568,0.003545026451898396,5191,896.5959648750455,896.5903564185562,0.00560845648930982
0.29858595365957363,9.018958371798384,4.501784579334185,1.307053894594253,490.9145782502098,49.14582057580798,0.0071141991356150356,6623,3385.8259462044102,3385.8120776689634,0.01386853544666629
0.22431276382622253,5.465583334910037,3.970911349512563,0.85792325272291,492.448354158295,29.78370130876245,0.009633737120007027,3293,767.2348579797566,767.2241313476471,0.010726632109478593
0.8732005818822248,8.42250847669228,2.351802213046447,1.2137691594903948,150.45346863227206,27.850084267746197,0.006229492470420672,8391,2085.3546551313502,2085.3449881744523,0.009666956897903258
0.5500524332719781,4.619407436595708,1.32730577100184,1.1373238618893078,79.90062750168265,50.79121079753453,0.009212738522250396,5209,338.0803063761246,338.0645066730747,0.01579970304991507
0.7074038827487393,1.921550165138589,4.736350316383255,1.4845705628681531,171.91472508952378,99.3657240397209,0.0011280643387565276,5425,1784.5154721684025,1784.5121334083449,0.0033387600575567255
0.3151597456675267,1.5535516281277468,2.8955800693271256,1.392345438915274,228.97938078665928,65.51541208530202,0.008150235820624054,4224,622.4571748475155,622.4383922517853,0.018782595730147383
0.7822363789100949,1.4620093419130982,4.335599571743683,1.1183808407070548,248.45252041902367,69.7425302883405,0.008682423921640717,2240,1409.3369824004415,1409.3204999652507,0.01648243519068236
0.7840049904658887,4.42135127761903,2.0394275259174157,1.3425999348317372,328.46283829869066,57.68151280149459,0.006678944541493263,8517,2999.0605356582896,2999.0463961197165,0.014139538573289943
0.3813382224174701,4.035139757522579,2.0087974268576176,0.9351271189056443,454.77624205919585,72.98644418432183,0.009406548994255567,4493,916.5930542207662,916.5778377812055,0.015216439560730164
0.4696143697092546,7.461433212603126,4.934932163033176,1.1936354291742446,198.65660535822312,96.53296645958156,0.006309216935931697,4590,1647.7300369070626,1647.7152361963301,0.01480071073257936
0.28872124968718077,7.685393514263792,2.848248718226824,0.8522333388980957,432.4930409746438,67.09583628915135,0.003164832122740744,9908,955.3346378936176,955.3301310257482,0.004506867869375858
0.9789049209906139,1.4576857195036586,1.1331294073733584,1.043662322576178,92.06551441698211,25.20307677769546,0.0029414550650337487,9455,254.3316997187502,254.32785612724382,0.003843591506370422
0.6810423193525704,2.9901093660011346,1.4885360509761834,0.9581035271355193,68.84361453794662,59.43124553345589,0.006002526400234438,7944,192.76579747531824,192.75662851787962,0.009168957438630535
0.941089492643964,3.4683566514300974,2.6687492572672435,1.3032368707276476,276.82033240555756,99.4201018601561,0.0091583553744659,1317,2715.45776171145,2715.4339599124314,0.023801799018871254
0.3730469892662199,5.928507857285285,0.691119097197851,1.143063483850053,76.8480004987722,50.99221764754106,0.001651311511795693,3207,247.9563993050191,247.9535492455419,0.0028500594771917326
0.8037018216972008,2.300637015162552,2.581402934202352,1.3257493351936074,226.62041055540357,67.51049897715777,0.0064395146098982,1640,1562.867332653367,1562.8530319768433,0.014300676523655916
0.7892727794962678,2.2054709746000034,2.385233789360574,1.1607068063420118,453.55015259115544,28.53094107430536,0.007928231256838222,1858,2214.0080128264167,2213.996184956813,0.011827869603518917
0.7224900866798875,9.494100002871622,4.007013193937691,0.860539109506147,158.66736629336302,31.294439898925354,0.0020386186266121223,5243,1146.1228798289123,1146.1205765160353,0.0023033128771180844
0.9690750777401204,8.23782616568003,2.097238840201588,1.3147573548127687,367.6890988062064,89.974516252317,0.0020509272164081164,9243,6365.652969377411,6365.647846768453,0.005122608957691095
0.454199802495684,2.6258941188205327,4.921469426928197,1.383260484791464,186.0644265755301,44.02757026012892,0.004295151970026293,2019,1220.4403177254428,1220.4317605952524,0.008557130190412536
0.2176455912307816,4.659110271149419,1.3134646368540641,1.4324718581389548,70.21402485896103,44.43610186836744,0.003464930561947452,8900,187.29413129295423,187.28696232905705,0.0071689638971885435
0.7045379733196547,4.20059799331809,3.159440082356607,1.2003943617146957,300.5107616346392,50.97703968018625,0.0027848274300432078,9479,2245.3981781546495,2245.3931311565584,0.005046998091014159
0.7563788204294856,8.119036666588666,0.9036468365371458,1.3275097512996465,425.6840707415383,97.3182938323618,0.002788247562502107,6373,5119.629600784515,5119.622297194223,0.0073035902917910605
0.6175545161129332,5.591916248303098,3.802387927972919,1.326431035817839,234.26080175417874,26.751239682950114,0.002176021291823523,7357,2391.1650797344937,2391.161421260004,0.003658474489667089
0.28613610382005666,2.150647632941203,4.976391596278872,0.9090248318592611,327.78222190613917,85.50112820410679,0.006497686117737572,6211,552.3664753326048,552.3555186008199,0.01095673178488723
0.5540103475024198,7.650928568406195,4.186123869882345,0.9149544812216995,455.01061894597666,47.324630117278915,0.007193130432256784,8772,2497.949435571467,2497.939739567526,0.009696003940904854
0.3809707629122165,4.571991804024271,3.000665933241356,0.8496198540663883,405.3625307316445,87.95744207883799,0.007326426041911402,5738,844.1874718004588,844.1757720567457,0.011699743713026371
0.48471987535002015,3.3663182286893236,2.681336108298614,1.0239395445982111,137.2443797267687,99.3404519603634,0.0057911857852474555,4901,421.8258192982502,421.8139987600178,0.011820538232419379
0.6806967182601975,4.379487598186481,4.257634825700811,1.1314560114187453,380.0227817142526,47.89339281693983,0.009576156426990102,8902,2860.2905169455735,2860.274492696823,0.016024248750270195
0.7706932684217511,5.479809072462067,4.711883381198259,1.4985284969279518,275.8518613220684,30.348509296988418,0.008924794998310592,5933,4865.588346349289,4865.570913461924,0.017432887365681007
0.30900222181120884,4.088039647753085,4.951429366091419,1.1016953394477187,385.6850635487381,31.550039838634262,0.009618680283996522,8670,1307.5701488415032,1307.5562086742127,0.013940167290542028
0.464792824582258,3.1771519533258203,2.2844265240401787,1.3083698119551597,272.5319977349982,80.69927127593488,0.004499159303144602,2549,1184.2953494244407,1184.2847124458076,0.010636978633210763
0.34224541389246627,4.586518259235823,4.959128636575305,1.2853779183907743,107.58117384873628,31.593724187050924,0.008900048439595222,5934,580.700513227596,580.6854590032747,0.01505422432137222
0.2787684524756822,1.1725561967490843,1.2016681347822418,0.9431373651754057,306.45925101015763,40.83372548277093,0.007865872294661956,3666,180.4318333832051,180.4213854951634,0.01044788804169174
0.8050484979962546,7.9524806148668254,1.6409739916935915,0.8409550060146055,271.46029657880297,36.35186749296638,0.004059756127306118,3453,1482.6897052217505,1482.685050070496,0.004655151254694423
0.9183274249932932,2.538504042108272,0.9005725613025328,1.1822047260735113,283.0647801386488,48.4542851224786,0.001959339326537974,2567,1249.4296787843484,1249.426240078046,0.003438706302454292
0.43320896711611906,1.3951415226757353,1.7228233241801676,1.2902139146201332,445.50610414064164,25.949326011974996,0.00714359124907127,4752,1001.7302450056961,1001.7186365575508,0.011608448145407825
0.7761510319363902,6.883288236145713,3.9557189822810503,1.4987762531303792,452.67667101781313,88.53939859258064,0.0022280709170969235,9479,8554.562127121557,8554.555831075002,0.006296046555509103
0.90729576042797,7.9654251594130505,4.3381596118030235,1.0510277365968195,254.09169804457326,88.81170494407948,0.0036439822630100088,3473,3133.2884634809066,3133.281232131516,0.007231349390757538
0.8615117894772084,8.324462184335589,4.0050169029615725,1.4274551934567676,255.07941857603976,53.03463187861518,0.005503281187994086,1435,5520.867031698774,5520.855009776613,0.01202192216076286
0.2645320496853033,5.4415826439454,3.339796001754633,1.0673527191084304,281.8341314926772,68.96700552187802,0.007118942816336259,7224,745.8611483455405,745.8483095177776,0.012838827763002571
0.9606626933620253,2.8483136622098675,2.812849306351905,1.282588195901359,283.8151752504156,71.35612567234438,0.009336048914775746,3405,2539.1606692629543,2539.140150555886,0.02051870706813778
0.43900879638651624,7.635049095248441,3.6891693014614093,1.2187770513619365,477.6742148806007,79.9406492276743,0.00633916040364097,9446,3527.471432046201,3527.4575297898505,0.013902256350293777
0.40531659505645273,7.2974176943890345,2.258750971702498,0.8370851553118179,342.23021031987207,61.65520700352409,0.007042717897048854,2834,928.8386377588886,928.8291076111988,0.009530147689768589
0.1561881945500023,3.2164366069285593,4.285887581748658,0.854871898879181,174.85564769957477,60.82688363533488,0.0037901246513588026,8042,149.7410561295674,149.73584522425773,0.005210905309662738
0.5375562886943948,9.130669802765137,3.547355422895534,0.8145348628071227,289.19155862929546,70.50430218625687,0.0071856335478568505,9656,1307.6268794392338,1307.6168999093225,0.009979529911295405
0.19811225407683583,1.939343122745461,3.6401211432248384,1.0595838592157927,332.2506123085923,76.2438716535902,0.004940111086570671,5351,412.33482366610133,412.325598247665,0.009225418436274307
0.3236858388346834,9.844194156321931,2.9117119690808204,1.3220607341362076,337.89727445628404,47.735230162340144,0.008712380645953964,1422,2438.515647168664,2438.4986305870366,0.01701658162768404
0.38524835959055326,8.742230298797182,4.483530428950276,0.920928775793506,313.3644018071822,46.429637861505206,0.004532054625113269,6933,1354.1449843115788,1354.1388727784895,0.006111533089246544
0.8279436911425156,7.191087809311677,1.6340663015557362,1.224097077868727,129.9812695796918,41.57747232767274,0.0052144481949090125,7072,1423.1096188776776,1423.1005820006467,0.009036877030838076
0.8879397853563069,9.448748994518496,2.2151644401247284,1.0021794460217546,65.11693508577837,63.90772442501988,0.0048932898121923215,1554,677.3574174772499,677.349379517066,0.00803796018387223
0.3722196857153227,7.5008005149133705,3.999391563549601,1.3578948367853505,202.02937356508448,48.81245516446179,0.008300105508766467,1006,1594.6148026106223,1594.5980304492641,0.016772161358246065
0.8728283091201166,2.7141129732704132,2.7173700325820196,1.3588773043020936,242.3849695521141,63.22506141661055,0.009583292773107148,2765,2121.8651266577367,2121.8438706430197,0.021256014717119836
0.871507843632812,4.9794052430153055,4.501463060408859,1.3427901604764965,77.81190780923897,52.478781266153725,0.003945486708849466,3091,1159.2705532380376,1159.262474972083,0.008078265954487358
0.7881858553463862,1.643527218984718,2.0587969389328356,1.1673834596609638,416.73530210893074,86.93873460421287,0.005275251106858692,5830,1657.2707192819794,1657.25920714439,0.011512137589355027
0.2320256026136634,4.5069168005930385,2.1619857596884016,0.9991966970558962,204.8348468796232,25.85041917963686,0.007353336400239122,2657,316.4526906617565,316.44344389100297,0.009246770753522248
0.7212905622106561,7.674427177634878,4.499311052239814,1.3666108307150442,461.1347357803271,65.77684748837397,0.00905843459831258,7094,7562.283269023337,7562.262746919158,0.02052210417885792
0.9505216581225119,4.477990158377357,2.589666440819185,0.9302703933574691,119.48454852901932,66.04990004697582,0.005443306271614187,8463,694.6609077139349,694.6524993676566,0.008408346278288415
0.7142864308904414,3.972647579213207,2.8225606289111904,1.0028317214200593,75.62073062179104,50.69738484309599,0.0019800415740405457,2962,369.1268903125278,369.12389799216584,0.002992320361944953
0.39845516419705057,6.358201502592807,1.9974367190105573,0.9287633943124352,267.0422469738448,53.68167156505145,0.004318042451511894,1490,766.924711562954,766.9185482520875,0.00616331086650366
0.5505213856877482,8.849840760990055,1.7450147398058686,1.2719471122713535,135.108201571568,84.01050887063428,0.005953256968961018,9509,1274.95189576724,1274.9379620719455,0.013933695294559604
0.6811525390159483,1.4282487329150118,3.451769198772764,1.2803652196810726,471.82967401003754,42.453896820826785,0.004757721453694293,9082,2571.1075922319715,2571.0989144803716,0.00867775159981451
0.5595133678556532,4.469233912297619,1.0392829769354175,1.2567569949507271,54.63652930418253,89.71230331409303,0.002679001541092631,3548,265.97530037942755,265.96891304329483,0.006387336132713534
0.20795764755787285,2.4241666763373644,4.456726885323092,1.0909210268052676,235.67885377656575,91.70746433077547,0.0013329054580889575,9524,401.35621720784513,401.3534295999758,0.0027876078693248223
0.3808576401868186,7.258188256586827,4.006414115442985,0.8701197050410033,467.03649710532574,72.04954435217567,0.007186677994719055,2176,1517.0169967388213,1517.0062380160434,0.010758722777801301
0.8221564274982693,1.9515210438802137,1.3583671866761124,1.4378187091605148,222.98819302839576,81.82861709664787,0.009934634716994283,7099,1254.4891393581695,1254.4631665881825,0.02597276998691991
0.8752762414859657,6.983269827222201,3.623089756210544,1.1554116748085668,91.89917627020733,69.03580226835908,0.009272859705069554,3600,1138.9469984218038,1138.9288879760475,0.018110445756368745
0.22357002944401322,3.575627837181166,3.211848145785357,1.084880536437764,186.30272428780418,62.02072909972733,0.007149438197747322,4094,332.75250443407776,332.73993764238696,0.012566791690797274
0.9571480771588522,2.7902513236350224,1.3304077283148985,1.2121774252738053,274.10467722549504,97.33422034001836,0.008573768276647863,3263,1588.5476627707114,1588.5271539665725,0.020508804138812252
0.3959403560637484,9.427173020424869,1.7294157772260461,0.9349533050733742,133.3182593044999,42.61239713819713,0.0033015485662047385,2066,514.7950786391629,514.7906764886101,0.004402150552792683
0.696082364857648,1.1667211907136028,2.340439266802255,0.8927841453734121,259.95276731446785,32.33207573144897,0.006601909924706018,6744,505.8367134850427,505.8289137259586,0.007799759084114045
0.7766426313610131,4.939995447006121,3.6465923086046326,1.0838676550205606,426.3544381036269,42.99882905140122,0.0015454379385906889,3790,3340.1460021975245,3340.1436068953603,0.0023953021641297608
0.8307516111740951,1.194642932156144,3.3742553396765267,0.9590544858699374,442.6780865884759,69.17004867035561,0.007364655345812121,8079,1545.4701616688164,1545.458213009388,0.011948659428632621
0.9511747320033371,5.3523374329389615,2.8950568145451405,0.9710032061760152,72.16733061982946,34.814675048091495,0.009728851051218419,2673,533.7887193456309,533.7759837462972,0.012735599333569863
0.38162759322594036,5.5094264001497635,3.957847444013154,1.4247580414449705,122.40651112365808,92.70512345810513,0.008747175764960733,3363,897.7658455615773,897.7418294754964,0.024016086080864814
0.8726558090963991,3.8949622425527233,3.9107198282277467,1.1715314240300774,173.88056109506186,52.881952053231416,0.0058099678729447365,4723,1625.6069213359226,1625.5965153342252,0.010406001697462981
0.21851821309258634,2.1894559977252133,3.2803661932801513,1.1384283450263457,317.6896328994208,87.99703026334748,0.00809866197381499,4501,492.14218009865573,492.1248472493241,0.017332849331636077
0.7345368157182335,4.387487839610277,4.041455375231713,1.282635715610018,212.4476414566102,39.938923562305334,0.009495089289533482,3814,2163.957306612876,2163.940263814313,0.017042798562984074
0.7677799565625874,7.050366459393095,2.0041851865064415,1.4660836795737178,429.81841105073397,45.0534684066198,0.0029441582014529386,7642,6422.537914401413,6422.531653339193,0.006261062220221904
0.7099509170811884,8.041562277800132,4.465622877451725,0.8785389951293949,372.50234072732195,24.737871773799725,0.008139326616796403,1348,2552.9394425055507,2552.9305228548114,0.008919650739130005
0.3270832625216377,5.776755421493281,3.2670953861087333,1.38347419697648,95.20521040107869,40.62141537484592,0.0034286226217196806,3122,539.0386783700905,539.032008118506,0.006670251584447337
0.885738832313683,6.3085095499578,4.200635812155937,1.208813425907492,331.05087613044105,59.22510551706411,0.008892526797457,5133,4502.8556702670785,4502.838554514378,0.017115752700452156
0.2519726170333555,2.8055473401218745,2.958255971556278,0.9023157476682861,100.85568140614029,95.69095341785938,0.0018851905512113094,1211,119.25924701835459,119.25591824259311,0.003328775761472707
0.14827131236874777,3.585972999048845,1.4829721024490616,1.0080045230822943,164.76605133640703,51.11223791131985,0.0026039657698285735,4529,125.8291042461038,125.82513783806904,0.003966408034752591
0.745718491550721,2.4570604904712257,2.9408455790523886,1.1376529915253177,130.0417850904026,71.17951035866767,0.007485548171246217,8737,677.5044136685715,677.4898360963258,0.014577572245729637
0.5279281437094603,3.243658150041502,2.1700024869946466,1.2838240012041962,127.87787714031722,54.216809397503035,0.002572997534769241,7349,602.3874491034863,602.3823548966487,0.005094206837643172
0.8641882179628085,3.023981022029786,3.6387456621669254,0.9698249118674166,327.37798614958666,23.7433480614353,0.0024224887171273995,5100,1772.9528879777176,1772.9499807639882,0.002907213729429284
0.44505742695243306,5.675039077521138,2.641072062806311,1.174415170827313,303.62221514937266,60.282610071736215,0.005999201896589848,1147,1549.9452294238763,1549.9339366264796,0.011292797396760673
0.25145072965694154,6.0641988021165645,4.262507622174595,1.2792701391911032,129.2126687544771,25.273091736313667,0.008514885139381638,2709,549.104680417957,549.0910346226439,0.01364579531305661
0.8527979732228828,9.50452678739354,3.551326305448625,1.1141185255932544,495.5777624382943,90.69599396780288,0.003416206827471662,4022,6848.98912159153,6848.981863588891,0.0072580026393489015
0.5940186684760645,2.7601358239137075,3.5804499486409576,1.404118172784123,239.8265295657322,80.24295695607312,0.008570243644349365,4990,1780.8990762175492,1780.877386438273,0.021689779276120758
0.2702762131513194,6.7750813914534636,1.4771990007097924,1.4086213719882832,93.68119766972148,50.292117700189294,0.008271580568913773,8854,414.6112913017042,414.5937799777826,0.017511323921604517
0.7483455987278012,8.355333420887707,4.9291239492108065,1.129483852348312,104.2560576298018,71.21749329530319,0.00621194860863402,4836,1322.243148232008,1322.2311351064823,0.012013125525675844
0.5600022746405505,6.0421731740474725,4.2875384417217,1.4810479972862298,312.75217117696764,28.962252425066566,0.006819064783185432,9183,3968.4235043862454,3968.4104800212194,0.013024365025917844
0.6438816840162879,3.2950328725096814,4.050521980523126,0.8529095646838132,490.58123152256275,76.20439895701207,0.001363970679507174,5523,1687.9054029573144,1687.9033530946483,0.00204986266602347
0.5148085043859237,3.362952070180002,1.9859685132201235,0.8023536648260556,307.377995728639,85.81859271931756,0.004304220024733419,1368,544.9058028470203,544.8993855894503,0.006417257569963628
0.8458380854362058,1.3532774776389993,2.9103424378125435,1.0664677846627433,477.0686644774867,85.73965188305876,0.0033705543800651733,8144,1956.7870868116136,1956.7804102370021,0.00667657461150386
0.8466064441147448,3.7489980389363353,1.116964346334479,1.2207679429607565,249.85978284111204,42.742203815252466,0.002350034746547252,2470,1533.9601148751017,1533.9560198195506,0.004095055550975852
0.7384499396419476,7.701433111030421,2.923141894982177,1.2404401102147626,246.1284966434054,41.09969562214613,0.004506933962412835,3597,2971.3053162647066,2971.2974279709993,0.007888293707271694
0.19486123965681604,1.4276598148639934,1.1565016091747928,1.1335120154056801,275.003311692147,61.711815032214275,0.004194137767126896,2302,177.93199380093807,177.92430585055928,0.00768795037879695
0.854968475713662,2.973657542543476,2.9886702979532056,0.8874183192684524,363.84145616999984,97.42177295438788,0.007560025103167544,2894,1460.625413812755,1460.6121689740107,0.013244838744098458
0.7039116824796189,7.3560924867860376,3.419248460697075,0.919348265251526,215.4271849030997,93.64183820848682,0.0063828670642907806,3524,1381.0626979315964,1381.0513348779489,0.011363053647557507
0.7273217494038696,8.04386406540589,2.2558818526245608,1.3965035886964063,438.7487147055307,48.77107854047854,0.009217900619218174,2088,6409.945735123199,6409.926584073242,0.019151049956245447
0.42668455636348446,5.097865690557356,2.7434519524908194,1.407537792217483,63.17662314566581,82.38636049464353,0.0023086682475025504,6705,418.77298254329907,418.76705582955805,0.005926713741004088
0.891351600541306,7.28266904630784,4.440440244535637,1.2717289765025042,247.89388776279904,93.70542112731658,0.0015377374479117341,2326,4189.355425211412,4189.351637136728,0.003788074684234008
0.7528344402113717,4.491569517894028,0.9885341511626422,1.2649525805952178,279.946332490963,40.8741172574084,0.005811470087420159,8484,1848.0510322123196,1848.040676226196,0.010355986123549567
0.20133141987627504,2.4392192052171477,4.062798018498438,1.2183774896194652,323.1645072183933,86.42365196823518,0.0010092442474970657,5269,627.9840986190101,627.9818062783348,0.0022923406752464698
0.46700023096554644,4.583345441706158,1.2683954794828838,0.9420481199913918,174.23236056463847,41.43165015273412,0.00808947048821469,8582,422.55987744733903,422.54909940734746,0.010778039991561558
0.8977423257641276,6.2197103818282855,0.6651859226208278,1.0997754901819323,242.3659869436259,47.46257007097685,0.005553755998165086,4356,1811.8865830319835,1811.8775761881907,0.009006843792800989
0.1424770315276411,9.532479536676012,1.335085712352715,1.287126256024365,268.0419875963255,35.90565526806033,0.005392590184521043,7216,687.5878620296895,687.5784288937012,0.009433135988285862
0.9652749576778445,1.6187585687980959,3.9426943548672035,1.1760765904023371,359.10949040744595,60.56638392581708,0.00426246380851757,2102,2666.48232554604,2666.474276379061,0.008049166979243847
0.7112463114876065,5.5665468446046455,2.32306733001587,0.8130062338385695,398.0948831311163,87.4648715408993,0.004374764525338863,2067,1476.5634040390419,1476.556736455652,0.0066675833898086284
0.668238379879039,3.9602780038965193,4.426342325807819,1.4674897647040688,382.02229730470424,62.244170994840985,0.004880203104255903,1744,4610.609768743028,4610.59814938643,0.01161935659780496
0.34350333083919227,5.574805248490251,2.861183935320196,1.3913712368005005,203.71237353031339,29.8752007754478,0.0011442910998342717,4074,1142.8025581852949,1142.8004903984256,0.0020677868691471465
0.3239126098652594,1.215779026388785,0.6001265836684893,0.9823815098768165,499.7527353463836,40.1420745781736,0.001751912084945842,3490,283.68760272109796,283.68519081147423,0.0024119096237530924
0.9478523975397359,3.817228192314232,3.7252112432086704,1.2315212546164074,431.89939030423074,65.02894938250711,0.005545432180101134,8544,4682.955209782104,4682.943939431026,0.011270351078390214
0.36844520881071047,8.378813327743044,0.9960480892455472,1.4462675686097315,167.01051791523602,66.65499644564481,0.002351100386978237,4764,1206.6489173447992,1206.6432505412238,0.00566680357549987
0.7979547670470994,5.985475604691738,4.05220835057866,0.867207708479556,137.7976125527724,66.15247228358959,0.008008863475122984,7021,830.0529190905427,830.0413792228964,0.011539867646281479
0.45380961838637124,5.055242435345057,1.2564614741233102,1.1521206365576904,191.3095627625257,26.160279400497277,0.0034703665660407324,3862,727.3708897184496,727.3658454760481,0.005044242401532042
0.22532866370623358,3.5697256454380564,2.0545087361248107,1.1193701180924063,253.5551838498402,80.29567141078034,0.0018810967361439165,6955,402.627893864894,402.624097480852,0.00379638404199573
0.10964376792582306,3.682382705122203,3.9257214333141213,1.0871435036984727,432.85972024382625,92.75425591912052,0.0031168893331310486,7868,426.76419111504435,426.75765962553606,0.006531489508301423
0.5898316033137257,4.44791290231526,4.794041108643897,1.3849120262250474,400.2630187075405,60.841515818392,0.004213884071402094,3560,4184.876588393491,4184.867201909853,0.00938648363849647
0.9782009366940394,8.520136389681044,2.1714527779102957,1.0664523026882202,433.0607555776442,77.50634294174903,0.0013178494773539527,5791,5151.126898423653,5151.1244037076,0.0024947160524549394
0.43222257442828405,9.704918861274415,4.232300990895211,0.8445643332687054,172.3807017096478,93.1212393629241,0.0022750797194769612,4834,740.6958139996989,740.6921032693539,0.0037107303449548062
0.4214731005937404,4.94789843215337,1.3585651946412742,0.8460864195150117,317.05755010332626,71.40982039584128,0.003914620790297677,3774,603.2917583316703,603.2860810541735,0.005677277496878518
0.4096824560644979,4.540175548729857,4.13230896591121,0.8299212245672263,177.4620780248185,73.94605795448409,0.003794324264287877,9268,434.2858534611234,434.28037591673586,0.00547754438754345
0.5684894535743726,8.618956982378766,3.45872326665313,1.0864017953118261,99.06042232377192,77.71235307071636,0.008203480269038553,4114,802.7783151494076,802.7624769345631,0.01583821484456017
0.4965983950818642,4.842147885726733,1.3673457824556579,1.302884394388852,357.8889845636063,40.84019611632521,0.00858929927781388,6704,1873.3772850808627,1873.3615238460752,0.01576123478752752
0.891923164054313,5.968163550660861,1.861267821581352,0.9426057233513608,114.34889803794745,66.6142299773462,0.00274076739229195,2012,709.5000463142197,709.495741897185,0.004304417034765694
0.5549687125511413,3.0784749813887,1.092968998686662,1.2525279643020846,350.46399276791215,87.37400916355651,0.0021154589552156264,5285,1272.8431081505569,1272.83814335484,0.004964795716854813
0.5569820543697119,7.691522822011677,2.2233515497894096,1.280961930472593,341.58393720743413,43.69301842086006,0.006707462358892765,5357,3095.2806776516336,3095.2683315418412,0.012346109792470457
0.22453443524850095,5.787894864437037,1.4164188850547483,0.9786414868109186,414.61179999080764,91.77363996774882,0.008241612001258884,4556,642.3547415564346,642.3392738935204,0.015467662914214239
0.9844655868193474,8.281310952163075,3.397990791337131,1.2203903592424405,112.79957205360398,69.63055598125055,0.009673507875017185,3325,1931.6431980568846,1931.6231723966584,0.020025660226078386
0.32497560178194673,8.026594570258027,4.975272968992514,1.2794078380187932,402.5660668289649,53.853988114644494,0.0010611665627186285,7957,2784.2741682411925,2784.2720794197253,0.0020888214673926817
0.16602766071364242,2.935042914430257,0.5540412338791887,1.126629535961488,499.6744366758067,69.85463691202344,0.004723103020841241,4988,367.4108464017888,367.4018081183111,0.009038283477666437
0.696831624077688,7.440719955019862,2.934139159792844,1.0357016180960665,432.96910186365596,52.14879245512611,0.007605890506849471,3354,3357.66856146394,3357.656576044594,0.01198541934572623
0.6358297331411854,8.200489671562343,3.0814996889705437,1.233406086102029,388.3154343474498,87.04284814785397,0.00845703368986919,7693,4237.652545866885,4237.633035508153,0.019510358731662323
0.47363108859347114,4.1149651670415555,4.613939553563654,1.4844929611296398,347.97440961261844,58.585486405407764,0.0015605735381478802,3394,3170.326928524193,3170.3232546369777,0.003673887215567967
0.47997301049261026,2.553482016120471,2.777024006451219,1.0987889865582847,239.80166810844324,92.09706878034693,0.0071255306751771465,6542,740.7554725930352,740.7404324401908,0.01504015284431075
0.8065575289417881,1.0236894002162935,2.9466563884021286,1.0742145673995847,378.725075551221,60.78464646782612,0.0036004484565907305,5521,1399.4962774985934,1399.4900589044914,0.0062185941019066195
0.27614137608968414,5.058132877838333,2.6224376059777486,1.1249868316982794,375.88011581320393,72.82947117099097,0.0016713726339981285,1041,1008.9522016911608,1008.9489520266538,0.0032496645069363104
0.8382279870504008,4.171894583849574,1.7100693705266663,0.8533528754115338,334.1742272092797,99.81955368054804,0.005401923235792006,2848,1199.8255746124064,1199.8163634370726,0.009211175333727818
0.6838724025055164,5.9941885044286805,0.7521310996201116,1.187214295769973,408.3252702340228,31.757267280683294,0.002423380088837314,5191,2655.2603066630086,2655.2565159122414,0.003790750767075029
0.47707279640157196,2.6923698332990718,2.3389595699442625,1.0300881710520846,251.9437497920756,78.93833189867246,0.007633067662555164,8430,641.6959757756572,641.6819063329078,0.014069442749414976
0.5122257549254817,8.736989928998277,0.7366616205830534,0.8849954856318838,104.56372045957579,31.109778233274685,0.007671356197295082,3866,397.42179755936996,397.4128963649585,0.008901194411461479
0.33098248646748624,3.319796940652987,2.97721611259663,1.1263797187821614,301.5804774241568,87.1093092611517,0.008578609884887586,7893,797.4846316191646,797.466551672865,0.018079946299591806
0.7769028994272773,3.0378664457888496,1.8828213945903192,0.8023687906017842,169.2695879201042,67.71627049296093,0.004398118166329771,9396,416.60619114768684,416.6002725868268,0.005918560860029266
0.561587268074741,5.326426508359203,2.9012108068644253,1.0812496716139313,222.9948938431176,95.05276484851674,0.0011197881750757927,4334,1204.5924577994745,1204.5900961579498,0.002361641524598005
0.38876908847485925,5.489659213698468,1.1043363397783401,0.8740146875485154,57.83670677355171,89.27652815558946,0.003337623445370318,4659,113.26678289061391,113.26126144460773,0.0055214460061907495
0.6364451041848552,2.9357670590658356,4.6968348458271185,0.8170048923798462,222.2557645630475,25.989762997505874,0.005210305295727493,8079,720.6744771674646,720.669113978642,0.005363188822606134
0.9961610068461908,3.446746540533242,4.525345595974707,1.3771325323711514,413.9604977609546,30.984203334308873,0.007246101514744455,1654,6234.6651581569595,6234.652087450095,0.013070706864421258
0.49173605169089846,2.5273471523972044,1.3549842914102803,1.4413741622978444,294.2250651222147,68.09367428854601,0.004438365271180673,3362,1166.9756503132544,1166.9648967809455,0.010753532308967154
0.9286222607007576,7.4661416049085005,2.0454992748230447,0.9453722538513747,54.41023712028697,61.46517119536598,0.005824435564604243,9075,429.52638488164365,429.51749418986805,0.008890691775591642
0.4105151559321095,7.930801281286737,3.260717473333908,1.177508784683983,261.42971910793125,33.485210449075566,0.005718372287101452,6371,1665.3435307885586,1665.3345426505443,0.008988138014285904
0.1492594362324873,5.160956477133544,0.9305879328765783,0.9945707099916895,181.15324144043333,30.348738261731985,0.0024848411442248493,6452,162.9278168661319,162.92459549230077,0.003221373831138875
0.283817895731586,7.426783204165157,2.0955551950226785,1.1455042070705275,264.897794928727,65.11926267532905,0.006607445500720115,5839,939.4223424083904,939.409844768148,0.012497640242351513
0.4768256289949158,7.62341852743701,1.6300052906855274,1.1056419246259122,232.11172465154468,23.91372383799996,0.004953265553848581,8593,1251.960057320065,1251.9532711378174,0.00678618224772531
0.2976714357351121,2.2444797491002775,4.619825279225135,0.9883357385563399,469.3906488008217,89.89882423627512,0.008271268314872439,1284,936.8808574008477,936.8653335706043,0.015523830243381394
0.10020433439642999,9.69560222351083,4.336297863301423,1.2902755057447084,68.52978453335712,84.56663358420964,0.0072155008731600995,1511,160.43302810249435,160.4158449783676,0.017183124126750847
0.9235013839727746,8.389287523867878,3.109247335700887,0.888543671524178,357.6146050768695,82.82959773688715,0.002003222675777992,5124,2998.149822575513,2998.1465682985686,0.003254276944627076
0.8594914701078361,2.8403511507624115,2.8415585159220837,0.837150947519957,432.9619683357837,21.279771763259284,0.005398825690329117,4078,1481.8177676951905,1481.8122862957653,0.005481399425263635
0.7680630083382525,2.675485321714632,4.688266075454287,1.3373728031260954,481.6573630927139,23.811275473019037,0.007322449226447687,5637,4872.369611110418,4872.357486464803,0.01212464561581439
0.2510331360814258,2.1309503102162446,4.695925023404669,1.2661510218544758,129.93630194493315,63.98712969205829,0.0017831055322660837,9406,356.99246522250854,356.98876291641653,0.0037023060919919265
0.20832721858898745,2.2454070628772653,4.861985564082472,1.1489682869024787,289.08716088478724,99.55405511153421,0.008132473293009684,6119,565.0872924372663,565.0686461983357,0.018646238930666782
0.16084427452514485,7.7334561912582656,1.0642049784868444,1.1274528393307792,69.61530979274536,47.38529607770814,0.002998040631799595,4331,125.2251744086649,125.22019256543031,0.004981843234591236
0.7516262698956291,5.226888312564612,1.222510148434266,1.1481879656439984,274.63258600478986,47.549985312427516,0.005527763159263207,3308,1755.0986217653988,1755.0892568989493,0.009364866449545513
0.9359271646190968,8.046407554658805,3.5453151440594897,1.105916853269071,106.45614029344186,30.742237348958668,0.009465051587253727,2837,1412.569785078388,1412.55609955616,0.013685522227971552
0.4874822388217333,7.716294049151848,2.936455144744302,1.0750246070818255,427.05350361442106,73.94686429916011,0.006142008113400556,9010,2562.9583298070147,2562.94684442631,0.011485380705021562
0.20722660479644336,6.441514421546994,0.5830965720195618,1.1497834220202843,101.24150117241417,71.73413511952046,0.0048164900653355274,6119,194.8406864354207,194.83117593566757,0.009510499753120075
0.561153538658896,7.177299459208116,0.7788876619528371,1.1699606198118324,280.9797621739229,28.105793310332725,0.001061154346592284,6736,1717.1357308084453,1717.1341403637518,0.0015904446934850414
0.4139487167127671,1.165201519412276,4.496361720164623,1.2843316198585346,284.4932310467392,57.39298296546809,0.002200722604966703,1565,1099.7929907136804,1099.7885420677073,0.004448645973115594
0.43734243191499794,3.805998821245198,4.409918579927238,1.297845012513816,487.24272406922245,73.36599270575795,0.006207974965881889,8639,2948.97278535079,2948.958817271226,0.013968079564109896
0.6591975617401366,6.7403996133346915,2.1077191489822034,1.0643403560981013,344.74131231749965,59.481290905754165,0.005444425365883645,9992,2277.8372294236733,2277.8279879268093,0.009241496864183704
0.7468463019359821,1.0841045813761978,4.509727776187406,1.0894783659204421,179.52813188456088,73.94908654918044,0.004274462580821483,2278,890.254887790333,890.2467870952955,0.008100695037409851
0.19954323898584478,1.2967924931433408,3.1715378347905583,1.0615880188153561,158.3596894721623,85.30163179451918,0.009308942968547057,8191,159.14350636807518,159.125194374732,0.018311993343187966
0.13203120772582874,8.666991842233449,4.126575411585058,1.1755750415379973,107.7116925402792,74.86523464974141,0.003992342836833467,6084,251.44672989622214,251.438522948619,0.00820694760313584
0.9948972724171434,7.156223755228646,2.423439820220964,1.1173474765399367,390.4316258220768,69.2891388664419,0.00583435680799696,4504,4645.698526150647,4645.687490185155,0.011035965491591235
0.3094555140239967,3.3883275980830954,1.0102924730520892,1.4227175241953356,360.84049528205236,88.28722055555946,0.006118420685717172,6613,994.2016256405752,994.185235644105,0.016389996470254627
0.14844747241761316,7.1916655610683815,2.4517717819070732,1.287452886841531,324.4447072886477,92.04708542958305,0.005747215510575304,7517,769.8676506844072,769.8534406035648,0.014210080842438959
0.27088779618632797,8.13211002225337,2.5578490909860405,1.429059468628112,68.37819932749476,51.110914974064336,0.005298268523860894,7905,404.3859289897151,404.37448756513254,0.011441424582566223
0.13506206171361781,3.7611485479909113,2.9792488722827137,1.2963958940915978,393.2729898774325,33.85999101791087,0.004033573624107173,1376,601.718472588641,601.7114729047606,0.0069996838803617675
0.45262980515545453,1.324336397492687,0.975122208069926,1.4796945039666698,338.84940971681567,85.42883232064405,0.009178872697356576,9142,772.2070520491366,772.1818672395984,0.02518480953815632
0.8221616060061918,9.39501212218961,4.961308383723251,1.2450157447786885,483.74999064971973,37.10024858395865,0.005057229355832304,2104,8850.573597531256,8850.564965246938,0.0086322843188062
0.40712000478194854,4.106618544660674,1.5986156936310785,1.4744850967141383,314.2409584445654,94.31605357992686,0.005756039806114681,7746,1586.8796895249675,1586.8631975427584,0.016491982209155393
0.4997650661905299,1.9583358695623574,1.3934858159169181,0.9107189232865983,186.77835799776867,21.830235617752276,0.006908301854472181,6674,259.51048173483105,259.50281675969666,0.007664975134360936
0.708028096210695,5.426711842538326,2.8706131348517143,0.8367343765805827,221.6842484851941,93.70169460954428,0.001608904381883812,6242,911.8006428442566,911.7980351824465,0.0026076618100621687
0.5580046630628922,7.916210160977204,2.917436807276999,1.2053876296427015,129.1283174202046,67.13463940896501,0.008031593273169208,3847,1134.210479535619,1134.1942989250242,0.016180610594736904
0.8753011174191918,2.9948258315580323,2.4791933202495993,1.4884452440598424,375.3113819906233,81.9793693210305,0.005612565790774321,9214,3984.0328755274945,3984.0176729766986,0.015202550795743883
0.8794321075411808,3.4254104512002703,3.973514658463645,1.0923236731116779,368.47474700977637,51.879406965152356,0.006914592422604702,3703,2860.7711112520233,2860.759639841433,0.01147141059020357
0.10891962594203829,3.1844348811872485,2.8249448032787123,0.9484303535350718,140.2925069649543,99.3373033527104,0.007948108588723224,5865,82.61523640213359,82.60020990283661,0.015026499296974234
0.8002416758348793,9.925057475485104,3.2436295481524287,1.1650790144354597,121.32019543202537,38.204114205303235,0.008866894516877933,7662,1735.4458810754643,1735.4316037160152,0.014277359449150784
0.5146602402175064,2.776633603574883,3.7568587343350353,1.254159037205222,84.65221994098756,41.14749301105398,0.004529983752576379,4348,447.73119933519393,447.72318029435695,0.008019040837004547
0.9899564871732968,6.179681952695116,0.6126129570373997,1.0206250868611222,460.3890846567914,24.114595522997835,0.008302869034140296,1376,3224.716597093177,3224.7060794778467,0.010517615330207241
0.5349088682878916,9.327381774912679,3.0678988214527014,1.3003385509494816,154.881425162683,95.23786904491506,0.003329532060093116,7434,1736.4028397429313,1736.394386882502,0.008452860429248019
0.9882063508494677,2.3220691199000134,4.478875120527662,1.4825801549320081,204.87358703831177,56.48234428789409,0.006943020858616298,8620,3026.5057455320084,3026.4896378889825,0.016107643025789972
0.779112425085163,9.737687780809303,0.5782493431644526,1.427874185197432,176.2270287698708,73.98819317754794,0.0019243657061167548,7485,2887.765600888831,2887.760820124574,0.004780764257265817
0.3237443961519757,9.52729510956062,2.3233194671043247,1.0041097614585368,236.13107117485598,74.99525819702725,0.0011802742068166769,2356,913.3971135203726,913.3950396080775,0.0020739122951736496
0.584555481358262,8.961147883524363,4.668023525926235,1.0287065782012188,371.3219597221175,89.9601673826142,0.0018618681350137576,2766,3130.612848781145,3130.609210443669,0.0036383374761472815
0.9929220755307245,2.9310086919700202,2.08919481027142,1.060078857114712,441.768035176828,73.19402005171274,0.0038744423790622825,6505,2474.619160682897,2474.6120472330804,0.00711344981663315
0.8717775469767314,6.70649550409885,2.564279708901084,1.0761869448755517,132.16943728784307,64.96169458433498,0.0012798515244219785,6426,1237.1689383421722,1237.1666662265973,0.0022721155749548826
0.187630204412099,7.848023256651161,4.916936268699407,0.8702236494352956,358.8855546835243,76.82548193528349,0.006674421449685363,4841,650.948735017001,650.9384645697045,0.010270447296530814
0.7357347971289965,9.874251353767868,1.3969573652775822,1.3333739872225026,208.65296400911834,80.07766392025012,0.0038489008454403837,4244,3076.2498708936873,3076.240629264276,0.009241629411309743
0.41102162728373176,2.6238143987323337,0.7936483510625267,1.0557374845274903,491.23722573378177,34.874235699878554,0.007627384609428683,1543,769.0910371067607,769.0801763375655,0.010860769195270901
0.10628403569231332,7.894233095673668,4.3674016588758695,1.4158739836938166,184.51362167783458,28.77336311814024,0.0014132362264264507,7047,482.05475410530175,482.0521773961416,0.0025767091601595245
0.46313287212429965,4.049210529344016,4.408094035455658,1.4488584361840762,53.23683020353698,25.98790803884505,0.0029503140989274837,9967,437.730711463677,437.7253260003442,0.005385463332789518
0.3112789795524742,2.580638190112021,2.624350256060059,0.8171019165153817,282.0379883089303,49.92427956180293,0.004672030827967287,2620,305.0968878461117,305.0911644487433,0.005723397368408103
0.8369823434684244,4.792392470924694,2.8139322851477884,1.4919521489497445,117.82898792417198,59.84001918701962,0.004443864060646417,5312,1669.7669192029816,1669.7563217577058,0.010597445275924905
0.40359754796118896,8.144523209337548,4.261128663280262,1.2970159120501292,70.02249206827959,69.25199186318886,0.0021789880555270645,9723,589.7932561620878,589.7884727924542,0.004783369633646918
0.8447713245584354,5.183648233336469,3.823517741521078,1.1642745581950735,364.2211543764688,96.6427615751688,0.009947231322234915,8828,3756.695053265991,3756.6722794614193,0.022773804571794773
0.10053814495131579,5.837707901827437,1.693170509976548,1.0726693258607873,379.51667712880544,46.4630256165605,0.0035599562275045234,1888,330.633183171161,330.6275902522701,0.005592918890889016
0.3770372350235072,9.95643469180109,0.576020097821833,1.162962692826799,257.31455590242615,80.86992416618196,0.007489288761863168,1392,1382.0212356880813,1382.005482345578,0.015753342503395756
0.3170486928769858,4.591983696016834,2.658650731400956,1.0272373067849112,354.59848254045977,62.508609567590796,0.002980240274905464,4457,860.1672982594572,860.1623231981431,0.004975061314051455
0.3102106249617499,6.538606792383159,4.365105467430387,1.2358814695875837,292.2077517112102,37.607194566953346,0.008900660896534757,8668,1509.6656709345348,1509.6505339203889,0.01513701414590617
0.16136795778891644,4.287197814538347,4.53125604510573,0.8650861935113539,333.41049847486926,69.22443433030072,0.004489824791347232,3363,355.07150560563514,355.0649327840233,0.006572821611834041
0.26841184336945156,4.535070816958345,4.803017886842692,1.2347858220382673,318.51678793458257,97.37409426317629,0.009108122400901942,8354,1217.2595358270173,1217.2373379908054,0.022197836211967473
0.5999946128970579,7.260766781008673,4.458034569257515,0.992741395096911,349.6202438250166,29.94466394010179,0.00407651427670574,1317,2422.703798650919,2422.6985398885163,0.005258762402697271
0.36222496555397005,9.44098278485395,3.1101959988414425,0.8123443803366425,139.83379190292706,60.582381163938315,0.0010777943934722211,7537,419.5240346045142,419.52262864118296,0.0014059633312291852
0.4756553040962332,5.881230554430893,2.500725196562454,1.1868940363140144,170.9179790165151,24.12866833204226,0.005653183879706153,9896,959.9599625783243,959.9516338795373,0.008328698786907446
0.4391801923124697,7.9155993605390185,3.986824309403446,1.2049134290968875,247.9834172784614,45.697303911708985,0.0057230914253598685,4771,1881.979107959175,1881.969060921199,0.010047037976172821
0.8883144324999052,1.8028590293526743,3.829197354645184,1.0985983032980753,250.7576042386339,69.6482142075193,0.0020785076450977203,5244,1514.1426163646843,1514.1387425410664,0.003873823617912283
0.9147690991094639,2.9004223368873427,2.921645435366545,0.8506003627852219,398.4852702141069,87.28455488246037,0.003114672160773632,5653,1535.5131690685914,1535.5082072615867,0.004961807004670293
0.543661274490274,5.519184768275792,0.892973176513111,1.4253400669629341,215.32714665328942,78.42627373808568,0.008051460318832145,7885,1525.015346687308,1524.9948703650375,0.020476322270457575
0.39714035528404396,1.1801055126589732,4.667366060541134,1.2280015650595222,123.12732022663207,57.02854225723791,0.001330802421657933,5006,431.1883237704187,431.18575756686647,0.0025662035522365915
0.19612063360212728,3.275694808863029,2.5502114187574794,0.8809993096982788,163.15968672098415,92.73782056833173,0.005405740180180126,5642,144.70326368155736,144.69408463273194,0.009179048825422143
0.9580625914438855,5.656611608424695,2.1350020186231893,1.1576514036159034,146.63007607290277,44.21717320190165,0.005773673110722066,3127,1466.9077753777722,1466.8981360450066,0.00963933276546865
0.15420425041026772,1.1346507843067064,3.333053278259473,1.14807802116393,379.2470086652099,80.31867281801331,0.007198408546085117,5613,344.40107987483793,344.38617773629943,0.014902138538498595
0.36788524981145243,3.3809165760343753,3.532270825251396,0.8422813081550489,261.65282658169195,57.920721739813,0.0013371064066012167,3749,472.09793186061535,472.09615332628414,0.0017785343311949812
0.36825958105300377,5.626277375282825,1.4480956266363565,1.2248017925220633,368.88381408694255,91.89086037382205,0.006270816943814176,9435,1441.676022170458,1441.6612839778954,0.014738192562515854
0.38836115752619343,6.158343231831211,4.266224801644803,1.3658284792450952,237.29885634093213,83.79462573230082,0.0010278823292036489,9200,1792.1834125018413,1792.1808321889494,0.0025803128918617437
0.24785815894516836,9.331765237497748,1.8047169214807004,1.3243056379739346,450.38102112675733,92.11757290456761,0.003386605305602716,4654,2180.266082225413,2180.2574659434254,0.008616281987404648
0.8048452878313275,6.80811060925547,1.3400776666144252,0.9420785899149284,492.58413847523053,37.13982791536587,0.005497158297848331,6439,2867.0101340370093,2867.0030319011253,0.007102135884104318
0.2102480757693903,4.732622222769944,2.3287993378452385,1.403604770687948,351.4291289161752,73.45203456929664,0.009201532036830554,3370,1027.924130373892,1027.901728498529,0.0224018753628517
0.6714159932378465,9.37316059419761,3.7875203640385937,1.0397795159615457,438.7156507562985,79.0770726465312,0.002139308344049819,3603,4191.1779286834435,4191.1739452769325,0.003983406510980539
0.2114614240352357,8.063946850490149,4.844561802979116,1.4625558648043588,278.5699702274282,79.3931412226075,0.002523602161029476,6747,1626.5529880038866,1626.5463667660388,0.0066212378477958815
0.1634820738336609,2.800080290014728,4.141765689671449,0.8502235749579996,470.57937815925857,60.320036037387005,0.00702325057945445,4533,386.0602243022916,386.0506510587286,0.009573243562985393
0.9184865533172889,2.177581252139378,4.731567699515863,1.14034608196389,424.2139185527726,20.9000417878362,0.00437375524440159,8565,3500.711888458976,3500.7058584549522,0.00603000402382253
0.27111588968683514,7.082304721684596,1.1327261183443706,1.2179870640242845,496.3003572947176,40.91446270952599,0.006610792617305847,9584,1639.8235312614902,1639.812185026387,0.011346235103280951
0.8391251391037339,6.038948490192855,0.8202955948865456,0.9733550689322233,330.39218089750125,45.86407000035049,0.009977087504208405,2251,1801.6845511602646,1801.6703859376696,0.014165222594968708
0.5901677839964222,8.1070625241348,3.0096714285800203,1.3399661321041594,400.64303312070285,88.16292938254092,0.009881844952139687,3966,4719.546200719449,4719.521285430809,0.024915288639639002
0.17007086764789264,7.649245450708178,1.8063386736981546,1.238826975867502,294.29066299019604,87.27086536833762,0.0041834222154497926,8571,726.3097668776204,726.3000614970584,0.009705380561949046
0.9599033722942607,6.626903804717635,4.226247378361728,0.8126766061015689,166.60404692214027,28.374408323022664,0.005535328184423494,4007,1146.3219830302212,1146.3162081951136,0.00577483510767164
0.3222650502927033,9.87743954466003,3.5239454213104673,1.2258580134873651,209.639827008391,95.9868705417006,0.00914221142766454,8813,1360.579853932795,1360.5578895800668,0.021964352728244194
0.8736808108173458,5.802307570993678,4.868276737936075,1.1440347640929125,452.30243662909226,34.59659893211928,0.001829508961677018,8206,5518.850010411743,5518.847193275514,0.0028171362295528455
0.2519290052061078,2.0179518085154786,1.6465656007908689,0.9372204411924554,75.17657596937926,53.14875610407369,0.0050707351345316235,9384,60.96953090757702,60.96225267126842,0.007278236308594369
0.8685485939276676,8.454462083343895,2.686028514598546,1.4970237589416706,316.1659487334837,37.21255728886043,0.004398196134848131,9518,6856.010761473385,6856.001727118548,0.009034354836933718
0.11190593161476459,3.266680261111381,2.75558214841409,1.4280135363793305,217.6178146268489,88.82659750634859,0.003653944953948976,5120,299.079181111436,299.06932836077823,0.00985275065776441
0.5606024109125326,7.9957193332952645,1.5762955768581928,1.0047553865203445,224.01164210250008,79.95216254874495,0.009947837907301135,5197,1213.545433545692,1213.527447068415,0.017986477276860067
0.7924983214794011,9.613963864000462,3.155420297696035,1.1787496445590315,448.0570428861953,48.28230455102432,0.007601943645751402,9854,6300.074390607419,6300.061103343918,0.013287263501550396
0.9413159657435051,7.271159625679071,2.4947869373565776,1.0215514979372036,434.22006854580195,74.55029008208443,0.004498722931536298,5837,4165.633202439475,4165.625180671679,0.008021767795715116
0.9182819225858384,6.36427144854821,2.5102470019544314,1.3428470261452548,319.4790690076109,34.74935073372339,0.008461197024988773,5025,4694.806977879128,4694.791667532227,0.015310346901161127
0.8376623825928804,5.143475581075365,2.1323149158761763,1.4512320032375186,172.81348133195027,50.583767390080126,0.0054069949064085125,5257,2218.21084755864,2218.1990315454827,0.011816013157488025
0.8993722146951737,4.27968879395863,0.5761820859149078,1.0511800248400684,263.9553557729108,50.168607067048654,0.008855419711310729,5773,1273.7847350221778,1273.7707563666843,0.013978655493569615
0.2792977172533689,4.177042758746526,2.8494285661165506,1.3639089744005393,233.7320272051472,39.03493453771183,0.003397418610675206,4953,853.2905643841525,853.2841218254378,0.00644255871475932
0.3557658661405559,6.727354351386316,2.00861526065149,1.1488852798992435,209.1281131411229,90.1049639666306,0.003012402046483589,3294,857.9154163454114,857.908836994409,0.006579351002358675
0.36007167242895266,7.761458052439713,0.5059394104294835,1.0776049929181042,96.25351035078339,74.3076588383301,0.0032255801312270284,7317,332.73726938031774,332.7312106182176,0.006058762100194759
0.43934853790152895,7.106653625359729,1.885746684478694,1.4568952964691388,294.40124902189416,42.39514484510394,0.0058463251851254725,4467,2468.785065574318,2468.772937091118,0.012128483200280711
0.45398860334666985,2.7856909107420647,1.7538274989039064,1.157283282103322,185.82408404351762,39.36966085032299,0.0036218205203962122,2032,512.9098487581429,512.9040071173594,0.005841640783545797
0.5900997921892079,5.4458846212914205,2.270516689506361,1.1271873501802254,347.3635743173878,21.436277679939124,0.002324077157317457,2471,2009.6361891379001,2009.6330079077122,0.0031812301879344824
0.24389178702979725,8.124760649647566,1.0933339533952862,1.27070408137364,193.64177112148883,47.726580303388374,0.00995165126655159,6113,702.9715900815955,702.9529091634237,0.018680918171839478
0.7221219974073904,5.281336703701506,2.78457721085788,0.9828639407127991,244.0235719106608,62.14170266522545,0.009103899046972692,6690,1373.053090805472,1373.0385825376368,0.014508267835329259
0.25080988537405585,5.829609517619445,3.6159815863315847,1.0273550095518211,73.5621683874834,42.216875352670115,0.006715111937437718,7805,183.94693847481338,183.93712721148626,0.009811263327115063
0.3792776338940928,7.9402244335373995,3.335835060745576,1.4524320853670358,496.6421314574649,76.0366621143816,0.009023885865315514,5071,4480.763846393964,4480.740774005611,0.02307238835308655
0.5530106175455387,6.951387756385824,4.1168972640613575,1.2749708918058598,278.4246724738291,52.9399623209013,0.00941916463757037,8739,2770.288122923878,2770.2697561179702,0.018366805907798503
0.8167965053711296,4.684104287941533,2.5340372959418653,1.378646003439704,60.90691737387777,45.305426960853424,0.007084974626792521,2148,682.5279652681685,682.5137723107321,0.014192957436458178
0.7655223099148546,9.05871440074797,2.8359127865287768,0.9897782333548008,293.55379644251485,95.12461270322649,0.005668118008221775,9232,2618.6291681820667,2618.618221340404,0.010946841662557662
0.68098092076947,2.4631036179713073,4.146808733865425,1.1806531329509105,441.6592996875424,41.02407018305112,0.008938016129932096,7480,2771.1817138872134,2771.166832044748,0.014881842465523477
0.24019593452215315,9.959648037312922,2.4246552686865734,1.4799773868926487,397.64846041979115,51.860609607732506,0.0061101729722161865,4756,2590.890143963576,2590.8764113334346,0.013732630141267447
0.5923408110540199,2.0696732062861347,3.6571970745481863,1.0230927293197523,365.40800785825434,50.583263081661755,0.002141204885684866,8408,1297.4725042547698,1297.4692055007845,0.0032987539852012055
0.1787018516198969,1.1345497399381501,2.4557106592309634,0.9123335334219294,112.7590945695657,39.295867653699865,0.004301704004117553,8261,60.22173772516865,60.21627093512861,0.005466790040039233
0.4396268591169857,9.010170110338882,2.379812875302032,1.1576202057572649,345.98168554436256,37.39813918483334,0.0050132885656183936,7663,2321.6358007723857,2321.6278268931683,0.00797387921741716
0.47216487726096323,3.204581575293605,3.920925310381221,1.0714747621074134,394.83427010551713,44.19040150507229,0.00941832114522036,4796,1525.0789217947656,1525.064370829902,0.014550964863611845
0.13583029550117845,7.567296647020488,1.2867661195979503,0.9117040629506995,307.58857878447344,89.13889359449448,0.006932669250752402,4447,307.49220618692607,307.4802515823506,0.011954604575457755
0.34658928952297463,8.299138374388624,2.023636873737081,1.4219859678923576,451.7370520341582,81.36663097834324,0.008877498065163018,9276,3268.0672676318545,3268.0443724929432,0.022895138911338736
0.9600845205398405,8.730877519289052,1.508775245361058,1.4935067373876445,174.64540180319844,74.47996113280418,0.007818325307559427,8832,3829.733338972329,3829.712965433156,0.020373539173046334
0.9582693470467206,9.9243481209775,2.1159947433541872,1.1980075264829984,158.96511488266276,56.568239411399475,0.003788747978704147,5457,2632.379767565493,2632.372661013591,0.007106551902095052
0.41709434882728535,3.6463573903599915,1.536686700647108,1.3422737378614178,441.3063852241907,60.62031877060828,0.00746838093757765,6370,1718.8804604883042,1718.8643589252017,0.01610156310238437
0.13879009805349166,7.392190077345332,3.107325339889946,1.4013268586824097,331.4292093461536,41.371107639476826,0.002757697623314872,3639,948.4182727205679,948.4128095249474,0.0054631956205051435
0.2611854453953634,2.038598724527454,4.091768611780304,1.290687404215279,50.65124923444969,25.945273106873408,0.00467331230545721,8687,135.11146237329018,135.10386562478485,0.007596748505348119
0.45299601409018614,4.661283622211645,4.039758775480559,0.8309092343782118,208.90913382997363,46.48324453763858,0.00825482671440339,1930,568.50978033095,568.4997330280024,0.010047302947571626
0.9530017281723069,8.631745239813313,2.140254340469566,0.9103439622017725,436.0351936166035,59.646700479389295,0.0065073624572370556,2821,3709.5710983914514,3709.5616410197,0.009457371751497648
0.22707915718346644,4.308922414531975,4.949421826524178,0.8496924338059706,62.29378023878448,24.585043721546597,0.008428712553573536,6902,94.5626788781848,94.55375632997429,0.008922548210500064
0.787164259301391,6.319858424820526,3.1723446411761036,0.8069157246494396,51.461567717678996,27.058664164568516,0.003292332241150462,6827,250.36730393494975,250.3639284504439,0.003375484505843062
0.19781428543722288,5.533960993521706,2.2973013580023265,1.0141974861300656,176.5666807363084,41.042018630765384,0.007747739491845655,4809,281.3586972082201,281.3476144960449,0.011082712175188261
0.9831318196521491,6.813563780008406,4.259926756586415,1.074649172337092,461.30001665417507,49.36642988742093,0.002820919252976529,6531,5799.806679656739,5799.802151615597,0.004528041141945986
0.4434548491982215,9.756049504489255,3.784433056891884,0.9687208126351481,455.66491166150735,51.465344889496414,0.005907737551582065,2924,2567.602943206396,2567.5942749229825,0.00866828341346771
0.7977110850091504,1.501619738512619,3.87173901570847,0.8452232536604247,283.4428756106786,29.430885303040412,0.004901811350089882,3440,867.9657067377783,867.9603442544916,0.005362483286661916
0.4083319745300186,6.165653657514667,1.3826270738024222,1.1709041635856743,298.9565920128302,38.065708362783106,0.006008282719937264,8013,1263.326500651737,1263.3167875589838,0.009713092753137847
0.6649019894429279,8.767259013252563,2.6074593831584982,0.9913235239699992,199.40360509273498,40.931780165088696,0.0022198008162544526,4442,1482.050576849977,1482.0474755886999,0.003101261277151123
0.27281447626603306,5.332444405735847,4.378226588710712,1.3572260084044936,159.68149791251443,25.410790096099696,0.004251050879617106,2207,779.2550562402146,779.2478204930968,0.007235747117708533
0.2314189173672663,1.7067446734741554,2.768171034329408,0.8056368351376969,416.84983439545323,46.087976047175786,0.007002134477795564,6582,280.1913689785593,280.1831278965829,0.008241081976397053
0.9442577256113182,6.044854171750938,3.5755373453947263,1.3897689359013272,97.83268722483865,25.77772582044058,0.0060267771467292465,9253,1716.5447970240039,1716.5342620984518,0.010534925552059373
0.9258825501139901,3.988665017414384,3.1457017986541906,1.4683275752621698,269.3094668953861,76.27662744877361,0.005940727830206377,9354,3835.3994826662783,3835.3841061715443,0.01537649473392467
0.8987220461915941,2.394476068041423,4.29060554473272,1.3012945442074988,335.478766773688,50.88382132458484,0.00559747100918129,5647,3413.1058970801855,3413.0949067652787,0.010990314906780587
0.6628901051499342,8.641310619551257,1.7805237789272117,1.3135508456837965,96.65613066696315,46.14019115026998,0.009494964190349908,8402,1152.1678619970348,1152.1496352195954,0.018226777439304818
0.8274413900946505,5.694395616920095,3.089638750488642,1.4534936181219131,283.82319296255577,30.12177372028855,0.009411127281457609,1238,4358.200249800794,4358.182450425875,0.017799374919379392
0.16213324322023742,9.3994877114116,1.054556006044118,0.9463498997102444,309.88457956059943,38.120292435591665,0.004241304755184649,4786,470.39743700958707,470.3918931948444,0.005543814742652785
0.4013101377016112,8.254148541427622,3.6059484951476053,1.4961958977460037,384.1232272283142,38.61641671512989,0.004167055104257843,9629,4092.7647137624986,4092.7560714021374,0.008642360361190355
0.3823328122814406,7.236746143963006,3.793855272587204,1.3414368423649794,155.6762221163898,98.81633718986424,0.005994086109157551,9720,1181.4337783106091,1181.4177921093558,0.01598620125340226
0.672080789757352,1.0452295302878074,0.6927679453504929,1.3085994958294556,181.99737648084124,86.82795036067947,0.0018604565572528703,9296,364.0446679913479,364.04011949205653,0.004548499291361784
0.42036199612357644,4.8504111097442495,3.541059336325933,1.052763405296705,306.28451598486504,21.220983330674528,0.0037270603069076433,8260,1197.429194241324,1197.4244378782055,0.004756363118551536
0.23365610347931273,2.777376534868291,2.3661056937460385,1.1820442397839275,492.4068844917264,69.34692726147838,0.0030778080922105547,7632,826.854678151053,826.8485171314719,0.0061610195810618855
0.6368203678721893,9.19718119943981,1.0584359424935705,1.257742451791343,147.87193226905148,40.4728077137539,0.0030105070150278565,9342,1527.7399803705348,1527.7346614484788,0.0053189220559975905
0.8329455286021734,2.5712558620872423,2.389583964643104,1.2342400029220513,493.6567222055588,28.35015430556674,0.006746549733057412,2793,3107.4030774963903,3107.392389956726,0.01068753966394923
0.4439111450139759,3.5745404649335697,1.3740481836301177,1.2934892469343064,371.45413987451656,76.44798104958038,0.004459153009097345,7956,1365.2478117101107,1365.2376344261788,0.010177283931896229
0.21904184358863354,5.651530909610493,2.370017894554924,0.8576672173548875,421.7369313335104,30.52844395746794,0.0025404793728247567,9822,545.0882702979851,545.0854262321576,0.0028440658275131194
0.27701937758154077,3.3702725709827135,2.2295256258133747,1.0489539029821877,90.33857070635266,55.49926236237886,0.008988146604889837,9107,154.20904141865475,154.1943807126773,0.014660705977468422
0.3137349746524456,2.8887820955120906,3.8227623662122587,1.103800011616834,185.18908434378451,70.57321318719394,0.008867338191440149,1206,475.1129211040744,475.0962257936997,0.01669531037472808
0.3699078336950826,6.391893925924772,3.9839700117486148,0.9824405085124766,75.98132584294147,64.35958049239909,0.008762166311790118,3822,281.48743683719425,281.4732882597128,0.014148577481477187
0.6785155634556782,1.8003657047952148,3.23162894473046,0.9208390891884567,217.19614775142884,98.21032786421944,0.004516704480320135,2500,628.8184699651562,628.8102260843691,0.008243880787061605
0.6408509360839472,1.5235098284883226,0.6020907898210139,0.897249235939004,491.58034696402336,82.85940904980181,0.0015128420815940717,7707,539.0901497869582,539.0876676599195,0.0024821270388069193
0.7264718754103353,4.350207656674643,4.689600255819473,1.0564683745796095,97.37287799285231,81.93547009019917,0.0019606781610499247,5321,713.7256575646256,713.7218889633594,0.0037686012661952047
0.42625178607836184,7.485980090570761,3.5880497604340147,1.1454091903937962,303.06775206703975,48.447631526482496,0.003484432717941693,9995,1876.8705815339042,1876.8646568386143,0.005924695289976703
0.8415978866919805,5.993260824465532,0.6538795246453497,0.8440835081026625,52.731780266215544,20.671639366731334,0.002979730036977892,7833,210.17885416623926,210.17581910438292,0.0030350618563427635
0.28367889504018423,4.8058882162010095,4.184748046463531,1.4625206662133847,370.7072672198282,78.75287437365506,0.00886587058133952,7249,2022.3557529546244,2022.3325749292965,0.023178025327868057
0.5221366727663386,6.091764078021241,1.4011976962309827,1.3356703260025309,138.73671156741847,99.97856674365379,0.009877223623503337,4147,968.3659229796801,968.339540378314,0.026382601366091992
0.8208448493872873,4.289063361879462,3.1064953530699806,1.3115962412298265,108.31304170614331,52.470328619489244,0.008350062960986223,5611,1131.1483255747703,1131.1316271597832,0.016698414987090963
0.26214278295935733,9.425317018889016,2.599854664775842,0.921002367492109,201.65801547235444,98.8414799165694,0.007568640124742697,2846,539.2340857374954,539.2202250239187,0.0138607135767433
0.19887680236670466,1.494144018196969,2.389274520597845,1.2226605376085322,396.9699340725417,31.336648762747714,0.006297617259345829,9134,458.3289776848607,458.31886496240116,0.010112722459569
0.8953155709191908,7.060523311268517,4.503711740559789,1.1708074627660672,97.97588884004486,43.72098813093739,0.007929174692618855,7418,1390.552503218046,1390.5391608270745,0.013342390971489235
0.40863669648327633,9.021543983449755,2.4681258120317664,1.4877281920506857,153.42754810941292,33.65815453939766,0.009523299809731519,4719,1594.4121706192036,1594.3932338227924,0.018936796411274236
0.7154831124181288,8.234962378617281,0.8390485290791783,1.3233702390561106,53.80898972778929,58.01407783414526,0.00641210202916373,7094,611.8229559800843,611.8095475612054,0.01340841887897667
0.12281374383754463,2.6563693133930206,4.759874272467287,1.2030333186013618,485.7866882130281,83.75851212057763,0.0023915191961785052,3065,640.3766127788408,640.3713259044475,0.005286874393241651
0.7210421995685047,3.663337140822595,4.642408540578324,1.3955688665290855,316.4655199949887,47.25293532303631,0.0024747248554184776,5380,3691.2108516598946,3691.2057660604232,0.005085599471485326
0.3844911803922735,7.453431448363943,3.5799471031171946,0.9085659896024967,373.95483637311474,92.49831497214971,0.006254765228157276,5745,1309.5757817928609,1309.564842369722,0.010939423138669144
0.15016676822869757,1.7584350326268898,2.6055163765941125,0.8106515707836841,343.12242702020654,63.58643306638281,0.004001216858063271,9185,147.7702124187366,147.7649063410847,0.00530607765190087
0.6488314853933054,8.306755298493256,0.9178676282458457,1.2831633333901662,114.96405149135346,57.23395309935018,0.009192226377204725,7400,1132.9574275895784,1132.9388816438034,0.018545945775090826
0.31672343446585594,7.470162501443113,4.058366533598643,0.8688180221660663,317.72297254729733,82.96286737562211,0.0065047810045237514,3404,875.7204326709066,875.7100925775765,0.010340093330075923
0.448126517846692,7.566459843118083,0.8396506149081303,0.8808035479884565,109.13701781356795,28.115479763342766,0.007088433520810244,1255,318.96043944845457,318.9524405361901,0.007998912264468552
0.17252273105786223,1.9021723324083224,0.8087044320281555,1.3212765084971714,230.55640428340755,81.90019769685398,0.0010523863909081231,7477,188.2463448723068,188.24381556203383,0.002529310272973194
0.2324469259854508,7.459844903346077,2.9182272909771565,0.9893743908937924,306.0334111663819,39.43616001382614,0.005489636968563608,8535,722.6620001580199,722.6544269531713,0.007573204848493357
0.3681795119462594,7.11836312697973,1.2205770808308811,1.240041850898225,301.49650134597016,42.465003774659,0.004880482492500206,7140,1423.4036343466003,1423.3950123609486,0.008621985651721092
0.18078355050414144,8.478302417396655,0.5347862030315704,1.442184848264924,103.58304169223344,67.95630186560639,0.007352846710907798,7158,351.0630349908221,351.04522462892555,0.017810361896496516
0.9197436382176837,1.3743636063082256,2.404010439481038,1.021532172146501,65.49618634093498,92.15475400369641,0.004443747943000291,1178,237.52416592002794,237.5154431866177,0.00872273341024829
0.10544233886558058,1.2079960162101298,1.1174775422452967,0.9520009104879432,409.2054412432162,66.27255598166919,0.009789175286984461,8612,90.95290188269865,90.93740643809375,0.015495444604903598
0.5354741969778802,4.357063898907047,1.2223193687631106,0.8745940186187362,376.6650966482024,71.91594790355896,0.007031828634007617,8939,860.7924764177635,860.7819035951106,0.010572822652848845
0.2109227123192963,2.339094554642376,0.846097874309006,0.8913236529938083,86.81850705413213,82.12756716842193,0.0069392649982833055,6522,46.34978907320309,46.33852424453678,0.011264828666313538
0.3769111805301537,6.025460298131997,1.4229218917562447,0.84355588676519,107.33698346069905,40.74598071939894,0.009274070302821845,5183,214.43732492542352,214.42631409064776,0.011010834775770825
0.9334536038364389,9.25614011356074,3.719678808984752,0.8613496651808181,451.6626993753291,86.1786938243314,0.009956843505085113,7237,4058.844617911195,4058.82865062353,0.015967287665034795
0.24552509794658817,4.523317573006142,4.140172882480061,1.1024032121664078,396.108005729801,53.43681192537198,0.00278038620335902,5940,1023.9655578766561,1023.9608548746817,0.004703001974429408
0.9692490877464994,8.604553395453436,2.536401398131853,1.0246055315167788,498.27213329750333,34.052455479293,0.008294798288932552,1027,5648.572149844808,5648.560756865751,0.011392979057680705
0.28521493929047953,1.0021678706607982,2.7794921714663796,1.2945925700260985,164.29435214225975,48.009446356889995,0.0024608754578982475,9245,296.9959343564497,296.9912190255011,0.004715330948634938
0.7674094976201467,2.516631791132658,0.6469476556739118,1.4091691607729013,269.51134499096673,39.69048893745803,0.0051133910774878895,9512,1299.3094329203873,1299.2993673363999,0.010065583987411603
0.5920095384075805,1.2738118568867707,0.8119231761709258,1.349341242199669,156.40680922806007,38.29708841085167,0.0019016686389922313,4630,351.6344918340548,351.63094313087186,0.0035487031829495534
0.8960308548370832,3.9533246246356177,1.659054765422826,1.1714460796659565,330.26006231478937,42.60505589753329,0.006610338806204484,7903,2279.1491947919562,2279.138151947731,0.011042844225469755
0.5985939299528179,9.173706361268525,2.947542893209164,0.8717094813628574,101.93640759109309,34.47446517936716,0.005216663470645676,7773,562.0271291142883,562.0210140022762,0.0061151120120874515
0.5811032972406778,1.8725691123908899,3.827980169307468,1.2968370987590876,107.25942773436489,73.41614056661143,0.006658290534931436,6921,597.5678921109366,597.55291811592,0.014973995016586564
0.2759122003315599,6.457687990694203,3.222513776021149,1.0539801073088115,82.3495511323052,66.39934056280937,0.007101646773538718,1331,244.34503372280625,244.33257874143615,0.012454981370093196
0.24960642584649287,5.0634634520749975,2.2645753474405472,0.8599552757407871,362.11373701887516,71.87535143867427,0.006574890250281143,2717,489.8339345069951,489.8242164828838,0.009718024111298023
0.9248402360039628,9.446213911292313,1.0324583285141218,1.389726485048838,272.33265984494307,47.497977906252835,0.0036462621034663587,1316,5097.203884014591,5097.196409839206,0.007474175383811868
0.39505437896503065,2.1026722828338444,4.013479556992352,1.0367515620277539,327.9790473595835,81.57867220592354,0.008532632415193019,7244,851.8023332890534,851.7862704402648,0.016062848788560697
0.43487402946660636,2.9082506545200606,2.1370372321957567,0.9527741827581,445.6854709652115,30.36869927633318,0.0059651757943761175,4551,887.6903274452068,887.6829179851704,0.0074094600363851125
0.7838412925855496,1.2658777175034395,3.812243065172553,1.4100164452331903,383.14781813991135,65.69093675690881,0.005408660558951229,7098,3032.129090629585,3032.11645454112,0.012636088464634295
0.40494113418052663,4.905417246682363,2.8084047886145385,1.4314937079129035,257.7753131750109,42.036237779717915,0.00988357423811387,3917,1650.0116454572694,1649.9915497806953,0.020095676574127985
0.9568562019751025,3.5004960960818887,3.8239792410282134,1.037279586034092,492.9601947774019,62.208792055808914,0.003551571160358292,8792,3717.29827127847,3717.292295551563,0.005975726907462372
0.7641349920989203,8.829153405012889,4.582803026536573,1.0483609934969613,255.31524551388796,45.89097401921913,0.005752272744056559,9339,2875.822029888337,2875.813231993885,0.008797894452101761
0.637686318316078,6.444467318779796,4.644632822242109,1.205739969308201,100.60280295508994,83.24094120730362,0.007140921207471924,8463,1034.2545164164953,1034.2387391989955,0.015777217499795698
0.8928056444902772,6.526816641781315,2.9079805100027154,1.3134090456674608,496.6946362637222,91.30174710704756,0.0021270333963991023,8574,7217.375355486632,7217.370011156863,0.005344329768266875
0.1446453175145345,5.787196271931722,2.8017876414453746,0.8442044413348044,60.26932850668128,79.4064978697305,0.0041881575173188185,3628,53.36904210197391,53.36269889607948,0.006343205894429151
0.3313564229702879,1.826653035062809,1.6955530947627677,1.2153405600319303,297.4476017694885,34.04669702793974,0.008215198443975936,5573,512.7763101778522,512.7629266019017,0.013383575950577245
0.518532700798819,5.0051681535281975,4.711099241881811,1.4669740432485072,189.09296991486917,41.98935187106898,0.0031308241113984707,9048,2050.2047320039583,2050.1982106634678,0.006521340490384881
0.30428068552436893,9.995546707376649,2.560636252398294,0.9834657280259677,276.59846795764315,93.54864524147327,0.005439613284132461,2209,1022.1265077022977,1022.1161534822194,0.010354220078270249
0.7695146685719367,8.517063617614134,1.0741605767931972,1.4361790498678537,301.4208286675347,54.9776102126561,0.00667567545384674,1169,4588.627311458986,4588.612453034491,0.01485842449424745
0.9272872279483527,9.041131487504042,2.4471721158194746,1.4651178385341657,158.04315332531942,95.29443274794134,0.007040461179768402,5396,3614.0437163471206,3614.023571520804,0.020144826316560352
0.4813931079378311,8.409037233218495,1.0717396260710177,0.9884075486797629,300.5864400817678,51.39613510898134,0.007554793978430434,4435,1340.2596679428066,1340.2483628672953,0.011305075511322378
0.40791934010070546,1.927375240878844,2.761392579156838,1.3279413061197454,390.2275004024919,96.1419728472531,0.0087937958533865,2877,1316.1828089168503,1316.159904154053,0.0229047627972866
0.9653956589238096,3.0470342865831967,3.025739816852955,0.967142505823692,169.92942675979927,94.05911901866648,0.004535734987302739,5052,931.8499144532882,931.8414016578363,0.008512795451896149
0.5003671895447868,1.0280948622076866,2.019900926721134,1.316327813212493,222.54175999125817,72.8421511989293,0.007359687333674706,4035,588.1054256391388,588.0886811043921,0.01674453474678382
0.540143560404355,3.7315911239030033,0.822427764041681,1.358193979902178,170.70921192382605,20.70616387692023,0.007589571829932265,4248,774.6251014708712,774.6126589457932,0.012442525077985767
0.41648488510771486,1.9774666211184333,4.745765910349576,0.9730439925974547,419.2518789446911,52.026774558074955,0.0037024671711429124,4873,1111.525642143748,1111.520165130724,0.005477013023992884
0.9185936257109245,5.255140107714247,3.9800890106754334,1.3011086805082646,376.2420166443185,92.89881037564767,0.009713421551904772,9714,5403.404790590273,5403.380411619836,0.024378970435928436
0.6120599349536657,7.094147397165117,4.274964862273045,1.3684731772048628,442.0383967482833,90.80882312864918,0.00878697256169856,4552,5760.428764076827,5760.405819819086,0.022944257741113264
0.7859571284634802,8.870547655342694,2.1509077742880325,1.0510052104748382,126.52245180574668,34.99102400768909,0.003608751958296077,6605,1210.6454666717223,1210.6403467090647,0.005119962657526319
0.8306260465157977,7.742954485818084,3.9237396350875273,0.9173919431928089,83.11083717188819,51.93459967752821,0.007075618090182889,3706,677.8399732920434,677.8301110424094,0.00986224963398446
0.4076641377255324,9.447270362006547,2.684178028261374,0.8643751971222595,103.72257673640301,86.84079423035773,0.0074602057101336465,3532,383.27165831240126,383.2596100392719,0.012048273129407374
0.4903248981883421,1.4850846135440992,1.4048756978272068,1.2027671925269594,122.45824977090638,66.23022826000435,0.004883352726478414,1821,251.0405694873837,251.03080589433767,0.009763593046016351
0.8636245969656382,1.109618518748873,1.0599051960824597,1.4846686835209992,289.8871973036611,87.78393867569605,0.008773689573468699,4508,1197.254309882484,1197.2298491050406,0.02446077744352921
0.42692981650822925,6.9520430245259135,2.0527289119492558,1.3760652240155513,486.9104316632442,86.12539075588504,0.007212064181581358,1194,3544.5294241583238,3544.5109525706785,0.01847158764543856
0.8145416201066662,3.6041716920002163,1.1189845016381286,1.105087747254187,210.75593747755192,92.59856055619865,0.006923392166374464,1465,990.2056424431299,990.1909068122892,0.014735630840697615
0.9468930903169934,3.2815091449519582,4.992210392918309,1.175634631998471,481.3287212120923,29.377647055566534,0.002987563350562464,4025,5211.810787759535,5211.806243650509,0.004544109025978573
0.6608893357612063,3.9779837892441483,0.7213504560440993,0.9956695197882733,67.19035774513087,31.617211316281253,0.004670580802146243,9145,206.8784754860387,206.87235481854455,0.0061206674941350295
0.7674645587067,3.4281645210312774,2.4851461971608444,0.9141461071520446,467.09249126659626,26.624722317524203,0.00490530240219115,3537,1771.43220159105,1771.4265235319822,0.005678059067772871
0.8245875808370214,5.602927656714286,2.5344208507567285,1.1374568107625913,131.51867328723702,94.82150728763453,0.007602949869211186,1099,1141.782453638365,1141.7656054215975,0.016848216767554745
0.8605356840069783,4.961336025017192,1.85284367861754,1.1244510963170296,460.613743573707,58.01299075023145,0.006565550907317972,9307,3415.0886886063654,3415.0770230746584,0.011665531707182998
0.4555480040711164,5.611856962389907,3.071082045681254,1.165350966962632,75.30234355195752,25.146022678595852,0.0017727453156364036,6714,404.50663399415265,404.50404863942856,0.002585354724087536
0.14613711325839837,7.054422503503925,1.174896608681951,1.4669632098947585,476.69875137276466,45.7223922011233,0.0037692815669851604,7275,1233.7004498017639,1233.692392231618,0.008057570145916664
0.4616886441130656,4.484174580740335,4.0276057126425515,1.2227267101013406,140.35921894348738,48.113011290397345,0.005257427540153911,3690,824.6589058081676,824.649384515675,0.009521292492549203
0.7063806068056808,3.261769184279411,1.9960147321143724,1.2240402856356616,186.22132703292232,84.76478587814059,0.007630596512712938,2434,1036.2620026324732,1036.244745310403,0.017257322070208293
0.5053153472027135,2.495804831278709,3.161041654093888,0.8896173340027538,270.92405484633116,78.83815137367384,0.007692122170717067,2902,612.914072919931,612.9018349443649,0.012237975566138102
0.7740668357743588,4.14526707579363,3.720376562301317,1.4975422063237742,221.32439655596383,75.15096396500552,0.005414889777144731,4023,3022.053855964766,3022.039652927587,0.014203037178912971
0.4212841865217975,7.676258277215548,4.500689529605725,1.340991460964268,350.3875861684175,21.749084207310297,0.0020523914403460983,8057,3232.3232670138627,3232.3199161876028,0.0033508262598961895
0.6712697269936266,7.810344191003226,4.2610434640349,1.4140423408658034,488.6634952625348,92.8556637141103,0.0036361306303555516,7813,7917.526528360841,7917.516612411748,0.00991594909364564
0.2677778243685771,7.002148480157892,3.237390626466018,1.090010288281696,322.89192086222334,37.24442135325933,0.0032922314402236237,7062,1051.9023466504939,1051.8974215436585,0.0049251068354351
0.7744324929804612,3.1062535777618714,2.2477693117274913,1.1514896670499375,374.6684342464472,70.32491237541423,0.008029237692774171,3593,2059.843881859314,2059.828134326063,0.015747533251146518
0.5911263719317232,6.29277621269228,2.7644210153373376,1.1654586664135935,89.60236263756568,24.945523440913533,0.0026198768260508824,7518,651.6132627678448,651.6094477335195,0.003815034325363707
0.2836579496919405,6.136206954191632,3.9593065702046117,0.9358661775027237,332.5155930815024,26.522087349764362,0.00518429100155673,5939,834.0000776355021,833.9939390335751,0.006138601927011892
0.36272005614802655,5.35839578298753,4.448954941517629,1.28264240942887,254.2323996708859,20.766183690409772,0.007036469231629512,5393,1487.8821907120503,1487.871291233255,0.010899478795202111
0.7737478377236492,5.949810877454778,0.9670186767950234,1.4320837065322196,448.60206106383276,65.27421156362645,0.009683075376550334,8139,4923.870422872589,4923.847504339857,0.022918532732741758
0.5343411120953686,5.426115693613013,2.2318531812187405,0.9145940726968933,224.6949948393959,70.35037356935237,0.009993165222019961,8224,769.1147529637225,769.0991834682103,0.01556949551217626
0.294428296353765,6.089107294666974,3.9925246928607523,0.8604227914403152,355.7543648224636,24.0369842586583,0.009576299291998953,3926,781.7900026523214,781.779782418893,0.010220233428375504
0.9705440713332679,7.439553591590159,2.4424329316728244,1.3167532338782395,152.66917771658558,43.238790781123114,0.007464181107281816,7862,2538.7625326531643,2538.748454450655,0.014078202509286458
0.7436125178351991,1.9866537496309578,1.9950249382982772,0.9912412821710874,166.71764008588818,88.11635313424134,0.007717967497198826,7004,485.0272117396367,485.01282014635814,0.014391593278581204
0.9614213492858166,7.746631769341214,2.350952135704713,1.2367037791321305,219.2550939150231,28.10466934583313,0.007832890878481158,2826,3255.4719354595704,3255.4595260041256,0.012409455444895065
0.4843945408243089,2.2229753511483477,3.212801360538579,1.2870308365945264,186.82859187792621,37.3237731642665,0.008763443888916611,7552,814.8737896928732,814.8583011882205,0.015488504652692468
0.5275903066225485,1.5996519856933724,4.999123148602107,1.0253375345072753,164.24547772553368,53.95129667779416,0.009566069165669874,2025,601.1712155091628,601.1561152735529,0.015100235609914718
0.9081596945665172,9.784717175993208,2.718465930970393,1.3706012181980491,72.35091765536419,87.38192821064928,0.0050113553006829485,1785,1543.3083551931632,1543.2954847348565,0.012870458306762284
0.5725444062208462,9.612925919833973,1.4382251372941726,1.184992287479952,426.5358492886066,40.387924358016335,0.004748597902379143,2800,3789.6943342937834,3789.6864345924314,0.007899701351849966
0.7365510207151005,1.5439289044650764,1.2328095887559263,1.408299585566262,78.93568890107794,99.77096122906737,0.005144180161407677,6186,320.19972375012964,320.1852512493718,0.01447250075785118
0.326955589745977,4.989280973274659,0.6905738636438643,1.3343054867912632,449.31448202133544,48.42094505108227,0.006938354543109348,8236,1485.5626795295593,1485.548938889839,0.013740639720327293
0.5020538218323765,2.6762044446979725,3.0146775571324467,1.4080029424262177,106.45942508062711,50.91589267868984,0.007979008566499883,9552,603.0222132160185,603.0052586190438,0.016954596974595764
0.21110487922931961,5.3681040742097625,2.950574411699754,0.8141129674825259,79.36778167819656,29.768496338463546,0.008834899518111963,7601,92.3868321298993,92.37749839290284,0.009333736996468797
0.2853820322892655,8.471595186996286,1.4235526705113912,0.9704543825170163,303.3521437913137,74.41583206852246,0.0051058967885434505,4397,806.7721287280735,806.7634863539763,0.008642374097286663
0.10084907374086799,9.555505972686012,3.6289823290365515,0.8630055583121571,276.0988066586248,39.477214622758524,0.004270353635621165,2226,273.42301809558313,273.4178778875032,0.005140208079905587
0.1353385464837942,6.708273881063836,3.8349816873335634,1.1094581120325444,271.0555559743483,70.3094076236037,0.009850173532320039,3640,476.09470749063166,476.07609547408674,0.018612016544902247
0.9795554408592364,4.185151004906354,1.6659419242195006,1.4229720851307228,308.526947375629,37.852618272234125,0.0030869885890650365,6050,3580.573677530029,3580.5676220800106,0.006055450018235598
0.31811832562308606,6.429930090801386,2.0484489381338142,1.1272781835868084,179.17547275362008,51.029781378117434,0.002998043517272296,4649,614.1096033000331,614.1044990536668,0.005104246366308515
0.6969796385536018,3.808011754976053,4.957122525562655,1.394799131206276,348.32717304332505,88.5337673563534,0.007438667093438461,6911,4139.914846634797,4139.89528541482,0.019561219976565278
0.8551897289196504,9.188412767488543,2.184190105328304,1.0290247666135226,276.0809988682325,79.1124729179256,0.0026169156604237812,6637,2843.2251990573004,2843.220375789412,0.004823267888439307
0.5955944133129079,8.833604167952533,3.9236075229024583,1.0376990509636768,200.63456013079636,32.36727199549787,0.004594680997715103,4203,1641.5595065379548,1641.5531954039413,0.0063111340134583745
0.23783005007556057,6.024085752516949,2.53726441983473,1.4268932112288144,421.9253001413276,68.6166533899281,0.003631481400828268,8235,1749.1605297245262,1749.1517924544298,0.008737270096349177
0.7553047936025498,3.9231902384232447,4.070051725374392,1.0980720025581912,377.4744933470196,70.29125213390475,0.0025183941108125377,8293,2747.863737480473,2747.8590282835407,0.0047091969322575165
0.6402262690896248,3.640507080246805,3.9606045745219154,1.3528358414562665,227.12465387507987,27.245477880148883,0.006217365151881042,8850,2022.8672325187965,2022.85652980696,0.010702711836621357
0.7581255304126376,1.3007619523455352,3.50490211339341,0.965650483517331,431.42800335299273,57.26445234687486,0.004361603416791661,9527,1465.6988565474069,1465.6922329076601,0.006623639746706
0.7927719605713784,8.342387659227658,4.346502558330107,1.4641605807743447,464.11621255029837,40.85347165340863,0.005160107555636015,8855,10008.67398305395,10008.663341255731,0.010641798218630842
0.9778693309162706,5.053448917351072,4.726483226949584,1.2022047725713998,291.5898201879631,57.370411421078636,0.002762767043429644,6938,4030.384535553706,4030.379308634409,0.005226919296799995
0.616206952024039,3.9261963556023796,3.1099249420343775,1.3315264980048813,146.72860257061436,82.16567930583,0.00791080122404581,2961,1127.9288579588206,1127.9096696436484,0.019188315172159742
0.40747700142154164,5.239993194979785,1.5686100825023557,0.8626609898564199,462.1064704461441,32.660764784825574,0.0038324087510567123,7947,954.0815462696625,954.077160412544,0.004385857118466128
0.6836181012102134,8.368641914091867,2.2938303273983376,1.1448649580813701,135.26582904298274,29.864336447043502,0.00408446361124209,1843,1292.3201980892159,1292.3141254260204,0.0060726631955949515
0.16159663831836352,2.1215278693676907,3.9123757108098194,1.4307269484138163,71.79045188777111,41.54531960846184,0.003269385658901014,5140,143.2949735663587,143.28835264508328,0.0066209212754051675
0.9076575864894277,8.718903894176446,3.4289756830574127,1.4139270403303132,197.36915399290888,96.18203602772665,0.0049096321490713045,2124,4350.6801797521275,4350.666561066597,0.01361868553035259
0.2074429102043771,9.077579515975186,1.3000925235436194,0.8327697700639594,377.13485500746793,79.82593689479731,0.0051721896451480485,7562,563.0553481725694,563.047602632164,0.007745540405500457
0.39505855409723645,9.520371235304994,0.7305779351589112,1.0125889283902627,465.4733388590973,21.55646902516373,0.0057670022469656365,5711,1932.8061762433838,1932.7990778286273,0.007098414756390124
0.8341708425635088,4.57739193180365,3.573327170939292,1.1103240045353562,336.77854106649795,52.08038739867013,0.009708114537837459,1764,2822.9118923963174,2822.8954994192695,0.01639297704779416
0.6375811404976407,2.954263636339047,1.629855608132054,0.9205853700490518,478.327346134997,40.59183832643082,0.009142226272411333,6575,1184.8109346113897,1184.7991021214355,0.01183248995426927
